{
  "type": "FeatureCollection",
  "generator": "overpass-turbo",
  "copyright": "The data included in this document is from www.openstreetmap.org. The data is made available under ODbL.",
  "timestamp": "2026-05-13T15:02:14Z",
  "features": [
    {
      "type": "Feature",
      "properties": {
        "@id": "node/729602712",
        "amenity": "restaurant",
        "name": "Nhà Hàng BBQ Chicken"
      },
      "geometry": {
        "type": "Point",
        "coordinates": [
          106.6841501,
          10.768208
        ]
      },
      "id": "node/729602712"
    },
    {
      "type": "Feature",
      "properties": {
        "@id": "node/729602781",
        "amenity": "restaurant",
        "name": "Nhà Hàng Au Tresor"
      },
      "geometry": {
        "type": "Point",
        "coordinates": [
          106.7048299,
          10.772698
        ]
      },
      "id": "node/729602781"
    },
    {
      "type": "Feature",
      "properties": {
        "@id": "node/860695706",
        "amenity": "restaurant"
      },
      "geometry": {
        "type": "Point",
        "coordinates": [
          106.6719463,
          10.7917925
        ]
      },
      "id": "node/860695706"
    },
    {
      "type": "Feature",
      "properties": {
        "@id": "node/860695974",
        "amenity": "restaurant"
      },
      "geometry": {
        "type": "Point",
        "coordinates": [
          106.6710451,
          10.7921508
        ]
      },
      "id": "node/860695974"
    },
    {
      "type": "Feature",
      "properties": {
        "@id": "node/863420777",
        "amenity": "restaurant"
      },
      "geometry": {
        "type": "Point",
        "coordinates": [
          106.6796389,
          10.7923478
        ]
      },
      "id": "node/863420777"
    },
    {
      "type": "Feature",
      "properties": {
        "@id": "node/924797880",
        "amenity": "restaurant",
        "name": "Nhà Hàng Bờ Sông"
      },
      "geometry": {
        "type": "Point",
        "coordinates": [
          106.711158,
          10.789502
        ]
      },
      "id": "node/924797880"
    },
    {
      "type": "Feature",
      "properties": {
        "@id": "node/939234243",
        "amenity": "restaurant",
        "name": "Nhà Hàng Riverside Saigon"
      },
      "geometry": {
        "type": "Point",
        "coordinates": [
          106.7062835,
          10.7728736
        ]
      },
      "id": "node/939234243"
    },
    {
      "type": "Feature",
      "properties": {
        "@id": "node/939234266",
        "amenity": "restaurant",
        "name": "Nhà Hàng Hai Lúa Sài Gòn",
        "name:en": "Hai Lua Sai Gon"
      },
      "geometry": {
        "type": "Point",
        "coordinates": [
          106.7067111,
          10.7807008
        ]
      },
      "id": "node/939234266"
    },
    {
      "type": "Feature",
      "properties": {
        "@id": "node/960246638",
        "amenity": "restaurant",
        "name": "Nhà Hàng Wrap&Roll"
      },
      "geometry": {
        "type": "Point",
        "coordinates": [
          106.7040253,
          10.7732882
        ]
      },
      "id": "node/960246638"
    },
    {
      "type": "Feature",
      "properties": {
        "@id": "node/1001114453",
        "amenity": "restaurant",
        "name": "Quán Ăn Gia Đình",
        "name:ko": "자딘"
      },
      "geometry": {
        "type": "Point",
        "coordinates": [
          106.6995844,
          10.8029924
        ]
      },
      "id": "node/1001114453"
    },
    {
      "type": "Feature",
      "properties": {
        "@id": "node/1001114529",
        "amenity": "restaurant",
        "diet:vegetarian": "only",
        "name": "Nhà Hàng Đồ Chay"
      },
      "geometry": {
        "type": "Point",
        "coordinates": [
          106.6949559,
          10.8062565
        ]
      },
      "id": "node/1001114529"
    },
    {
      "type": "Feature",
      "properties": {
        "@id": "node/1138694903",
        "amenity": "restaurant",
        "name": "Nhà Hàng Crazy Buffalo",
        "name:de": "Crazy Buffalo"
      },
      "geometry": {
        "type": "Point",
        "coordinates": [
          106.6941425,
          10.767375
        ]
      },
      "id": "node/1138694903"
    },
    {
      "type": "Feature",
      "properties": {
        "@id": "node/1138696083",
        "amenity": "restaurant",
        "name": "Nhà Hàng Pizza Fixme"
      },
      "geometry": {
        "type": "Point",
        "coordinates": [
          106.6938158,
          10.7680337
        ]
      },
      "id": "node/1138696083"
    },
    {
      "type": "Feature",
      "properties": {
        "@id": "node/1198177163",
        "addr:housenumber": "175/10-12",
        "addr:street": "Đường Phạm Ngũ Lão",
        "amenity": "restaurant",
        "cuisine": "vietnamese",
        "name": "Nhà Hàng Đồ Ăn Việt Nam Aroma",
        "name:de": "Vietnamese Aroma",
        "phone": "+84838370447"
      },
      "geometry": {
        "type": "Point",
        "coordinates": [
          106.6938884,
          10.7684684
        ]
      },
      "id": "node/1198177163"
    },
    {
      "type": "Feature",
      "properties": {
        "@id": "node/1274090545",
        "amenity": "restaurant",
        "cuisine": "regional",
        "name": "Bánh Canh Hoàng Ty",
        "name:de": "Bánh canh Hoàng Ty"
      },
      "geometry": {
        "type": "Point",
        "coordinates": [
          106.6915979,
          10.7917311
        ]
      },
      "id": "node/1274090545"
    },
    {
      "type": "Feature",
      "properties": {
        "@id": "node/1275863725",
        "amenity": "restaurant",
        "cuisine": "asian",
        "name": "Quán Ăn 7777"
      },
      "geometry": {
        "type": "Point",
        "coordinates": [
          106.7047992,
          10.8184173
        ]
      },
      "id": "node/1275863725"
    },
    {
      "type": "Feature",
      "properties": {
        "@id": "node/1576575990",
        "addr:housenumber": "948",
        "addr:street": "Nguyễn Văn Quá",
        "amenity": "restaurant",
        "name": "Nhà Hàng Tiệc Cưới Ngọc Trâm"
      },
      "geometry": {
        "type": "Point",
        "coordinates": [
          106.6365739,
          10.8491522
        ]
      },
      "id": "node/1576575990"
    },
    {
      "type": "Feature",
      "properties": {
        "@id": "node/1606198933",
        "amenity": "restaurant",
        "name": "Nhà Hàng Vietnamese Kitchen"
      },
      "geometry": {
        "type": "Point",
        "coordinates": [
          106.6922676,
          10.7666137
        ]
      },
      "id": "node/1606198933"
    },
    {
      "type": "Feature",
      "properties": {
        "@id": "node/1635104029",
        "amenity": "restaurant",
        "internet_access": "no",
        "internet_access:fee": "no",
        "name": "Nhà Hàng Lẩu Cua",
        "opening_hours": "24/7",
        "operator": "seafood",
        "smoking": "yes",
        "stars": "1",
        "wheelchair": "no"
      },
      "geometry": {
        "type": "Point",
        "coordinates": [
          106.6990062,
          10.8184378
        ]
      },
      "id": "node/1635104029"
    },
    {
      "type": "Feature",
      "properties": {
        "@id": "node/1635104127",
        "amenity": "restaurant"
      },
      "geometry": {
        "type": "Point",
        "coordinates": [
          106.7007329,
          10.8191677
        ]
      },
      "id": "node/1635104127"
    },
    {
      "type": "Feature",
      "properties": {
        "@id": "node/1711502024",
        "amenity": "restaurant",
        "internet_access": "wlan",
        "name": "Nhà Hàng Jaspas",
        "wheelchair": "yes"
      },
      "geometry": {
        "type": "Point",
        "coordinates": [
          106.7037041,
          10.778168
        ]
      },
      "id": "node/1711502024"
    },
    {
      "type": "Feature",
      "properties": {
        "@id": "node/1770193906",
        "addr:housename": "Centec Tower",
        "addr:housenumber": "72-74",
        "addr:street": "Nguyễn Thị Minh Khai",
        "amenity": "restaurant",
        "cuisine": "international",
        "name": "Nhà Hàng Shri Lounge"
      },
      "geometry": {
        "type": "Point",
        "coordinates": [
          106.6972822,
          10.7826304
        ]
      },
      "id": "node/1770193906"
    },
    {
      "type": "Feature",
      "properties": {
        "@id": "node/1770305170",
        "addr:housenumber": "66",
        "addr:street": "Đông Du",
        "amenity": "restaurant",
        "cuisine": "indian",
        "name": "Nhà Hàng Ấn Độ Curry Rice",
        "name:de": "Indian Curry Rice"
      },
      "geometry": {
        "type": "Point",
        "coordinates": [
          106.7042247,
          10.7762829
        ]
      },
      "id": "node/1770305170"
    },
    {
      "type": "Feature",
      "properties": {
        "@id": "node/1770305180",
        "addr:housenumber": "31",
        "addr:street": "Đông Du",
        "alt_name": "Halal Saigon",
        "amenity": "restaurant",
        "cuisine": "asian",
        "diet:halal": "yes",
        "name": "Nhà Hàng Halal Sai Gon",
        "opening_hours": "10:00-22:00",
        "strapline": "Celebrating borderless Halal flavours",
        "website": "http://www.halalsaigon.com.vn/"
      },
      "geometry": {
        "type": "Point",
        "coordinates": [
          106.7047293,
          10.7760297
        ]
      },
      "id": "node/1770305180"
    },
    {
      "type": "Feature",
      "properties": {
        "@id": "node/1770305230",
        "addr:housename": "Nhà hàng Cung Đình",
        "addr:housenumber": "146",
        "addr:street": "Đường Pasteur",
        "amenity": "restaurant",
        "cuisine": "vietnamese",
        "name": "Nhà Hàng Cung Đình Rex",
        "name:en": "Rex Royal Court Restaurant",
        "name:vi": "146 Nhà hàng Cung Đình Rex"
      },
      "geometry": {
        "type": "Point",
        "coordinates": [
          106.7007063,
          10.7754972
        ]
      },
      "id": "node/1770305230"
    },
    {
      "type": "Feature",
      "properties": {
        "@id": "node/1770597595",
        "amenity": "restaurant",
        "cuisine": "vietnamese",
        "name": "Nhà Hàng Tiệc Cưới 108 Nguyễn Du"
      },
      "geometry": {
        "type": "Point",
        "coordinates": [
          106.6956779,
          10.7754764
        ]
      },
      "id": "node/1770597595"
    },
    {
      "type": "Feature",
      "properties": {
        "@id": "node/1770597616",
        "addr:housenumber": "90",
        "addr:street": "Hung Vuong",
        "amenity": "restaurant",
        "cuisine": "international;grill;coffee_shop;persian;asian;steak_house;beef_bowl;russian;donut;pancake;fish_and_chips;chicken;vietnamese;oriental;breakfast;savory_pancakes;tea;seafood;friture;chinese;kebab;barbecue",
        "diet:vegan": "yes",
        "email": "darveshalims@gmail.com",
        "fixme": "phone number seems wrong",
        "internet_access": "wlan",
        "name": "Nhà Hàng Alibaba",
        "opening_hours": "Mo-Su 09:00-00:00",
        "phone": "+84 1252026241"
      },
      "geometry": {
        "type": "Point",
        "coordinates": [
          106.7040996,
          10.7743953
        ]
      },
      "id": "node/1770597616"
    },
    {
      "type": "Feature",
      "properties": {
        "@id": "node/1776232862",
        "amenity": "restaurant",
        "cuisine": "chinese",
        "name": "Nhà Hàng Hải Cảng"
      },
      "geometry": {
        "type": "Point",
        "coordinates": [
          106.7077614,
          10.7662887
        ]
      },
      "id": "node/1776232862"
    },
    {
      "type": "Feature",
      "properties": {
        "@id": "node/1777244221",
        "addr:street": "Đường Hoàng Diệu",
        "amenity": "restaurant",
        "name": "Nhà Hàng Honeymoon"
      },
      "geometry": {
        "type": "Point",
        "coordinates": [
          106.6991702,
          10.7602951
        ]
      },
      "id": "node/1777244221"
    },
    {
      "type": "Feature",
      "properties": {
        "@id": "node/1933274708",
        "amenity": "restaurant",
        "name": "Cửa Hàng Xôi Chè Bùi Thị Xuân"
      },
      "geometry": {
        "type": "Point",
        "coordinates": [
          106.6863944,
          10.7675882
        ]
      },
      "id": "node/1933274708"
    },
    {
      "type": "Feature",
      "properties": {
        "@id": "node/1969358646",
        "addr:housenumber": "106",
        "addr:street": "Nguyễn Thị Minh Khai",
        "amenity": "restaurant",
        "name": "Topping Beef"
      },
      "geometry": {
        "type": "Point",
        "coordinates": [
          106.6949139,
          10.7797991
        ]
      },
      "id": "node/1969358646"
    },
    {
      "type": "Feature",
      "properties": {
        "@id": "node/1969579887",
        "amenity": "restaurant",
        "cuisine": "korean",
        "name": "Nhà Hàng Bornga",
        "website": "https://www.theborn.co.kr/"
      },
      "geometry": {
        "type": "Point",
        "coordinates": [
          106.7020073,
          10.7788067
        ]
      },
      "id": "node/1969579887"
    },
    {
      "type": "Feature",
      "properties": {
        "@id": "node/1969599008",
        "addr:housename": "Phở 2000",
        "amenity": "restaurant",
        "cuisine": "vietnamese",
        "diet:vegetarian": "yes",
        "name": "Quán Phở 2000",
        "name:de": "Phở 2000"
      },
      "geometry": {
        "type": "Point",
        "coordinates": [
          106.697747,
          10.7718157
        ]
      },
      "id": "node/1969599008"
    },
    {
      "type": "Feature",
      "properties": {
        "@id": "node/1985346073",
        "addr:housenumber": "11-13",
        "addr:street": "Công trường Lam Sơn",
        "amenity": "restaurant",
        "cuisine": "international",
        "name": "Nhà Hàng Lion Beer",
        "name:de": "Lion beer restaurant"
      },
      "geometry": {
        "type": "Point",
        "coordinates": [
          106.7039069,
          10.776619
        ]
      },
      "id": "node/1985346073"
    },
    {
      "type": "Feature",
      "properties": {
        "@id": "node/1985346231",
        "addr:housenumber": "160",
        "addr:street": "Pasteur",
        "amenity": "restaurant",
        "cuisine": "vietnamese",
        "name": "Nhà Hàng Ngon",
        "phone": "08 3827 7131"
      },
      "geometry": {
        "type": "Point",
        "coordinates": [
          106.6996325,
          10.7773464
        ]
      },
      "id": "node/1985346231"
    },
    {
      "type": "Feature",
      "properties": {
        "@id": "node/1985346259",
        "addr:housenumber": "2-4-6",
        "addr:street": "Lưu Văn Lang",
        "amenity": "restaurant",
        "cuisine": "american",
        "name": "Nhà Hàng Rơm BBQ"
      },
      "geometry": {
        "type": "Point",
        "coordinates": [
          106.6992615,
          10.7736789
        ]
      },
      "id": "node/1985346259"
    },
    {
      "type": "Feature",
      "properties": {
        "@id": "node/1985346309",
        "amenity": "restaurant",
        "brand": "Phở 24",
        "brand:wikidata": "Q63863118",
        "cuisine": "vietnamese;noodle",
        "name": "Phở 24",
        "name:de": "Phở 24",
        "name:en": "Pho 24",
        "name:vi": "Phở 24"
      },
      "geometry": {
        "type": "Point",
        "coordinates": [
          106.6975823,
          10.7718553
        ]
      },
      "id": "node/1985346309"
    },
    {
      "type": "Feature",
      "properties": {
        "@id": "node/1985832654",
        "addr:housenumber": "135",
        "addr:street": "Nam Kỳ Khởi Nghĩa",
        "amenity": "restaurant",
        "name": "Nhà Hàng Nướng Barbecue Garden"
      },
      "geometry": {
        "type": "Point",
        "coordinates": [
          106.6992492,
          10.7748184
        ]
      },
      "id": "node/1985832654"
    },
    {
      "type": "Feature",
      "properties": {
        "@id": "node/1987339383",
        "amenity": "restaurant",
        "cuisine": "vietnamese",
        "name": "Nhà Hàng Bên Sông"
      },
      "geometry": {
        "type": "Point",
        "coordinates": [
          106.7117175,
          10.7199051
        ]
      },
      "id": "node/1987339383"
    },
    {
      "type": "Feature",
      "properties": {
        "@id": "node/1997301812",
        "amenity": "restaurant",
        "cuisine": "international",
        "name": "Nhà Hàng Cham Charm"
      },
      "geometry": {
        "type": "Point",
        "coordinates": [
          106.7197193,
          10.7245881
        ]
      },
      "id": "node/1997301812"
    },
    {
      "type": "Feature",
      "properties": {
        "@id": "node/2027992111",
        "amenity": "restaurant",
        "name": "Nhà Hàng Đầm Tôm"
      },
      "geometry": {
        "type": "Point",
        "coordinates": [
          106.765147,
          10.835471
        ]
      },
      "id": "node/2027992111"
    },
    {
      "type": "Feature",
      "properties": {
        "@id": "node/2028465968",
        "amenity": "restaurant",
        "name": "Tân Cảng"
      },
      "geometry": {
        "type": "Point",
        "coordinates": [
          106.7246028,
          10.8005534
        ]
      },
      "id": "node/2028465968"
    },
    {
      "type": "Feature",
      "properties": {
        "@id": "node/2037626761",
        "addr:city": "Quận 1",
        "addr:country": "VN",
        "addr:housenumber": "25",
        "addr:province": "Hồ Chí Minh",
        "addr:street": "Nguyễn Thị Minh Khai",
        "amenity": "restaurant",
        "cuisine": "vietnamese",
        "drive_in": "no",
        "internet_access": "no",
        "internet_access:fee": "no",
        "microbrewery": "no",
        "name": "Phở Bắc Hải",
        "outdoor_seating": "no",
        "smoking": "yes",
        "takeaway": "yes",
        "wheelchair": "no"
      },
      "geometry": {
        "type": "Point",
        "coordinates": [
          106.6992161,
          10.7838752
        ]
      },
      "id": "node/2037626761"
    },
    {
      "type": "Feature",
      "properties": {
        "@id": "node/2038032872",
        "amenity": "restaurant",
        "cuisine": "vietnamese",
        "drive_in": "no",
        "name": "Nhà Hàng Pháp Hoa"
      },
      "geometry": {
        "type": "Point",
        "coordinates": [
          106.688677,
          10.767809
        ]
      },
      "id": "node/2038032872"
    },
    {
      "type": "Feature",
      "properties": {
        "@id": "node/2040046952",
        "addr:city": "Quận 5",
        "addr:country": "VN",
        "addr:housenumber": "94",
        "addr:province": "Hồ Chí Minh",
        "addr:street": "Đường Huỳnh Mẫn Đạt",
        "amenity": "restaurant",
        "cuisine": "asian",
        "drive_in": "no",
        "name": "Quán Ăn Hoàng Ký 1",
        "takeaway": "yes"
      },
      "geometry": {
        "type": "Point",
        "coordinates": [
          106.676499,
          10.755919
        ]
      },
      "id": "node/2040046952"
    },
    {
      "type": "Feature",
      "properties": {
        "@id": "node/2041380423",
        "addr:city": "Quận 1",
        "addr:country": "VN",
        "addr:housenumber": "19",
        "addr:province": "Hồ Chí Minh",
        "addr:street": "Trần Cao Vân",
        "amenity": "restaurant",
        "cuisine": "vietnamese",
        "drive_in": "no",
        "internet_access:fee": "no",
        "microbrewery": "no",
        "name": "Bún Bò Huế Gia Hội",
        "outdoor_seating": "no",
        "smoking": "yes",
        "takeaway": "yes"
      },
      "geometry": {
        "type": "Point",
        "coordinates": [
          106.6975046,
          10.78415
        ]
      },
      "id": "node/2041380423"
    },
    {
      "type": "Feature",
      "properties": {
        "@id": "node/2041384535",
        "addr:city": "Quận 1",
        "addr:country": "VN",
        "addr:housenumber": "20",
        "addr:province": "Hồ Chí Minh",
        "addr:street": "Trần Cao Vân",
        "amenity": "restaurant",
        "cuisine": "vietnamese",
        "name": "Nhà Hàng Hồ Tây"
      },
      "geometry": {
        "type": "Point",
        "coordinates": [
          106.697355,
          10.784324
        ]
      },
      "id": "node/2041384535"
    },
    {
      "type": "Feature",
      "properties": {
        "@id": "node/2079456812",
        "addr:housenumber": "219o9o21",
        "addr:street": "Trần Văn Đang",
        "amenity": "restaurant",
        "cuisine": "vietnamese",
        "name": "Quán Cơm Gà Xối Mỡ"
      },
      "geometry": {
        "type": "Point",
        "coordinates": [
          106.671644,
          10.786308
        ]
      },
      "id": "node/2079456812"
    },
    {
      "type": "Feature",
      "properties": {
        "@id": "node/2084249434",
        "amenity": "restaurant",
        "name": "Nhà Hàng Hoằng Long"
      },
      "geometry": {
        "type": "Point",
        "coordinates": [
          106.703813,
          10.7768249
        ]
      },
      "id": "node/2084249434"
    },
    {
      "type": "Feature",
      "properties": {
        "@id": "node/2126937272",
        "amenity": "restaurant",
        "cuisine": "vietnamese",
        "name": "Nhà Hàng Neighborhood Meal"
      },
      "geometry": {
        "type": "Point",
        "coordinates": [
          106.7057315,
          10.7805082
        ]
      },
      "id": "node/2126937272"
    },
    {
      "type": "Feature",
      "properties": {
        "@id": "node/2126941304",
        "amenity": "restaurant",
        "cuisine": "grill",
        "name": "5KU Station",
        "name:en": "5KU Station"
      },
      "geometry": {
        "type": "Point",
        "coordinates": [
          106.7042294,
          10.7794464
        ]
      },
      "id": "node/2126941304"
    },
    {
      "type": "Feature",
      "properties": {
        "@id": "node/2133669534",
        "amenity": "restaurant",
        "name": "Nhà Hàng Hoa Sứ"
      },
      "geometry": {
        "type": "Point",
        "coordinates": [
          106.7141842,
          10.7975447
        ]
      },
      "id": "node/2133669534"
    },
    {
      "type": "Feature",
      "properties": {
        "@id": "node/2133670084",
        "amenity": "restaurant",
        "name": "Nhà Hàng Trang Đỏ"
      },
      "geometry": {
        "type": "Point",
        "coordinates": [
          106.714665,
          10.797848
        ]
      },
      "id": "node/2133670084"
    },
    {
      "type": "Feature",
      "properties": {
        "@id": "node/2133700237",
        "amenity": "restaurant",
        "name": "Nhà Hàng Bông Súng"
      },
      "geometry": {
        "type": "Point",
        "coordinates": [
          106.715692,
          10.797692
        ]
      },
      "id": "node/2133700237"
    },
    {
      "type": "Feature",
      "properties": {
        "@id": "node/2133701509",
        "amenity": "restaurant",
        "name": "Nhà Hàng Kitchen"
      },
      "geometry": {
        "type": "Point",
        "coordinates": [
          106.7158367,
          10.7979426
        ]
      },
      "id": "node/2133701509"
    },
    {
      "type": "Feature",
      "properties": {
        "@id": "node/2138695625",
        "addr:city": "Thành phố Hồ Chí Minh",
        "addr:district": "Quận 1",
        "addr:street": "Hai Bà Trưng",
        "amenity": "restaurant",
        "cuisine": "argentinian",
        "name": "Nhà Hàng El Gaucho",
        "name:en": "EL Gaucho"
      },
      "geometry": {
        "type": "Point",
        "coordinates": [
          106.7036328,
          10.7780321
        ]
      },
      "id": "node/2138695625"
    },
    {
      "type": "Feature",
      "properties": {
        "@id": "node/2138695626",
        "amenity": "restaurant",
        "cuisine": "japanese",
        "name": "Nhà Hàng Nhật Annz"
      },
      "geometry": {
        "type": "Point",
        "coordinates": [
          106.7039909,
          10.7781923
        ]
      },
      "id": "node/2138695626"
    },
    {
      "type": "Feature",
      "properties": {
        "@id": "node/2139735799",
        "amenity": "restaurant",
        "cuisine": "vietnamese",
        "name": "Bún Bò Thuận An 2"
      },
      "geometry": {
        "type": "Point",
        "coordinates": [
          106.767471,
          10.844877
        ]
      },
      "id": "node/2139735799"
    },
    {
      "type": "Feature",
      "properties": {
        "@id": "node/2139900977",
        "addr:city": "Thành phố Hồ Chí Minh",
        "addr:district": "Quận 1",
        "addr:housenumber": "74/13D",
        "addr:street": "Hai Bà Trưng",
        "amenity": "restaurant",
        "cuisine": "lebanese",
        "email": "info@beirut.vn",
        "name": "Nhà Hàng Beirut",
        "phone": "08 3822 2188",
        "smoking": "yes",
        "website": "https://www.beirut.vn/",
        "wheelchair": "yes"
      },
      "geometry": {
        "type": "Point",
        "coordinates": [
          106.7039174,
          10.7780733
        ]
      },
      "id": "node/2139900977"
    },
    {
      "type": "Feature",
      "properties": {
        "@id": "node/2139904216",
        "addr:city": "Thành Phố Hồ Chí Minh",
        "addr:district": "Quận 1",
        "addr:housenumber": "8/15",
        "addr:street": "Lê Thánh Tôn",
        "amenity": "restaurant",
        "cuisine": "pizza",
        "name": "Cửa Hàng Pizza 4P's",
        "operator": "Universal Food Creation Ltd.",
        "phone": "0120 789 4444",
        "website": "https://pizza4ps.com/"
      },
      "geometry": {
        "type": "Point",
        "coordinates": [
          106.705108,
          10.7818475
        ]
      },
      "id": "node/2139904216"
    },
    {
      "type": "Feature",
      "properties": {
        "@id": "node/2155768488",
        "addr:city": "Thành phố Hồ Chí Minh",
        "addr:district": "Quận Phú Nhuận",
        "addr:housenumber": "93",
        "addr:street": "Phan Xích Long",
        "addr:subdistrict": "Phường 2",
        "amenity": "restaurant",
        "branch": "Phan Xích Long",
        "brand": "Pizza Hut",
        "brand:wikidata": "Q191615",
        "capacity": "300",
        "cuisine": "pizza",
        "delivery": "yes",
        "name": "Pizza Hut",
        "opening_hours": "10:00-22:00",
        "takeaway": "yes"
      },
      "geometry": {
        "type": "Point",
        "coordinates": [
          106.6907929,
          10.7972201
        ]
      },
      "id": "node/2155768488"
    },
    {
      "type": "Feature",
      "properties": {
        "@id": "node/2155772674",
        "amenity": "restaurant",
        "name": "Nhà Hàng Sumo BBQ"
      },
      "geometry": {
        "type": "Point",
        "coordinates": [
          106.689728,
          10.797523
        ]
      },
      "id": "node/2155772674"
    },
    {
      "type": "Feature",
      "properties": {
        "@id": "node/2158685400",
        "addr:housenumber": "15",
        "addr:street": "Hoa Phượng",
        "amenity": "restaurant",
        "cuisine": "vietnamese",
        "name": "Quán Ăn Vương Gia Tửu",
        "wifi": "no"
      },
      "geometry": {
        "type": "Point",
        "coordinates": [
          106.6874239,
          10.7978659
        ]
      },
      "id": "node/2158685400"
    },
    {
      "type": "Feature",
      "properties": {
        "@id": "node/2158685402",
        "addr:city": "Ho Chi Minh City",
        "addr:housenumber": "195-197",
        "addr:street": "Phan Xích Long",
        "amenity": "restaurant",
        "cuisine": "chinese",
        "name": "Nhà Hàng Quảng Đông San Fu Lou",
        "phone": "(+848) 35176168"
      },
      "geometry": {
        "type": "Point",
        "coordinates": [
          106.6874636,
          10.7985189
        ]
      },
      "id": "node/2158685402"
    },
    {
      "type": "Feature",
      "properties": {
        "@id": "node/2176976133",
        "addr:city": "Thành phố Hồ Chí Minh",
        "addr:district": "Quận 1",
        "addr:housenumber": "74",
        "addr:street": "Hai Bà Trưng",
        "amenity": "restaurant",
        "cuisine": "fusion",
        "email": "blanchystreet@gmail.com",
        "name": "Nhà Hàng Blanchy Street",
        "phone": "08 3823 8793",
        "website": "http://www.blanchystreet.com"
      },
      "geometry": {
        "type": "Point",
        "coordinates": [
          106.7038501,
          10.7780081
        ]
      },
      "id": "node/2176976133"
    },
    {
      "type": "Feature",
      "properties": {
        "@id": "node/2176976134",
        "addr:city": "Thành phố Hồ Chí Minh",
        "addr:district": "Quận 1",
        "addr:housenumber": "74",
        "addr:street": "Hai Bà Trưng",
        "amenity": "restaurant",
        "email": "hoatuc@gmail.com",
        "name": "Nhà Hàng Hoa Túc",
        "phone": "3825 1676"
      },
      "geometry": {
        "type": "Point",
        "coordinates": [
          106.7038891,
          10.7783472
        ]
      },
      "id": "node/2176976134"
    },
    {
      "type": "Feature",
      "properties": {
        "@id": "node/2176976136",
        "amenity": "restaurant",
        "cuisine": "french",
        "name": "Nhà Hàng Le Bouchon De Saïgon"
      },
      "geometry": {
        "type": "Point",
        "coordinates": [
          106.7035032,
          10.7803707
        ]
      },
      "id": "node/2176976136"
    },
    {
      "type": "Feature",
      "properties": {
        "@id": "node/2176976138",
        "addr:city": "Thành Phố Hồ Chí Minh",
        "addr:district": "Quận 3",
        "addr:housenumber": "29",
        "addr:street": "Ngô Thời Nhiệm",
        "amenity": "restaurant",
        "cuisine": "mexican",
        "name": "Nhà Hàng Khói Thơm",
        "website": "http://www.khoithom.com"
      },
      "geometry": {
        "type": "Point",
        "coordinates": [
          106.6901081,
          10.7806216
        ]
      },
      "id": "node/2176976138"
    },
    {
      "type": "Feature",
      "properties": {
        "@id": "node/2276291867",
        "addr:housenumber": "11",
        "addr:street": "Đông Du",
        "amenity": "restaurant",
        "cuisine": "italian_pizza",
        "internet_access": "wlan",
        "name": "Nhà Hàng Ciao Bella",
        "name:de": "Ciao Bella",
        "source": "survey"
      },
      "geometry": {
        "type": "Point",
        "coordinates": [
          106.7049669,
          10.7762605
        ]
      },
      "id": "node/2276291867"
    },
    {
      "type": "Feature",
      "properties": {
        "@id": "node/2278045527",
        "addr:city": "HCMC",
        "addr:housenumber": "67/4/118",
        "addr:street": "Vu Huy Tan",
        "amenity": "restaurant",
        "name": "Quán Ăn Pháp Ti Ti",
        "phone": "0982 43 60 61"
      },
      "geometry": {
        "type": "Point",
        "coordinates": [
          106.6949528,
          10.7956297
        ]
      },
      "id": "node/2278045527"
    },
    {
      "type": "Feature",
      "properties": {
        "@id": "node/2286005129",
        "amenity": "restaurant",
        "name": "Nhà Hàng Zanzbar",
        "name:de": "Zanzbar",
        "source": "survey"
      },
      "geometry": {
        "type": "Point",
        "coordinates": [
          106.7046722,
          10.7759751
        ]
      },
      "id": "node/2286005129"
    },
    {
      "type": "Feature",
      "properties": {
        "@id": "node/2286005140",
        "addr:housenumber": "9a",
        "addr:street": "Thái Văn Lung",
        "amenity": "restaurant",
        "cuisine": "mediterranean",
        "name": "Nhà Hàng Skewers",
        "source": "survey"
      },
      "geometry": {
        "type": "Point",
        "coordinates": [
          106.7047525,
          10.7790115
        ]
      },
      "id": "node/2286005140"
    },
    {
      "type": "Feature",
      "properties": {
        "@id": "node/2286005151",
        "addr:housenumber": "29",
        "addr:street": "Lê Thánh Tôn",
        "amenity": "restaurant",
        "cuisine": "japanese",
        "name": "Nhà Hàng Som Tum Thai",
        "name:en": "Som Tum Thai",
        "source": "survey"
      },
      "geometry": {
        "type": "Point",
        "coordinates": [
          106.7038786,
          10.7792532
        ]
      },
      "id": "node/2286005151"
    },
    {
      "type": "Feature",
      "properties": {
        "@id": "node/2286005155",
        "addr:housenumber": "74/6",
        "addr:street": "Hai Bà Trưng",
        "amenity": "restaurant",
        "cuisine": "italian",
        "name": "Nhà Hàng Namo",
        "source": "survey",
        "wheelchair": "no"
      },
      "geometry": {
        "type": "Point",
        "coordinates": [
          106.7037686,
          10.777874
        ]
      },
      "id": "node/2286005155"
    },
    {
      "type": "Feature",
      "properties": {
        "@id": "node/2286005157",
        "amenity": "restaurant",
        "name": "Nhà Hàng Le Bourgeois",
        "source": "survey"
      },
      "geometry": {
        "type": "Point",
        "coordinates": [
          106.7024065,
          10.7768577
        ]
      },
      "id": "node/2286005157"
    },
    {
      "type": "Feature",
      "properties": {
        "@id": "node/2295902655",
        "amenity": "restaurant",
        "cuisine": "vietnamese",
        "name": "Quán Bún Chay - 13k"
      },
      "geometry": {
        "type": "Point",
        "coordinates": [
          106.690393,
          10.744303
        ]
      },
      "id": "node/2295902655"
    },
    {
      "type": "Feature",
      "properties": {
        "@id": "node/2296635576",
        "amenity": "restaurant",
        "cuisine": "vietnamese",
        "name": "Nhà Hàng Mina"
      },
      "geometry": {
        "type": "Point",
        "coordinates": [
          106.6280572,
          10.8553474
        ]
      },
      "id": "node/2296635576"
    },
    {
      "type": "Feature",
      "properties": {
        "@id": "node/2296636236",
        "amenity": "restaurant",
        "name": "Nhà Hàng Lối Xưa"
      },
      "geometry": {
        "type": "Point",
        "coordinates": [
          106.6267697,
          10.8532848
        ]
      },
      "id": "node/2296636236"
    },
    {
      "type": "Feature",
      "properties": {
        "@id": "node/2296636237",
        "amenity": "restaurant",
        "name": "Nhà Hàng Quản Tượng"
      },
      "geometry": {
        "type": "Point",
        "coordinates": [
          106.6289933,
          10.8542884
        ]
      },
      "id": "node/2296636237"
    },
    {
      "type": "Feature",
      "properties": {
        "@id": "node/2301050718",
        "amenity": "restaurant",
        "cuisine": "chinese",
        "name": "Nhà Hàng Tao Li"
      },
      "geometry": {
        "type": "Point",
        "coordinates": [
          106.7118871,
          10.721758
        ]
      },
      "id": "node/2301050718"
    },
    {
      "type": "Feature",
      "properties": {
        "@id": "node/2301050721",
        "addr:housenumber": "Tòa Crescent Residence 3, 111",
        "addr:street": "Đường Tôn Dật Tiên",
        "amenity": "restaurant",
        "cuisine": "chinese",
        "name": "Nhà Hàng Yeebo"
      },
      "geometry": {
        "type": "Point",
        "coordinates": [
          106.7199337,
          10.7249731
        ]
      },
      "id": "node/2301050721"
    },
    {
      "type": "Feature",
      "properties": {
        "@id": "node/2301060066",
        "amenity": "restaurant",
        "cuisine": "vietnamese",
        "name": "Nhà Hàng Hoàng Yến"
      },
      "geometry": {
        "type": "Point",
        "coordinates": [
          106.7196653,
          10.7275634
        ]
      },
      "id": "node/2301060066"
    },
    {
      "type": "Feature",
      "properties": {
        "@id": "node/2301060069",
        "amenity": "restaurant",
        "cuisine": "vietnamese",
        "name": "Phở Hùng"
      },
      "geometry": {
        "type": "Point",
        "coordinates": [
          106.7100203,
          10.7232127
        ]
      },
      "id": "node/2301060069"
    },
    {
      "type": "Feature",
      "properties": {
        "@id": "node/2301060071",
        "amenity": "restaurant",
        "cuisine": "japanese",
        "name": "Nhà Hàng Nhật Bản Tokyo Deli"
      },
      "geometry": {
        "type": "Point",
        "coordinates": [
          106.7195082,
          10.7275927
        ]
      },
      "id": "node/2301060071"
    },
    {
      "type": "Feature",
      "properties": {
        "@id": "node/2301064043",
        "amenity": "restaurant",
        "name": "Nhà Hàng Chả Cá Hà Nội"
      },
      "geometry": {
        "type": "Point",
        "coordinates": [
          106.7145425,
          10.7223325
        ]
      },
      "id": "node/2301064043"
    },
    {
      "type": "Feature",
      "properties": {
        "@id": "node/2301108233",
        "addr:city": "Hồ Chí Minh",
        "addr:district": "Quận 7",
        "addr:housenumber": "R2-01",
        "addr:province": "Hồ Chí Minh",
        "addr:street": "Đường Số 2",
        "addr:subdistrict": "Tân Phong",
        "amenity": "restaurant",
        "cuisine": "japanese",
        "name": "Izakaya Noboru",
        "opening_hours": "Mo-Su 11:00-14:00,16:00-03:00"
      },
      "geometry": {
        "type": "Point",
        "coordinates": [
          106.7082869,
          10.7336504
        ]
      },
      "id": "node/2301108233"
    },
    {
      "type": "Feature",
      "properties": {
        "@id": "node/2314601573",
        "amenity": "restaurant",
        "name": "Mì Quảng Bà Bốn"
      },
      "geometry": {
        "type": "Point",
        "coordinates": [
          106.64564,
          10.7912767
        ]
      },
      "id": "node/2314601573"
    },
    {
      "type": "Feature",
      "properties": {
        "@id": "node/2322631160",
        "amenity": "restaurant",
        "name": "Nhà Hàng Âu Lạc Du Brasil"
      },
      "geometry": {
        "type": "Point",
        "coordinates": [
          106.7058174,
          10.7320253
        ]
      },
      "id": "node/2322631160"
    },
    {
      "type": "Feature",
      "properties": {
        "@id": "node/2340227004",
        "amenity": "restaurant",
        "name": "Nhà Hàng Hương Đồng 4"
      },
      "geometry": {
        "type": "Point",
        "coordinates": [
          106.6963509,
          10.7942099
        ]
      },
      "id": "node/2340227004"
    },
    {
      "type": "Feature",
      "properties": {
        "@id": "node/2347525006",
        "addr:housenumber": "18",
        "addr:old_housenumber": "S6-1",
        "addr:street": "Đường Số 6",
        "amenity": "restaurant",
        "contact:facebook": "https://www.facebook.com/hihitomyum.vn/",
        "cuisine": "thai",
        "name": "HiHi TomYum"
      },
      "geometry": {
        "type": "Point",
        "coordinates": [
          106.7095995,
          10.7302921
        ]
      },
      "id": "node/2347525006"
    },
    {
      "type": "Feature",
      "properties": {
        "@id": "node/2347543374",
        "amenity": "restaurant",
        "cuisine": "vietnamese",
        "name": "Quán Cơm Tâm Mộc"
      },
      "geometry": {
        "type": "Point",
        "coordinates": [
          106.7084534,
          10.7274975
        ]
      },
      "id": "node/2347543374"
    },
    {
      "type": "Feature",
      "properties": {
        "@id": "node/2347555466",
        "amenity": "restaurant",
        "cuisine": "vietnamese",
        "name": "Quán Mỳ Vằn Thắn"
      },
      "geometry": {
        "type": "Point",
        "coordinates": [
          106.7092126,
          10.7275224
        ]
      },
      "id": "node/2347555466"
    },
    {
      "type": "Feature",
      "properties": {
        "@id": "node/2347558758",
        "amenity": "restaurant",
        "cuisine": "vietnamese",
        "name": "Phở Ông Già"
      },
      "geometry": {
        "type": "Point",
        "coordinates": [
          106.7094512,
          10.7266015
        ]
      },
      "id": "node/2347558758"
    },
    {
      "type": "Feature",
      "properties": {
        "@id": "node/2392391732",
        "amenity": "restaurant",
        "cuisine": "japanese",
        "name": "Nhà Hàng Tokyo Deli"
      },
      "geometry": {
        "type": "Point",
        "coordinates": [
          106.6865534,
          10.7795329
        ]
      },
      "id": "node/2392391732"
    },
    {
      "type": "Feature",
      "properties": {
        "@id": "node/2403090042",
        "addr:street": "Nguyễn Văn Giai",
        "amenity": "restaurant",
        "cuisine": "vietnamese",
        "name": "Lẩu Dê Kỳ Đồng"
      },
      "geometry": {
        "type": "Point",
        "coordinates": [
          106.6972343,
          10.7917958
        ]
      },
      "id": "node/2403090042"
    },
    {
      "type": "Feature",
      "properties": {
        "@id": "node/2468655002",
        "addr:housenumber": "C12/1",
        "addr:street": "Tân Sơn",
        "amenity": "restaurant",
        "name": "Lẩu Dê Đức Dưỡng"
      },
      "geometry": {
        "type": "Point",
        "coordinates": [
          106.64433,
          10.8338118
        ]
      },
      "id": "node/2468655002"
    },
    {
      "type": "Feature",
      "properties": {
        "@id": "node/2480865074",
        "amenity": "restaurant",
        "cuisine": "vietnamese",
        "internet_access": "wlan",
        "internet_access:fee": "no",
        "name": "Nhà Hàng Lemongrass",
        "name:de": "Lemongrass",
        "source": "local_knowledge"
      },
      "geometry": {
        "type": "Point",
        "coordinates": [
          106.7033338,
          10.7754055
        ]
      },
      "id": "node/2480865074"
    },
    {
      "type": "Feature",
      "properties": {
        "@id": "node/2489015987",
        "addr:housenumber": "56",
        "amenity": "restaurant",
        "name": "Ốc Tý"
      },
      "geometry": {
        "type": "Point",
        "coordinates": [
          106.7071606,
          10.7868712
        ]
      },
      "id": "node/2489015987"
    },
    {
      "type": "Feature",
      "properties": {
        "@id": "node/2613016553",
        "addr:city": "Phường Phạm Ngũ Lão, Q1",
        "addr:housenumber": "84/32",
        "addr:street": "Hẻm 84 Bùi Viện",
        "amenity": "restaurant",
        "capacity": "25",
        "cuisine": "french",
        "name": "Nhà Hàng Pháp Hidden",
        "website": "https://www.facebook.com/84.32.Bui.Vien"
      },
      "geometry": {
        "type": "Point",
        "coordinates": [
          106.6930818,
          10.7674081
        ]
      },
      "id": "node/2613016553"
    },
    {
      "type": "Feature",
      "properties": {
        "@id": "node/2614395023",
        "amenity": "restaurant",
        "cuisine": "vietnamese",
        "name": "Bún Bò Huế Nhân Trí 1"
      },
      "geometry": {
        "type": "Point",
        "coordinates": [
          106.6762166,
          10.7622509
        ]
      },
      "id": "node/2614395023"
    },
    {
      "type": "Feature",
      "properties": {
        "@id": "node/2674331160",
        "addr:housenumber": "62",
        "addr:street": "Đường Nguyễn Công Trứ",
        "amenity": "restaurant",
        "name": "Nhà Hàng Bon",
        "name:de": "Bon"
      },
      "geometry": {
        "type": "Point",
        "coordinates": [
          106.699256,
          10.768989
        ]
      },
      "id": "node/2674331160"
    },
    {
      "type": "Feature",
      "properties": {
        "@id": "node/2674750764",
        "amenity": "restaurant",
        "name": "Phở Bắc Hải"
      },
      "geometry": {
        "type": "Point",
        "coordinates": [
          106.668835,
          10.773102
        ]
      },
      "id": "node/2674750764"
    },
    {
      "type": "Feature",
      "properties": {
        "@id": "node/2676547956",
        "amenity": "restaurant",
        "cuisine": "steak_house",
        "name": "Nhà Hàng Dragon Steak",
        "name:de": "Dragon Steak"
      },
      "geometry": {
        "type": "Point",
        "coordinates": [
          106.702516,
          10.773364
        ]
      },
      "id": "node/2676547956"
    },
    {
      "type": "Feature",
      "properties": {
        "@id": "node/2676928762",
        "addr:city": "Ho Chi Minh City",
        "addr:district": "Quận 3",
        "addr:housenumber": "61",
        "addr:street": "Trương Định",
        "addr:subdistrict": "Phường 6",
        "amenity": "restaurant",
        "branch": "Trương Định",
        "brand": "Pizza Hut",
        "brand:wikidata": "Q191615",
        "cuisine": "pizza",
        "internet_access": "wlan",
        "name": "Pizza Hut",
        "takeaway": "yes"
      },
      "geometry": {
        "type": "Point",
        "coordinates": [
          106.690347,
          10.776985
        ]
      },
      "id": "node/2676928762"
    },
    {
      "type": "Feature",
      "properties": {
        "@id": "node/2676930840",
        "amenity": "restaurant",
        "name": "Nhà Hàng Hoàng Ty"
      },
      "geometry": {
        "type": "Point",
        "coordinates": [
          106.689956,
          10.776477
        ]
      },
      "id": "node/2676930840"
    },
    {
      "type": "Feature",
      "properties": {
        "@id": "node/2926929401",
        "addr:housenumber": "49B",
        "addr:street": "Hẻm 351 Lê Văn Sỹ",
        "amenity": "restaurant",
        "name": "Nhà Hàng Bích Liên"
      },
      "geometry": {
        "type": "Point",
        "coordinates": [
          106.676706,
          10.786249
        ]
      },
      "id": "node/2926929401"
    },
    {
      "type": "Feature",
      "properties": {
        "@id": "node/2927381003",
        "amenity": "restaurant",
        "name": "Ốc Tao Đàn"
      },
      "geometry": {
        "type": "Point",
        "coordinates": [
          106.692708,
          10.77734
        ]
      },
      "id": "node/2927381003"
    },
    {
      "type": "Feature",
      "properties": {
        "@id": "node/2934599643",
        "amenity": "restaurant",
        "cuisine": "sushi",
        "name": "Cửa Hàng Sushi Bar"
      },
      "geometry": {
        "type": "Point",
        "coordinates": [
          106.7218723,
          10.7297012
        ]
      },
      "id": "node/2934599643"
    },
    {
      "type": "Feature",
      "properties": {
        "@id": "node/2942888081",
        "amenity": "restaurant",
        "name": "Nhà Hàng Đại Phú"
      },
      "geometry": {
        "type": "Point",
        "coordinates": [
          106.6273887,
          10.8289701
        ]
      },
      "id": "node/2942888081"
    },
    {
      "type": "Feature",
      "properties": {
        "@id": "node/2956726133",
        "amenity": "restaurant"
      },
      "geometry": {
        "type": "Point",
        "coordinates": [
          106.699468,
          10.784545
        ]
      },
      "id": "node/2956726133"
    },
    {
      "type": "Feature",
      "properties": {
        "@id": "node/2956812786",
        "amenity": "restaurant",
        "name": "Nhà Hàng Đông Hồ"
      },
      "geometry": {
        "type": "Point",
        "coordinates": [
          106.672839,
          10.7745919
        ]
      },
      "id": "node/2956812786"
    },
    {
      "type": "Feature",
      "properties": {
        "@id": "node/2956854846",
        "amenity": "restaurant",
        "name": "Nhà Hàng Kỳ Hoà 2"
      },
      "geometry": {
        "type": "Point",
        "coordinates": [
          106.6716617,
          10.7744186
        ]
      },
      "id": "node/2956854846"
    },
    {
      "type": "Feature",
      "properties": {
        "@id": "node/2957025634",
        "addr:housenumber": "172",
        "addr:street": "Bùi Thị Xuân",
        "amenity": "restaurant",
        "name": "Nhà Hàng Soya Pudding"
      },
      "geometry": {
        "type": "Point",
        "coordinates": [
          106.686372,
          10.767854
        ]
      },
      "id": "node/2957025634"
    },
    {
      "type": "Feature",
      "properties": {
        "@id": "node/2972904233",
        "addr:housenumber": "81",
        "addr:street": "Đường số 12",
        "amenity": "restaurant",
        "cuisine": "vietnamese",
        "name": "Quán Ăn Hương Sơn"
      },
      "geometry": {
        "type": "Point",
        "coordinates": [
          106.731403,
          10.788971
        ]
      },
      "id": "node/2972904233"
    },
    {
      "type": "Feature",
      "properties": {
        "@id": "node/2975385633",
        "amenity": "restaurant",
        "wheelchair": "no"
      },
      "geometry": {
        "type": "Point",
        "coordinates": [
          106.769073,
          10.789646
        ]
      },
      "id": "node/2975385633"
    },
    {
      "type": "Feature",
      "properties": {
        "@id": "node/2978049992",
        "addr:housenumber": "73",
        "addr:street": "Mạc Thị Bưởi",
        "amenity": "restaurant",
        "cuisine": "vietnamese",
        "name": "Nhà Hàng Goldfish",
        "name:de": "Goldfish Restaurant"
      },
      "geometry": {
        "type": "Point",
        "coordinates": [
          106.7042541,
          10.7746812
        ]
      },
      "id": "node/2978049992"
    },
    {
      "type": "Feature",
      "properties": {
        "@id": "node/2993459233",
        "amenity": "restaurant",
        "cuisine": "vietnamese",
        "name": "Trung Tâm Tiếng Anh Hội Việt Mỹ - VUS",
        "name:en": "Vietnamese-US Society English Centre"
      },
      "geometry": {
        "type": "Point",
        "coordinates": [
          106.7203938,
          10.7287847
        ]
      },
      "id": "node/2993459233"
    },
    {
      "type": "Feature",
      "properties": {
        "@id": "node/3020012282",
        "addr:housenumber": "350",
        "addr:street": "Võ Văn Ngân",
        "amenity": "restaurant",
        "name": "Quán Cơm Sinh Viên"
      },
      "geometry": {
        "type": "Point",
        "coordinates": [
          106.7713821,
          10.849584
        ]
      },
      "id": "node/3020012282"
    },
    {
      "type": "Feature",
      "properties": {
        "@id": "node/3020012287",
        "amenity": "restaurant",
        "name": "Quán Cơm Gà Ta"
      },
      "geometry": {
        "type": "Point",
        "coordinates": [
          106.770729,
          10.8472007
        ]
      },
      "id": "node/3020012287"
    },
    {
      "type": "Feature",
      "properties": {
        "@id": "node/3042827392",
        "amenity": "restaurant",
        "name": "Tiệm Bún Bò Cây Me"
      },
      "geometry": {
        "type": "Point",
        "coordinates": [
          106.7705028,
          10.8474734
        ]
      },
      "id": "node/3042827392"
    },
    {
      "type": "Feature",
      "properties": {
        "@id": "node/3055681585",
        "addr:housenumber": "53",
        "addr:street": "Chu Mạnh Chinh",
        "amenity": "restaurant",
        "name": "Cơm Chiên Gà Xối Mỡ Lê Châu"
      },
      "geometry": {
        "type": "Point",
        "coordinates": [
          106.7686038,
          10.8475454
        ]
      },
      "id": "node/3055681585"
    },
    {
      "type": "Feature",
      "properties": {
        "@id": "node/3128738682",
        "addr:city": "Hồ Chí Minh",
        "addr:district": "District 7",
        "addr:housenumber": "C0-01 Riverside",
        "addr:street": "Nguyễn Lương Bằng",
        "addr:subdistrict": "Tan Phu",
        "amenity": "restaurant",
        "cuisine": "burger",
        "delivery": "yes",
        "name": "Nhà Hàng Pitchers Sports And Grill",
        "opening_hours": "7am - late",
        "smoking": "outside"
      },
      "geometry": {
        "type": "Point",
        "coordinates": [
          106.7271116,
          10.7190379
        ]
      },
      "id": "node/3128738682"
    },
    {
      "type": "Feature",
      "properties": {
        "@id": "node/3193702291",
        "addr:district": "1",
        "addr:housenumber": "2Bis",
        "addr:street": "Nguyễn Thị Minh Khai",
        "amenity": "restaurant"
      },
      "geometry": {
        "type": "Point",
        "coordinates": [
          106.703993,
          10.7895287
        ]
      },
      "id": "node/3193702291"
    },
    {
      "type": "Feature",
      "properties": {
        "@id": "node/3197121873",
        "amenity": "restaurant",
        "name": "Nhà Hàng ThaiExpress"
      },
      "geometry": {
        "type": "Point",
        "coordinates": [
          106.6878608,
          10.7983638
        ]
      },
      "id": "node/3197121873"
    },
    {
      "type": "Feature",
      "properties": {
        "@id": "node/3197126245",
        "amenity": "restaurant",
        "name": "Nhà Hàng Kichi - Kichi"
      },
      "geometry": {
        "type": "Point",
        "coordinates": [
          106.689146,
          10.7978158
        ]
      },
      "id": "node/3197126245"
    },
    {
      "type": "Feature",
      "properties": {
        "@id": "node/3197128387",
        "amenity": "restaurant",
        "name": "Bò Né 2 Chị Em"
      },
      "geometry": {
        "type": "Point",
        "coordinates": [
          106.6895901,
          10.7976159
        ]
      },
      "id": "node/3197128387"
    },
    {
      "type": "Feature",
      "properties": {
        "@id": "node/3198066291",
        "amenity": "restaurant",
        "name": "Bánh Cuốn Tây Hồ"
      },
      "geometry": {
        "type": "Point",
        "coordinates": [
          106.6849475,
          10.7998015
        ]
      },
      "id": "node/3198066291"
    },
    {
      "type": "Feature",
      "properties": {
        "@id": "node/3198391758",
        "amenity": "restaurant",
        "name": "Cơm Gà Tam Kỳ"
      },
      "geometry": {
        "type": "Point",
        "coordinates": [
          106.689422,
          10.7977045
        ]
      },
      "id": "node/3198391758"
    },
    {
      "type": "Feature",
      "properties": {
        "@id": "node/3202583001",
        "addr:housenumber": "359",
        "addr:street": "Lê Văn Sỹ",
        "amenity": "restaurant",
        "cuisine": "regional",
        "name": "Quán Lẩu Dê 304"
      },
      "geometry": {
        "type": "Point",
        "coordinates": [
          106.6649293,
          10.7966788
        ]
      },
      "id": "node/3202583001"
    },
    {
      "type": "Feature",
      "properties": {
        "@id": "node/3203252200",
        "amenity": "restaurant",
        "diet:vegetarian": "yes",
        "name": "Nhà Hàng Chay Lá Bồ Đề"
      },
      "geometry": {
        "type": "Point",
        "coordinates": [
          106.6861389,
          10.7994051
        ]
      },
      "id": "node/3203252200"
    },
    {
      "type": "Feature",
      "properties": {
        "@id": "node/3213603433",
        "amenity": "restaurant",
        "name": "Nhà Hàng Bonjour Resto"
      },
      "geometry": {
        "type": "Point",
        "coordinates": [
          106.6895662,
          10.8042838
        ]
      },
      "id": "node/3213603433"
    },
    {
      "type": "Feature",
      "properties": {
        "@id": "node/3213739749",
        "amenity": "restaurant",
        "cuisine": "chinese",
        "name": "Quán Ăn DimSum"
      },
      "geometry": {
        "type": "Point",
        "coordinates": [
          106.7041204,
          10.7896434
        ]
      },
      "id": "node/3213739749"
    },
    {
      "type": "Feature",
      "properties": {
        "@id": "node/3227623263",
        "amenity": "restaurant",
        "cuisine": "regional",
        "name": "Quán Cơm Dân Chủ"
      },
      "geometry": {
        "type": "Point",
        "coordinates": [
          106.6812448,
          10.7781609
        ]
      },
      "id": "node/3227623263"
    },
    {
      "type": "Feature",
      "properties": {
        "@id": "node/3227808476",
        "amenity": "restaurant",
        "check_date": "2025-04-06",
        "name": "Hana Buffet"
      },
      "geometry": {
        "type": "Point",
        "coordinates": [
          106.6909915,
          10.7835575
        ]
      },
      "id": "node/3227808476"
    },
    {
      "type": "Feature",
      "properties": {
        "@id": "node/3230868724",
        "amenity": "restaurant",
        "internet_access": "wlan",
        "name": "Nhà Hàng Hấp Thuỷ Nhiệt",
        "name:en": "Suon Cay BBQ"
      },
      "geometry": {
        "type": "Point",
        "coordinates": [
          106.6832919,
          10.8023909
        ]
      },
      "id": "node/3230868724"
    },
    {
      "type": "Feature",
      "properties": {
        "@id": "node/3235634694",
        "amenity": "restaurant",
        "name": "Phở Hùng"
      },
      "geometry": {
        "type": "Point",
        "coordinates": [
          106.6949916,
          10.7857396
        ]
      },
      "id": "node/3235634694"
    },
    {
      "type": "Feature",
      "properties": {
        "@id": "node/3235657592",
        "amenity": "restaurant",
        "name": "Cơm Tấm Cali",
        "name:de": "Cơm Tấm Cali"
      },
      "geometry": {
        "type": "Point",
        "coordinates": [
          106.6916737,
          10.7882189
        ]
      },
      "id": "node/3235657592"
    },
    {
      "type": "Feature",
      "properties": {
        "@id": "node/3235660156",
        "amenity": "restaurant",
        "name": "Nhà Hàng Món Huế"
      },
      "geometry": {
        "type": "Point",
        "coordinates": [
          106.6905927,
          10.7890805
        ]
      },
      "id": "node/3235660156"
    },
    {
      "type": "Feature",
      "properties": {
        "@id": "node/3235660157",
        "amenity": "restaurant",
        "brand": "Pizza Hut",
        "brand:wikidata": "Q191615",
        "cuisine": "pizza",
        "name": "Pizza Hut"
      },
      "geometry": {
        "type": "Point",
        "coordinates": [
          106.6899973,
          10.7893229
        ]
      },
      "id": "node/3235660157"
    },
    {
      "type": "Feature",
      "properties": {
        "@id": "node/3237749406",
        "amenity": "restaurant",
        "name": "Nhà Hàng Ngô Đồng"
      },
      "geometry": {
        "type": "Point",
        "coordinates": [
          106.7691207,
          10.8522536
        ]
      },
      "id": "node/3237749406"
    },
    {
      "type": "Feature",
      "properties": {
        "@id": "node/3246513532",
        "addr:city": "Ho Chi Minh City",
        "addr:district": "1",
        "addr:housenumber": "15",
        "addr:street": "Đông Du",
        "amenity": "restaurant",
        "name": "Nhà Hàng Portofino",
        "name:de": "Portofino",
        "phone": "08 3823 3597"
      },
      "geometry": {
        "type": "Point",
        "coordinates": [
          106.7048961,
          10.776223
        ]
      },
      "id": "node/3246513532"
    },
    {
      "type": "Feature",
      "properties": {
        "@id": "node/3246513533",
        "addr:city": "Thành phố Hồ Chí Minh",
        "addr:district": "Quận 1",
        "addr:street": "Hai Bà Trưng",
        "amenity": "restaurant",
        "name": "Nhà Hàng Xu"
      },
      "geometry": {
        "type": "Point",
        "coordinates": [
          106.7044959,
          10.7769624
        ]
      },
      "id": "node/3246513533"
    },
    {
      "type": "Feature",
      "properties": {
        "@id": "node/3247598477",
        "amenity": "restaurant",
        "name": "Quán Cơm Tấm"
      },
      "geometry": {
        "type": "Point",
        "coordinates": [
          106.7693458,
          10.847489
        ]
      },
      "id": "node/3247598477"
    },
    {
      "type": "Feature",
      "properties": {
        "@id": "node/3248010584",
        "addr:city": "Thành phố Hồ Chí Minh",
        "addr:district": "Quận 1",
        "addr:housenumber": "5D",
        "addr:street": "Nguyễn Siêu",
        "addr:subdistrict": "Phường Bến Nghé",
        "amenity": "restaurant",
        "cuisine": "argentinian",
        "name": "Nhà Hàng El Gaucho",
        "phone": "08 38 251 879",
        "website": "https://elgaucho.asia/"
      },
      "geometry": {
        "type": "Point",
        "coordinates": [
          106.7045057,
          10.7777314
        ]
      },
      "id": "node/3248010584"
    },
    {
      "type": "Feature",
      "properties": {
        "@id": "node/3250177299",
        "amenity": "restaurant",
        "brand": "Phở 24",
        "brand:wikidata": "Q63863118",
        "cuisine": "vietnamese;noodle",
        "name": "Phở 24",
        "name:de": "phở 24",
        "name:en": "Pho 24",
        "name:vi": "Phở 24"
      },
      "geometry": {
        "type": "Point",
        "coordinates": [
          106.7046273,
          10.7745474
        ]
      },
      "id": "node/3250177299"
    },
    {
      "type": "Feature",
      "properties": {
        "@id": "node/3250473774",
        "amenity": "restaurant",
        "name": "Nhà Hàng Hoa Tulip 1"
      },
      "geometry": {
        "type": "Point",
        "coordinates": [
          106.6846545,
          10.7764352
        ]
      },
      "id": "node/3250473774"
    },
    {
      "type": "Feature",
      "properties": {
        "@id": "node/3257659065",
        "addr:city": "Thành phố Hồ Chí Minh",
        "addr:district": "Quận 1",
        "addr:housenumber": "34",
        "addr:street": "Hai Bà Trưng",
        "amenity": "restaurant",
        "cuisine": "thai",
        "name": "Nhà Hàng Golden Elephant"
      },
      "geometry": {
        "type": "Point",
        "coordinates": [
          106.704788,
          10.7769534
        ]
      },
      "id": "node/3257659065"
    },
    {
      "type": "Feature",
      "properties": {
        "@id": "node/3350023231",
        "addr:city": "Thành phố Hồ Chí Minh",
        "addr:district": "Quận 1",
        "addr:housenumber": "5B",
        "addr:street": "Nguyễn Siêu",
        "addr:subdistrict": "Phường Bến Nghé",
        "amenity": "restaurant",
        "cuisine": "danish",
        "name": "Nhà Hàng StormP Saigon",
        "phone": "08 38 27 47 38",
        "website": "http://www.stormp.vn/"
      },
      "geometry": {
        "type": "Point",
        "coordinates": [
          106.7044489,
          10.7776676
        ]
      },
      "id": "node/3350023231"
    },
    {
      "type": "Feature",
      "properties": {
        "@id": "node/3377404612",
        "addr:city": "Ho Chi Minh City",
        "addr:housenumber": "40",
        "addr:street": "Lily Road",
        "amenity": "restaurant",
        "cuisine": "international",
        "name": "Nhà Hàng The Boathouse",
        "website": "https://www.facebook.com/boathousevietnam"
      },
      "geometry": {
        "type": "Point",
        "coordinates": [
          106.7382912,
          10.8089278
        ]
      },
      "id": "node/3377404612"
    },
    {
      "type": "Feature",
      "properties": {
        "@id": "node/3379310600",
        "addr:housenumber": "30",
        "addr:street": "Tống Hữu Định",
        "amenity": "restaurant",
        "cuisine": "italian",
        "name": "Pendalosco",
        "website": "https://www.pendolasco.vn/"
      },
      "geometry": {
        "type": "Point",
        "coordinates": [
          106.734364,
          10.8065193
        ]
      },
      "id": "node/3379310600"
    },
    {
      "type": "Feature",
      "properties": {
        "@id": "node/3406085807",
        "amenity": "restaurant",
        "cuisine": "vietnamese",
        "ele": "31.36",
        "name": "Nhà Hàng Ẩm Thực Việt Nam",
        "name:de": "VIETNAMESE CUISINE"
      },
      "geometry": {
        "type": "Point",
        "coordinates": [
          106.693433,
          10.766989
        ]
      },
      "id": "node/3406085807"
    },
    {
      "type": "Feature",
      "properties": {
        "@id": "node/3463000309",
        "addr:city": "Phường 17",
        "addr:district": "Phú Nhuận",
        "addr:housenumber": "82",
        "addr:subdistrict": "cư xá Nguyễn Văn Trỗi",
        "amenity": "restaurant",
        "cuisine": "Các_món_ăn_Huế",
        "name": "Quán Ngự Bình"
      },
      "geometry": {
        "type": "Point",
        "coordinates": [
          106.6820018,
          10.7924466
        ]
      },
      "id": "node/3463000309"
    },
    {
      "type": "Feature",
      "properties": {
        "@id": "node/3473955573",
        "amenity": "restaurant",
        "cuisine": "indian",
        "internet_access": "wlan",
        "name": "Nhà Hàng Pundjab",
        "name:de": "Pundjab",
        "name:fr": "pundjab"
      },
      "geometry": {
        "type": "Point",
        "coordinates": [
          106.6941696,
          10.7680371
        ]
      },
      "id": "node/3473955573"
    },
    {
      "type": "Feature",
      "properties": {
        "@id": "node/3474053321",
        "addr:city": "Ho Chi Minh City",
        "addr:housenumber": "151a",
        "addr:street": "Hai Bà Trưng",
        "amenity": "restaurant",
        "cuisine": "vietnamese",
        "name": "Nhà Hàng Koto",
        "website": "https://www.koto.com.au/about-koto/koto-enterprise/koto-saigon-restaurant"
      },
      "geometry": {
        "type": "Point",
        "coordinates": [
          106.6969715,
          10.7830786
        ]
      },
      "id": "node/3474053321"
    },
    {
      "type": "Feature",
      "properties": {
        "@id": "node/3506699501",
        "addr:housenumber": "46A",
        "addr:street": "Đinh Công Tráng",
        "amenity": "restaurant",
        "cuisine": "vietnamese",
        "name": "Bánh Xèo 46A",
        "note": "Touristy"
      },
      "geometry": {
        "type": "Point",
        "coordinates": [
          106.6912995,
          10.7896047
        ]
      },
      "id": "node/3506699501"
    },
    {
      "type": "Feature",
      "properties": {
        "@id": "node/3508216224",
        "addr:city": "Ho Chi Minh City",
        "addr:district": "District 1",
        "addr:housenumber": "33",
        "addr:street": "Ðồng Khởi",
        "amenity": "restaurant",
        "name": "MIT rooftop bistro"
      },
      "geometry": {
        "type": "Point",
        "coordinates": [
          106.7054779,
          10.7736594
        ]
      },
      "id": "node/3508216224"
    },
    {
      "type": "Feature",
      "properties": {
        "@id": "node/3508226903",
        "addr:city": "Ho Chi Minh City",
        "addr:district": "District 1",
        "addr:housenumber": "9",
        "addr:street": "Ngô Ðức Kế",
        "amenity": "restaurant",
        "cuisine": "french",
        "name": "Nhà Hàng Pháp La Fourchette",
        "phone": "08 3829 8143",
        "website": "http://www.lafourchettesg.com"
      },
      "geometry": {
        "type": "Point",
        "coordinates": [
          106.7056571,
          10.7738554
        ]
      },
      "id": "node/3508226903"
    },
    {
      "type": "Feature",
      "properties": {
        "@id": "node/3508231614",
        "addr:city": "Ho Chi Minh City",
        "addr:housenumber": "29",
        "addr:street": "Tôn Thất Thiệp",
        "amenity": "restaurant",
        "cuisine": "vietnamese",
        "name": "Nhà Hàng Temple Club",
        "name:de": "Temple Club",
        "phone": "08 3829 9244",
        "website": "https://www.templeclub.com.vn/"
      },
      "geometry": {
        "type": "Point",
        "coordinates": [
          106.7017621,
          10.7732582
        ]
      },
      "id": "node/3508231614"
    },
    {
      "type": "Feature",
      "properties": {
        "@id": "node/3508233797",
        "addr:city": "Ho Chi Minh City",
        "addr:housenumber": "29",
        "addr:street": "Tôn Thất Thiệp",
        "amenity": "restaurant",
        "cuisine": "barbecue",
        "name": "Nhà Hàn 3T Quán Nướng",
        "phone": "08 3821 1631"
      },
      "geometry": {
        "type": "Point",
        "coordinates": [
          106.7017957,
          10.7732808
        ]
      },
      "id": "node/3508233797"
    },
    {
      "type": "Feature",
      "properties": {
        "@id": "node/3508237297",
        "addr:city": "Thành phố Hồ Chí Minh",
        "addr:housenumber": "38",
        "addr:street": "Lý Tự Trọng",
        "amenity": "restaurant",
        "cuisine": "vietnamese",
        "name": "Nhà Hàng Hương Lài",
        "name:zh": "日本人經營的越南菜餐廳",
        "phone": "(84-8)3822-6814",
        "website": "http://huonglai2001saigon.com"
      },
      "geometry": {
        "type": "Point",
        "coordinates": [
          106.700248,
          10.77734
        ]
      },
      "id": "node/3508237297"
    },
    {
      "type": "Feature",
      "properties": {
        "@id": "node/3607000655",
        "addr:city": "Saigon",
        "addr:housenumber": "102",
        "addr:street": "Cao Thắng",
        "amenity": "restaurant",
        "cuisine": "Banh_xeo,_banh_khot",
        "name": "Bánh Khọt Cô Ba Vũng Tàu"
      },
      "geometry": {
        "type": "Point",
        "coordinates": [
          106.6815986,
          10.7705632
        ]
      },
      "id": "node/3607000655"
    },
    {
      "type": "Feature",
      "properties": {
        "@id": "node/3607020510",
        "amenity": "restaurant",
        "internet_access": "wlan",
        "name": "Nhà Hàng Vỹ Dạ"
      },
      "geometry": {
        "type": "Point",
        "coordinates": [
          106.6980099,
          10.7749047
        ]
      },
      "id": "node/3607020510"
    },
    {
      "type": "Feature",
      "properties": {
        "@id": "node/3641662433",
        "addr:housenumber": "11A",
        "addr:street": "Cao Thắng",
        "amenity": "restaurant",
        "cuisine": "banh_cuon_(breakfast/lunch)",
        "name": "Bánh Cuốn Hải Nam",
        "opening_hours": "Mo-Su 07:30-10:45"
      },
      "geometry": {
        "type": "Point",
        "coordinates": [
          106.6834665,
          10.7687389
        ]
      },
      "id": "node/3641662433"
    },
    {
      "type": "Feature",
      "properties": {
        "@id": "node/3641669041",
        "addr:housenumber": "84",
        "addr:street": "Đinh Tiên Hoàng",
        "amenity": "restaurant",
        "cuisine": "vietnamese",
        "name": "Quán Chả Giò Cua Biển 94"
      },
      "geometry": {
        "type": "Point",
        "coordinates": [
          106.6976096,
          10.7903516
        ]
      },
      "id": "node/3641669041"
    },
    {
      "type": "Feature",
      "properties": {
        "@id": "node/3641673395",
        "amenity": "restaurant",
        "cuisine": "vietnamese",
        "name": "Quán Cơm Tấm 390"
      },
      "geometry": {
        "type": "Point",
        "coordinates": [
          106.6720457,
          10.7830862
        ]
      },
      "id": "node/3641673395"
    },
    {
      "type": "Feature",
      "properties": {
        "@id": "node/3641697177",
        "addr:housenumber": "74",
        "addr:street": "Nguyễn Văn Cừ",
        "amenity": "restaurant",
        "cuisine": "Broken_rice_pork_chop",
        "name": "Cơm Tấm Nguyễn Văn Cừ"
      },
      "geometry": {
        "type": "Point",
        "coordinates": [
          106.6845222,
          10.7577795
        ]
      },
      "id": "node/3641697177"
    },
    {
      "type": "Feature",
      "properties": {
        "@id": "node/3641715416",
        "addr:housenumber": "195",
        "addr:street": "Đường Cô Giang",
        "amenity": "restaurant",
        "cuisine": "Vietnamese_vermicelli_grilled_pork",
        "name": "Bún Nước Chị Ba"
      },
      "geometry": {
        "type": "Point",
        "coordinates": [
          106.6927466,
          10.7611535
        ]
      },
      "id": "node/3641715416"
    },
    {
      "type": "Feature",
      "properties": {
        "@id": "node/3642371161",
        "amenity": "restaurant",
        "name": "Nhà Hàng Vườn Cau"
      },
      "geometry": {
        "type": "Point",
        "coordinates": [
          106.6937108,
          10.8217469
        ]
      },
      "id": "node/3642371161"
    },
    {
      "type": "Feature",
      "properties": {
        "@id": "node/3654562875",
        "addr:city": "Ho Chi Minh City",
        "addr:housenumber": "54A",
        "addr:street": "Nguyễn Văn Trỗi",
        "amenity": "restaurant",
        "cuisine": "vietnamese",
        "name": "Bánh Xèo Mười Xiềm"
      },
      "geometry": {
        "type": "Point",
        "coordinates": [
          106.6779976,
          10.794319
        ]
      },
      "id": "node/3654562875"
    },
    {
      "type": "Feature",
      "properties": {
        "@id": "node/3704159195",
        "addr:housenumber": "204",
        "addr:street": "Nguyễn Ðình Chiểu",
        "amenity": "restaurant",
        "contact:phone": "+84 90 799 98 83",
        "diet:vegan": "yes",
        "diet:vegetarian": "yes",
        "name": "Nhà Hàng Prem Bistro & Cafe",
        "website": "https://www.prembistro.com/"
      },
      "geometry": {
        "type": "Point",
        "coordinates": [
          106.6894658,
          10.7752831
        ]
      },
      "id": "node/3704159195"
    },
    {
      "type": "Feature",
      "properties": {
        "@id": "node/3704159196",
        "amenity": "restaurant",
        "diet:vegan": "yes",
        "diet:vegetarian": "yes",
        "name": "Nhà Hàng The Organic",
        "name:de": "The Organic"
      },
      "geometry": {
        "type": "Point",
        "coordinates": [
          106.693465,
          10.7916099
        ]
      },
      "id": "node/3704159196"
    },
    {
      "type": "Feature",
      "properties": {
        "@id": "node/3704159197",
        "amenity": "restaurant",
        "diet:vegan": "yes",
        "diet:vegetarian": "only",
        "name:de": "Tib Vegetarian",
        "name:en": "Tib Vegetarian",
        "name:vi": "Tib Chay"
      },
      "geometry": {
        "type": "Point",
        "coordinates": [
          106.6983394,
          10.7906521
        ]
      },
      "id": "node/3704159197"
    },
    {
      "type": "Feature",
      "properties": {
        "@id": "node/3744246109",
        "addr:street": "Võ Văn Tần",
        "amenity": "restaurant",
        "diet:vegan": "yes",
        "diet:vegetarian": "only",
        "name": "Nhà Hàng Chay Saigon 3"
      },
      "geometry": {
        "type": "Point",
        "coordinates": [
          106.6866707,
          10.7763157
        ]
      },
      "id": "node/3744246109"
    },
    {
      "type": "Feature",
      "properties": {
        "@id": "node/3756711935",
        "air_conditioning": "yes",
        "amenity": "restaurant",
        "cuisine": "italian",
        "indoor_seating": "yes",
        "name": "Nhà Hàng Basilico",
        "opening_hours": "Mo-Su 06:30-21:30",
        "outdoor_seating": "yes"
      },
      "geometry": {
        "type": "Point",
        "coordinates": [
          106.7011626,
          10.7814055
        ]
      },
      "id": "node/3756711935"
    },
    {
      "type": "Feature",
      "properties": {
        "@id": "node/3780395065",
        "addr:city": "Ho Chi Minh City",
        "addr:district": "Phú Nhuận",
        "addr:housenumber": "26",
        "addr:postcode": "700000",
        "addr:province": "Ho Chi Minh",
        "addr:street": "Hoa Đào",
        "addr:subdistrict": "2",
        "amenity": "restaurant",
        "capacity": "100",
        "cuisine": "nướng",
        "name": "Nhà Hàng K-Pub Hoa Đào",
        "opening_hours": "10:00-22:00",
        "smoking": "outside",
        "takeaway": "yes"
      },
      "geometry": {
        "type": "Point",
        "coordinates": [
          106.687348,
          10.7978087
        ]
      },
      "id": "node/3780395065"
    },
    {
      "type": "Feature",
      "properties": {
        "@id": "node/3809342864",
        "addr:housenumber": "159",
        "addr:street": "Nguyễn Đình Chiểu",
        "amenity": "restaurant",
        "cuisine": "sushi",
        "name": "Nhà Hàng The Sushi Bar 4",
        "website": "http://sushibar-vn.com"
      },
      "geometry": {
        "type": "Point",
        "coordinates": [
          106.6878807,
          10.775935
        ]
      },
      "id": "node/3809342864"
    },
    {
      "type": "Feature",
      "properties": {
        "@id": "node/3893466778",
        "amenity": "restaurant",
        "name": "Nhà Hàng Thanh Thìn"
      },
      "geometry": {
        "type": "Point",
        "coordinates": [
          106.7000487,
          10.7676305
        ]
      },
      "id": "node/3893466778"
    },
    {
      "type": "Feature",
      "properties": {
        "@id": "node/3893467766",
        "amenity": "restaurant",
        "diet:vegetarian": "only",
        "name": "Nhà Hàng Chay Hương Sen",
        "name:de": "Huong Sen Vegetarian Restaurant"
      },
      "geometry": {
        "type": "Point",
        "coordinates": [
          106.6912982,
          10.7691582
        ]
      },
      "id": "node/3893467766"
    },
    {
      "type": "Feature",
      "properties": {
        "@id": "node/3899274116",
        "amenity": "restaurant",
        "name": "Nhà Hàng D'Green Salad Food Drink",
        "name:de": "d'Green Salad Food Drink"
      },
      "geometry": {
        "type": "Point",
        "coordinates": [
          106.693061,
          10.769733
        ]
      },
      "id": "node/3899274116"
    },
    {
      "type": "Feature",
      "properties": {
        "@id": "node/3902968379",
        "addr:city": "Ho Chi MInh City",
        "addr:district": "District 1",
        "addr:housenumber": "5",
        "addr:street": "Hẻm 5a Nguyễn Ðình Chiểu",
        "addr:subdistrict": "(Villa)",
        "amenity": "restaurant",
        "cuisine": "schnitzel;_falafel",
        "delivery": "yes",
        "name": "Nhà Hàng Chabad Vietnam",
        "name:he": "בית חב\"ד הו צ'ין מין",
        "name:vi": "בית חבד סייגון",
        "opening_hours": "09:00-21:00",
        "smoking": "outside",
        "takeaway": "yes"
      },
      "geometry": {
        "type": "Point",
        "coordinates": [
          106.7014657,
          10.7892923
        ]
      },
      "id": "node/3902968379"
    },
    {
      "type": "Feature",
      "properties": {
        "@id": "node/3949508830",
        "amenity": "restaurant",
        "cuisine": "steak_house",
        "name": "El Gaucho"
      },
      "geometry": {
        "type": "Point",
        "coordinates": [
          106.7185037,
          10.7278506
        ]
      },
      "id": "node/3949508830"
    },
    {
      "type": "Feature",
      "properties": {
        "@id": "node/4032744772",
        "addr:city": "Hồ Chí Minh",
        "addr:district": "Hóc môn",
        "addr:housenumber": "151/2B",
        "addr:postcode": "70000",
        "addr:street": "Nguyễn Ảnh Thủ",
        "addr:subdistrict": "Ấp Trung Chánh 2, xã Trung Chánh, Huyện Hóc Môn",
        "amenity": "restaurant",
        "branch": "Nguyễn Ảnh Thủ",
        "brand": "Pizza Hut",
        "brand:wikidata": "Q191615",
        "capacity": "100",
        "cuisine": "pizza",
        "delivery": "yes",
        "name": "Pizza Hut",
        "opening_hours": "10:00-22:00",
        "takeaway": "yes"
      },
      "geometry": {
        "type": "Point",
        "coordinates": [
          106.608923,
          10.8580302
        ]
      },
      "id": "node/4032744772"
    },
    {
      "type": "Feature",
      "properties": {
        "@id": "node/4089342074",
        "addr:city": "Ho Chi Minh City",
        "addr:district": "Q1",
        "addr:housenumber": "34",
        "addr:street": "Lê Duẩn",
        "amenity": "restaurant",
        "branch": "Diamond",
        "brand": "Pizza Hut",
        "brand:wikidata": "Q191615",
        "capacity": "100",
        "cuisine": "pizza",
        "delivery": "no",
        "ele": "4",
        "name": "Pizza Hut",
        "opening_hours": "10:00-22:00",
        "takeaway": "yes"
      },
      "geometry": {
        "type": "Point",
        "coordinates": [
          106.6982429,
          10.7807736
        ]
      },
      "id": "node/4089342074"
    },
    {
      "type": "Feature",
      "properties": {
        "@id": "node/4089362511",
        "addr:district": "Quan 10",
        "addr:housenumber": "3",
        "addr:province": "Hồ Chí Minh",
        "addr:street": "3 Tháng 2",
        "amenity": "restaurant",
        "branch": "3 2",
        "brand": "Pizza Hut",
        "brand:wikidata": "Q191615",
        "capacity": "100",
        "cuisine": "pizza",
        "delivery": "no",
        "name": "Pizza Hut",
        "opening_hours": "10:00-22:00",
        "takeaway": "yes"
      },
      "geometry": {
        "type": "Point",
        "coordinates": [
          106.6811613,
          10.7770084
        ]
      },
      "id": "node/4089362511"
    },
    {
      "type": "Feature",
      "properties": {
        "@id": "node/4089366197",
        "addr:city": "Ho Chi Minh City",
        "addr:district": "Quận Tân Bình",
        "addr:housenumber": "60A",
        "addr:street": "Trường Sơn",
        "addr:subdistrict": "Phường 2",
        "amenity": "restaurant",
        "branch": "Citi Plaza",
        "brand": "Pizza Hut",
        "brand:wikidata": "Q191615",
        "capacity": "100",
        "cuisine": "pizza",
        "delivery": "no",
        "name": "Pizza Hut",
        "opening_hours": "10:00-22:00",
        "takeaway": "yes"
      },
      "geometry": {
        "type": "Point",
        "coordinates": [
          106.6656021,
          10.8132735
        ]
      },
      "id": "node/4089366197"
    },
    {
      "type": "Feature",
      "properties": {
        "@id": "node/4089381512",
        "addr:city": "Ho Chi Minh City",
        "addr:district": "Quận Tân Bình",
        "addr:housenumber": "364",
        "addr:street": "Cộng Hoà",
        "addr:subdistrict": "Phường 13",
        "amenity": "restaurant",
        "branch": "Etown",
        "brand": "Pizza Hut",
        "brand:wikidata": "Q191615",
        "cuisine": "pizza",
        "delivery": "yes",
        "name": "Pizza Hut",
        "opening_hours": "10:00-22:00",
        "takeaway": "yes"
      },
      "geometry": {
        "type": "Point",
        "coordinates": [
          106.6407219,
          10.8009329
        ]
      },
      "id": "node/4089381512"
    },
    {
      "type": "Feature",
      "properties": {
        "@id": "node/4089382204",
        "addr:city": "Hồ Chí Minh",
        "addr:district": "Quận 7",
        "addr:housenumber": "469",
        "addr:street": "Nguyễn Hữu Thọ",
        "addr:subdistrict": "Phường Tân Hưng",
        "amenity": "restaurant",
        "branch": "Lotte Q7",
        "brand": "Pizza Hut",
        "brand:wikidata": "Q191615",
        "capacity": "100",
        "cuisine": "pizza",
        "name": "Pizza Hut",
        "opening_hours": "10:00 - 22:00",
        "takeaway": "yes"
      },
      "geometry": {
        "type": "Point",
        "coordinates": [
          106.7017062,
          10.74164
        ]
      },
      "id": "node/4089382204"
    },
    {
      "type": "Feature",
      "properties": {
        "@id": "node/4089385463",
        "addr:city": "Ho Chi Minh City",
        "addr:district": "Quận 1",
        "addr:housenumber": "235",
        "addr:street": "Nguyễn Văn Cừ",
        "amenity": "restaurant",
        "branch": "Nowzone",
        "brand": "Pizza Hut",
        "cuisine": "pizza",
        "ele": "4",
        "name": "Pizza Hut",
        "not:brand:wikidata": "Q191615",
        "takeaway": "yes"
      },
      "geometry": {
        "type": "Point",
        "coordinates": [
          106.6824701,
          10.7641929
        ]
      },
      "id": "node/4089385463"
    },
    {
      "type": "Feature",
      "properties": {
        "@id": "node/4089387235",
        "addr:city": "Ho Chi Minh City",
        "addr:district": "Quận 7",
        "addr:housenumber": "101",
        "addr:street": "Tôn Dật Tiên",
        "addr:subdistrict": "Phường Tân Phú",
        "amenity": "restaurant",
        "branch": "Cresent mall",
        "brand": "Pizza Hut",
        "brand:wikidata": "Q191615",
        "capacity": "100",
        "cuisine": "pizza",
        "delivery": "no",
        "ele": "5",
        "name": "Pizza Hut",
        "opening_hours": "10:00-22:00",
        "takeaway": "yes"
      },
      "geometry": {
        "type": "Point",
        "coordinates": [
          106.7198694,
          10.7297073
        ]
      },
      "id": "node/4089387235"
    },
    {
      "type": "Feature",
      "properties": {
        "@id": "node/4089388467",
        "addr:city": "Hồ Chí Minh",
        "addr:district": "Quận 7",
        "addr:housenumber": "S20-1",
        "addr:street": "Nguyễn Văn Linh",
        "addr:subdistrict": "Tân Phong",
        "amenity": "restaurant",
        "branch": "Sky Garden",
        "brand": "Pizza Hut",
        "brand:wikidata": "Q191615",
        "cuisine": "pizza",
        "delivery": "yes",
        "name": "Pizza Hut",
        "opening_hours": "10:00-22:00",
        "takeaway": "yes"
      },
      "geometry": {
        "type": "Point",
        "coordinates": [
          106.7061103,
          10.7292804
        ]
      },
      "id": "node/4089388467"
    },
    {
      "type": "Feature",
      "properties": {
        "@id": "node/4089402948",
        "addr:city": "Ho Chi Minh City",
        "addr:district": "Quận Tân Bình",
        "addr:housenumber": "731",
        "addr:street": "CMT8",
        "addr:subdistrict": "Phường 6",
        "amenity": "restaurant",
        "branch": "CMT8",
        "brand": "Pizza Hut",
        "brand:wikidata": "Q191615",
        "cuisine": "pizza",
        "delivery": "yes",
        "name": "Pizza Hut",
        "opening_hours": "10:00-22:00",
        "takeaway": "yes"
      },
      "geometry": {
        "type": "Point",
        "coordinates": [
          106.6633102,
          10.7875158
        ]
      },
      "id": "node/4089402948"
    },
    {
      "type": "Feature",
      "properties": {
        "@id": "node/4089403710",
        "addr:city": "Ho Chi Minh City",
        "addr:district": "Quận Tân Phú",
        "addr:housenumber": "1/1",
        "addr:street": "Trường Chinh",
        "addr:subdistrict": "Phường Tây Thạnh",
        "amenity": "restaurant",
        "branch": "Pandora",
        "brand": "Pizza Hut",
        "brand:wikidata": "Q191615",
        "cuisine": "pizza",
        "delivery": "no",
        "name": "Pizza Hut",
        "opening_hours": "10:00-22:00",
        "takeaway": "yes"
      },
      "geometry": {
        "type": "Point",
        "coordinates": [
          106.63439,
          10.8062117
        ]
      },
      "id": "node/4089403710"
    },
    {
      "type": "Feature",
      "properties": {
        "@id": "node/4089404601",
        "addr:city": "Ho Chi Minh City",
        "addr:district": "Quận 10",
        "addr:housenumber": "397",
        "addr:street": "Đường Nguyễn Tri Phương",
        "addr:subdistrict": "Phường 5",
        "amenity": "restaurant",
        "branch": "Nguyễn Tri Phương",
        "brand": "Pizza Hut",
        "brand:wikidata": "Q191615",
        "cuisine": "pizza",
        "delivery": "yes",
        "name": "Pizza Hut",
        "opening_hours": "10:00-22:00",
        "takeaway": "yes"
      },
      "geometry": {
        "type": "Point",
        "coordinates": [
          106.6679121,
          10.7633997
        ]
      },
      "id": "node/4089404601"
    },
    {
      "type": "Feature",
      "properties": {
        "@id": "node/4089412564",
        "addr:city": "Hồ Chí Minh",
        "addr:district": "Quận Thủ Đức",
        "addr:housenumber": "24",
        "addr:street": "Võ Văn Ngân",
        "addr:subdistrict": "Phường Trường Thọ",
        "amenity": "restaurant",
        "branch": "Võ Văn Ngân",
        "brand": "Pizza Hut",
        "brand:wikidata": "Q191615",
        "capacity": "100",
        "cuisine": "pizza",
        "delivery": "yes",
        "name": "Pizza Hut",
        "opening_hours": "10:00-22:00",
        "takeaway": "yes"
      },
      "geometry": {
        "type": "Point",
        "coordinates": [
          106.7565904,
          10.8511325
        ]
      },
      "id": "node/4089412564"
    },
    {
      "type": "Feature",
      "properties": {
        "@id": "node/4089416239",
        "addr:city": "Ho Chi Minh City",
        "addr:district": "Quận 10",
        "addr:housenumber": "317",
        "addr:street": "Đường Ngô Gia Tự",
        "addr:subdistrict": "Phường 3",
        "amenity": "restaurant",
        "branch": "Ngô Gia Tự",
        "brand": "Pizza Hut",
        "brand:wikidata": "Q191615",
        "cuisine": "pizza",
        "delivery": "no",
        "name": "Pizza Hut",
        "opening_hours": "10:00-22:00",
        "takeaway": "yes"
      },
      "geometry": {
        "type": "Point",
        "coordinates": [
          106.6706034,
          10.7619691
        ]
      },
      "id": "node/4089416239"
    },
    {
      "type": "Feature",
      "properties": {
        "@id": "node/4089419283",
        "addr:city": "Ho Chi Minh City",
        "addr:district": "Quận Bình Thạnh",
        "addr:housenumber": "151",
        "addr:street": "Xô Viết Nghệ Tĩnh",
        "addr:subdistrict": "Phường 17",
        "amenity": "restaurant",
        "branch": "XVNT",
        "brand": "Pizza Hut",
        "brand:wikidata": "Q191615",
        "cuisine": "pizza",
        "delivery": "yes",
        "name": "Pizza Hut",
        "opening_hours": "10:00-22:00",
        "takeaway": "yes"
      },
      "geometry": {
        "type": "Point",
        "coordinates": [
          106.7095937,
          10.7953131
        ]
      },
      "id": "node/4089419283"
    },
    {
      "type": "Feature",
      "properties": {
        "@id": "node/4115995654",
        "addr:city": "Ho Chi Minh City",
        "addr:district": "Quan 11",
        "addr:housenumber": "45M",
        "addr:street": "Đường Ông Ích Khiêm",
        "addr:subdistrict": "Phuong 10",
        "amenity": "restaurant",
        "capacity": "100",
        "cuisine": "pizza",
        "delivery": "yes",
        "name": "Pizza Hut",
        "not:brand:wikidata": "Q191615",
        "opening_hours": "10:00-22:00",
        "takeaway": "yes"
      },
      "geometry": {
        "type": "Point",
        "coordinates": [
          106.6450274,
          10.765984
        ]
      },
      "id": "node/4115995654"
    },
    {
      "type": "Feature",
      "properties": {
        "@id": "node/4116050774",
        "addr:city": "Ho Chi Minh City",
        "addr:district": "Quận 8",
        "addr:housenumber": "364",
        "addr:street": "Phạm Hùng",
        "addr:subdistrict": "Phường 5",
        "amenity": "restaurant",
        "capacity": "50",
        "cuisine": "pizza",
        "delivery": "yes",
        "name": "Pizza Hut",
        "not:brand:wikidata": "Q191615",
        "opening_hours": "10:00-22:00",
        "takeaway": "yes"
      },
      "geometry": {
        "type": "Point",
        "coordinates": [
          106.6710632,
          10.7367981
        ]
      },
      "id": "node/4116050774"
    },
    {
      "type": "Feature",
      "properties": {
        "@id": "node/4116060181",
        "addr:city": "Hồ Chí Minh",
        "addr:district": "Quận Gò Vấp",
        "addr:housenumber": "286",
        "addr:street": "Nguyễn Thái Sơn",
        "addr:subdistrict": "Phường 4",
        "amenity": "restaurant",
        "branch": "Nguyễn Thái Sơn",
        "brand": "Pizza Hut",
        "brand:wikidata": "Q191615",
        "capacity": "200",
        "cuisine": "pizza",
        "delivery": "yes",
        "name": "Pizza Hut",
        "opening_hours": "10:00-22:00",
        "takeaway": "yes"
      },
      "geometry": {
        "type": "Point",
        "coordinates": [
          106.6875289,
          10.8248569
        ]
      },
      "id": "node/4116060181"
    },
    {
      "type": "Feature",
      "properties": {
        "@id": "node/4120153789",
        "addr:housenumber": "102",
        "addr:street": "Phan Huy ích",
        "amenity": "restaurant",
        "name": "Bánh Xèo Miền Trung Huyền Chi"
      },
      "geometry": {
        "type": "Point",
        "coordinates": [
          106.6351138,
          10.8348937
        ]
      },
      "id": "node/4120153789"
    },
    {
      "type": "Feature",
      "properties": {
        "@id": "node/4120750189",
        "addr:housenumber": "52",
        "addr:street": "Trương Định",
        "amenity": "restaurant",
        "delivery": "yes",
        "diet:halal": "yes",
        "internet_access": "wlan",
        "internet_access:fee": "no",
        "name": "Nhà Hàng Saigon Green House",
        "opening_hours": "10:00-22:00"
      },
      "geometry": {
        "type": "Point",
        "coordinates": [
          106.6958298,
          10.7724714
        ]
      },
      "id": "node/4120750189"
    },
    {
      "type": "Feature",
      "properties": {
        "@id": "node/4124862891",
        "amenity": "restaurant",
        "name": "Nhà Hàng Boomerang Bistro Saigon"
      },
      "geometry": {
        "type": "Point",
        "coordinates": [
          106.7204412,
          10.7262831
        ]
      },
      "id": "node/4124862891"
    },
    {
      "type": "Feature",
      "properties": {
        "@id": "node/4138523708",
        "addr:housenumber": "Next to \"Yen Trang 2 Hotel\"",
        "addr:street": "Hẻm 40 Bùi Viện",
        "amenity": "restaurant",
        "cuisine": "vietnamese;local;regional",
        "diet:vegetarian": "yes",
        "name": "Nhà Hàng Asian Kitchen"
      },
      "geometry": {
        "type": "Point",
        "coordinates": [
          106.6940202,
          10.7683337
        ]
      },
      "id": "node/4138523708"
    },
    {
      "type": "Feature",
      "properties": {
        "@id": "node/4138542394",
        "addr:housenumber": "25",
        "addr:street": "Hẻm 28 Bùi Viện",
        "amenity": "restaurant",
        "cuisine": "vietnamese;sandwich;regional;local",
        "diet:vegetarian": "yes",
        "name": "Nhà Hàng Sando's",
        "note": "In basement of the \"Yen Trang Hotel\""
      },
      "geometry": {
        "type": "Point",
        "coordinates": [
          106.6944511,
          10.7681633
        ]
      },
      "id": "node/4138542394"
    },
    {
      "type": "Feature",
      "properties": {
        "@id": "node/4157231191",
        "addr:housenumber": "99",
        "addr:street": "Nguyễn Huệ",
        "amenity": "restaurant",
        "name": "Nhà Hàng Saigon Garden",
        "name:de": "Saigon Garden"
      },
      "geometry": {
        "type": "Point",
        "coordinates": [
          106.702529,
          10.7755232
        ]
      },
      "id": "node/4157231191"
    },
    {
      "type": "Feature",
      "properties": {
        "@id": "node/4158758194",
        "amenity": "restaurant",
        "name": "Nhà Hàng Lamenda",
        "name:en": "Lamenda Cafe"
      },
      "geometry": {
        "type": "Point",
        "coordinates": [
          106.6970177,
          10.7740352
        ]
      },
      "id": "node/4158758194"
    },
    {
      "type": "Feature",
      "properties": {
        "@id": "node/4164728589",
        "addr:housenumber": "202",
        "addr:street": "Nguyễn Duy Trinh",
        "amenity": "restaurant",
        "name": "Nhà Hàng Homyland 1"
      },
      "geometry": {
        "type": "Point",
        "coordinates": [
          106.763111,
          10.7869045
        ]
      },
      "id": "node/4164728589"
    },
    {
      "type": "Feature",
      "properties": {
        "@id": "node/4183849494",
        "addr:housenumber": "21",
        "addr:street": "Hàn Thuyên",
        "amenity": "restaurant",
        "cuisine": "sandwich",
        "name": "Nhà Hàng Propaganda Saigon Bistro",
        "name:en": "烤肉飯Propaganda",
        "name:zh": "烤肉飯",
        "opening_hours": "Mo-Su 07:30-23:00",
        "phone": "+84838229048",
        "website": "http://www.propaganda.vn/"
      },
      "geometry": {
        "type": "Point",
        "coordinates": [
          106.6980884,
          10.778708
        ]
      },
      "id": "node/4183849494"
    },
    {
      "type": "Feature",
      "properties": {
        "@id": "node/4208881489",
        "addr:housenumber": "59C",
        "addr:street": "Đường Thuận Kiều",
        "amenity": "restaurant",
        "name": "Tiệm Mì Huê Ký"
      },
      "geometry": {
        "type": "Point",
        "coordinates": [
          106.6583557,
          10.7572242
        ]
      },
      "id": "node/4208881489"
    },
    {
      "type": "Feature",
      "properties": {
        "@id": "node/4212531394",
        "addr:city": "Ho Chi Minh City",
        "addr:country": "VN",
        "addr:housenumber": "175/16",
        "addr:postcode": "700000",
        "addr:street": "Đường Phạm Ngũ Lão",
        "addr:subdistrict": "District 1",
        "amenity": "restaurant",
        "capacity": "200",
        "cuisine": "middle_eastern",
        "delivery": "yes",
        "description": "Halal Lebanese food in Saigon , server Arabic food and also serve Indian dishes",
        "name": "Nhà Hàng Hummus And Grill Lebanese",
        "opening_hours": "09:00-02:00",
        "smoking": "isolated",
        "source:name": "halal",
        "takeaway": "yes"
      },
      "geometry": {
        "type": "Point",
        "coordinates": [
          106.6942563,
          10.7684387
        ]
      },
      "id": "node/4212531394"
    },
    {
      "type": "Feature",
      "properties": {
        "@id": "node/4213285689",
        "addr:housenumber": "Unit 28",
        "addr:street": "Hẻm 6 Cách Mạng Tháng Tám",
        "amenity": "restaurant",
        "name": "Nhà Hàng Cycloresto",
        "phone": "0866804235"
      },
      "geometry": {
        "type": "Point",
        "coordinates": [
          106.6936449,
          10.7721513
        ]
      },
      "id": "node/4213285689"
    },
    {
      "type": "Feature",
      "properties": {
        "@id": "node/4213319189",
        "addr:housenumber": "10/14",
        "addr:street": "Hẻm 2 Lương Hữu Khanh",
        "amenity": "restaurant",
        "name": "Quán Cơm Đo Đo"
      },
      "geometry": {
        "type": "Point",
        "coordinates": [
          106.6867841,
          10.7698049
        ]
      },
      "id": "node/4213319189"
    },
    {
      "type": "Feature",
      "properties": {
        "@id": "node/4216846603",
        "amenity": "restaurant",
        "name": "Nhà Hàng The Lunch Lady"
      },
      "geometry": {
        "type": "Point",
        "coordinates": [
          106.7042222,
          10.7915811
        ]
      },
      "id": "node/4216846603"
    },
    {
      "type": "Feature",
      "properties": {
        "@id": "node/4223032389",
        "addr:housenumber": "157",
        "addr:street": "Võ Văn Tần",
        "amenity": "restaurant",
        "cuisine": "chinese",
        "name": "Nhà Hàng Trung Hoa Saigon 3"
      },
      "geometry": {
        "type": "Point",
        "coordinates": [
          106.6886013,
          10.7746583
        ]
      },
      "id": "node/4223032389"
    },
    {
      "type": "Feature",
      "properties": {
        "@id": "node/4223624090",
        "amenity": "restaurant",
        "name": "Nhà Hàng Kiều Giang",
        "name:en": "Kieu Giang",
        "name:vi": "Kiều Giang"
      },
      "geometry": {
        "type": "Point",
        "coordinates": [
          106.7930133,
          10.7911321
        ]
      },
      "id": "node/4223624090"
    },
    {
      "type": "Feature",
      "properties": {
        "@id": "node/4237449489",
        "addr:housenumber": "211",
        "addr:street": "Trần Xuân Soạn",
        "amenity": "restaurant",
        "cuisine": "vietnamese",
        "diet:vegan": "yes",
        "name": "Lạc Thảo Quán Bình Dân",
        "opening_hours": "Mo-Su 06:30-21:30"
      },
      "geometry": {
        "type": "Point",
        "coordinates": [
          106.71409,
          10.751774
        ]
      },
      "id": "node/4237449489"
    },
    {
      "type": "Feature",
      "properties": {
        "@id": "node/4238940026",
        "addr:city": "Dĩ An",
        "addr:district": "An Bình",
        "addr:housenumber": "12A/28",
        "addr:postcode": "820000",
        "addr:province": "Bình Dương",
        "addr:street": "Quốc lộ 1A",
        "addr:subdistrict": "Bình Đường 1",
        "amenity": "restaurant",
        "capacity": "1000",
        "cuisine": "wedding,_event",
        "delivery": "no",
        "name": "Nhà hàng tiệc cưới sự kiện Thiên Phú Quý",
        "opening_hours": "8:00",
        "smoking": "outside"
      },
      "geometry": {
        "type": "Point",
        "coordinates": [
          106.755723,
          10.8760796
        ]
      },
      "id": "node/4238940026"
    },
    {
      "type": "Feature",
      "properties": {
        "@id": "node/4242307089",
        "addr:housenumber": "52",
        "addr:street": "Đường Pasteur",
        "amenity": "restaurant",
        "cuisine": "american;pasta",
        "name": "Nhà Hàng The Elbow Room"
      },
      "geometry": {
        "type": "Point",
        "coordinates": [
          106.7024191,
          10.771263
        ]
      },
      "id": "node/4242307089"
    },
    {
      "type": "Feature",
      "properties": {
        "@id": "node/4245717091",
        "addr:housenumber": "70B",
        "addr:street": "Lê Lợi",
        "amenity": "restaurant",
        "email": "infoleloi@lusinespace.com",
        "facebook": "https://www.facebook.com/Lusinespace/",
        "instagram": "lusinespace",
        "level": "0;1",
        "name": "Nhà Hàng L'usine",
        "opening_hours": "07:00-22:30",
        "phone": "+84835210702",
        "shop": "yes",
        "website": "https://lusinespace.com/"
      },
      "geometry": {
        "type": "Point",
        "coordinates": [
          106.6994604,
          10.7731015
        ]
      },
      "id": "node/4245717091"
    },
    {
      "type": "Feature",
      "properties": {
        "@id": "node/4246077218",
        "addr:housenumber": "57",
        "addr:street": "Nguyễn Du",
        "amenity": "restaurant",
        "name": "Nhà Hàng My Bahn Mi",
        "name:en": "My Bahn Mi - The Bistro"
      },
      "geometry": {
        "type": "Point",
        "coordinates": [
          106.7005803,
          10.7794971
        ]
      },
      "id": "node/4246077218"
    },
    {
      "type": "Feature",
      "properties": {
        "@id": "node/4248300589",
        "addr:housenumber": "38",
        "addr:street": "Huỳnh Khương Ninh",
        "amenity": "restaurant",
        "brand": "Loving Hut",
        "brand:wikidata": "Q3491655",
        "cuisine": "international",
        "diet:vegan": "only",
        "name": "Loving Hut"
      },
      "geometry": {
        "type": "Point",
        "coordinates": [
          106.6953972,
          10.7894669
        ]
      },
      "id": "node/4248300589"
    },
    {
      "type": "Feature",
      "properties": {
        "@id": "node/4248300590",
        "addr:housenumber": "36",
        "addr:street": "Tôn Thất Thiệp",
        "amenity": "restaurant",
        "name": "Chả Cá Lã Vọng"
      },
      "geometry": {
        "type": "Point",
        "coordinates": [
          106.7025664,
          10.773666
        ]
      },
      "id": "node/4248300590"
    },
    {
      "type": "Feature",
      "properties": {
        "@id": "node/4267995190",
        "addr:housenumber": "171",
        "addr:street": "Đường Calmette",
        "amenity": "restaurant",
        "name": "Nhà Hàng Cà Phê Hồ Chí Minh",
        "name:de": "Cafe Restaurant Ho Chi Minh"
      },
      "geometry": {
        "type": "Point",
        "coordinates": [
          106.6977556,
          10.7696927
        ]
      },
      "id": "node/4267995190"
    },
    {
      "type": "Feature",
      "properties": {
        "@id": "node/4269768896",
        "amenity": "restaurant",
        "name": "Quán Năm Lửa"
      },
      "geometry": {
        "type": "Point",
        "coordinates": [
          106.7803004,
          10.8394051
        ]
      },
      "id": "node/4269768896"
    },
    {
      "type": "Feature",
      "properties": {
        "@id": "node/4269778693",
        "amenity": "restaurant"
      },
      "geometry": {
        "type": "Point",
        "coordinates": [
          106.7808235,
          10.8402393
        ]
      },
      "id": "node/4269778693"
    },
    {
      "type": "Feature",
      "properties": {
        "@id": "node/4270901390",
        "amenity": "restaurant",
        "name": "Nhà hàng Cát Đẳng"
      },
      "geometry": {
        "type": "Point",
        "coordinates": [
          106.7818234,
          10.8451649
        ]
      },
      "id": "node/4270901390"
    },
    {
      "type": "Feature",
      "properties": {
        "@id": "node/4275134192",
        "addr:housenumber": "4",
        "addr:street": "Ðỗ Quang Ðẩu",
        "amenity": "restaurant",
        "internet_access": "wlan",
        "name": "Nhà Hàng - Cafe Bookworm's",
        "name:en": "Bookworm's Cafe - English breakfast",
        "opening_hours": "Mo-Su 07:00-23:30"
      },
      "geometry": {
        "type": "Point",
        "coordinates": [
          106.6913488,
          10.7663169
        ]
      },
      "id": "node/4275134192"
    },
    {
      "type": "Feature",
      "properties": {
        "@id": "node/4283458192",
        "addr:housenumber": "83",
        "addr:street": "Hồ Bá Kiện",
        "amenity": "restaurant",
        "cuisine": "chicken",
        "name": "Nhà Hàng Gà Ta Sơn Ca",
        "opening_hours": "Mo-Su 07:00-22:00",
        "phone": "0906347004"
      },
      "geometry": {
        "type": "Point",
        "coordinates": [
          106.6672365,
          10.7824237
        ]
      },
      "id": "node/4283458192"
    },
    {
      "type": "Feature",
      "properties": {
        "@id": "node/4290032201",
        "amenity": "restaurant",
        "name": "Nhà Hàng Minh Phú"
      },
      "geometry": {
        "type": "Point",
        "coordinates": [
          106.7809088,
          10.8445816
        ]
      },
      "id": "node/4290032201"
    },
    {
      "type": "Feature",
      "properties": {
        "@id": "node/4290033200",
        "amenity": "restaurant",
        "name": "Nhà Hàng 354"
      },
      "geometry": {
        "type": "Point",
        "coordinates": [
          106.7814619,
          10.8443206
        ]
      },
      "id": "node/4290033200"
    },
    {
      "type": "Feature",
      "properties": {
        "@id": "node/4298642523",
        "addr:housenumber": "49",
        "addr:street": "Thảo Điền",
        "amenity": "restaurant",
        "bar": "yes",
        "check_date": "2025-07-16",
        "cuisine": "mediterranean",
        "delivery": "Mo-Su 07:30-20:30",
        "indoor_seating": "yes",
        "name": "The LooP",
        "opening_hours": "Mo-Su 07:30-20:30",
        "reservation": "yes",
        "takeaway": "yes",
        "website": "https://www.theloop.vn/"
      },
      "geometry": {
        "type": "Point",
        "coordinates": [
          106.7353382,
          10.8060215
        ]
      },
      "id": "node/4298642523"
    },
    {
      "type": "Feature",
      "properties": {
        "@id": "node/4300138991",
        "amenity": "restaurant",
        "name": "Cửa Hàng Đà Lạt Pizza"
      },
      "geometry": {
        "type": "Point",
        "coordinates": [
          106.7708817,
          10.8484155
        ]
      },
      "id": "node/4300138991"
    },
    {
      "type": "Feature",
      "properties": {
        "@id": "node/4308192991",
        "addr:housenumber": "03",
        "addr:postcode": "700000",
        "addr:street": "đặng văn sâm",
        "amenity": "restaurant",
        "name": "Trung Tâm Hội Nghị Capella"
      },
      "geometry": {
        "type": "Point",
        "coordinates": [
          106.6775723,
          10.8093443
        ]
      },
      "id": "node/4308192991"
    },
    {
      "type": "Feature",
      "properties": {
        "@id": "node/4310134635",
        "addr:housenumber": "198",
        "addr:street": "Phan Xích Long",
        "amenity": "restaurant",
        "cuisine": "grill",
        "internet_access": "wlan",
        "name": "Nhà Hàng Gogi",
        "opening_hours": "Mo-Su 10:00-22:00",
        "phone": "(08)35178283"
      },
      "geometry": {
        "type": "Point",
        "coordinates": [
          106.6892286,
          10.7977766
        ]
      },
      "id": "node/4310134635"
    },
    {
      "type": "Feature",
      "properties": {
        "@id": "node/4310674793",
        "addr:housenumber": "06",
        "addr:postcode": "170000",
        "addr:street": "Nguyễn Đức Thi",
        "amenity": "restaurant",
        "cuisine": "breakfast;noodles",
        "internet_access": "wlan",
        "name": "Nhà Hàng Bảo Hà",
        "opening_hours": "Mo-Su 06:00-11:00",
        "phone": "0908578581"
      },
      "geometry": {
        "type": "Point",
        "coordinates": [
          106.6422088,
          10.7367328
        ]
      },
      "id": "node/4310674793"
    },
    {
      "type": "Feature",
      "properties": {
        "@id": "node/4316534805",
        "amenity": "restaurant",
        "internet_access": "wlan",
        "name": "Nhà  Hàng Kobe BBQ"
      },
      "geometry": {
        "type": "Point",
        "coordinates": [
          106.6540711,
          10.8016327
        ]
      },
      "id": "node/4316534805"
    },
    {
      "type": "Feature",
      "properties": {
        "@id": "node/4320846293",
        "addr:district": "5",
        "addr:housenumber": "413 -415",
        "addr:street": "Đường Nguyễn Trãi",
        "amenity": "restaurant",
        "cuisine": "beef_bowl;noodles",
        "name": "Phở Lệ"
      },
      "geometry": {
        "type": "Point",
        "coordinates": [
          106.6736944,
          10.7553081
        ]
      },
      "id": "node/4320846293"
    },
    {
      "type": "Feature",
      "properties": {
        "@id": "node/4328068389",
        "addr:housenumber": "55",
        "addr:street": "Ngô Quang Huy",
        "amenity": "restaurant",
        "cuisine": "vietnamese",
        "name": "Quán Bụi"
      },
      "geometry": {
        "type": "Point",
        "coordinates": [
          106.7356992,
          10.8051922
        ]
      },
      "id": "node/4328068389"
    },
    {
      "type": "Feature",
      "properties": {
        "@id": "node/4335325904",
        "addr:housenumber": "477",
        "addr:street": "Lê Trọng Tấn",
        "amenity": "restaurant",
        "name": "Nhà Hàng Dori"
      },
      "geometry": {
        "type": "Point",
        "coordinates": [
          106.6128826,
          10.8099687
        ]
      },
      "id": "node/4335325904"
    },
    {
      "type": "Feature",
      "properties": {
        "@id": "node/4335331201",
        "addr:street": "Đường Nguyễn Trãi",
        "amenity": "restaurant",
        "internet_access": "wlan",
        "name": "Nhà Hàng Zìn Ký",
        "name:de": "Zìn Ký",
        "opening_hours": "24/7"
      },
      "geometry": {
        "type": "Point",
        "coordinates": [
          106.6904171,
          10.7692725
        ]
      },
      "id": "node/4335331201"
    },
    {
      "type": "Feature",
      "properties": {
        "@id": "node/4340906490",
        "amenity": "restaurant",
        "name": "Nhà Hàng Nam Phạm"
      },
      "geometry": {
        "type": "Point",
        "coordinates": [
          106.6921566,
          10.778681
        ]
      },
      "id": "node/4340906490"
    },
    {
      "type": "Feature",
      "properties": {
        "@id": "node/4341360807",
        "addr:housenumber": "25b",
        "addr:street": "Tú Xương",
        "amenity": "restaurant",
        "name": "Nhà Hàng Cà Phê Fly Cupcake Garden"
      },
      "geometry": {
        "type": "Point",
        "coordinates": [
          106.6878302,
          10.782195
        ]
      },
      "id": "node/4341360807"
    },
    {
      "type": "Feature",
      "properties": {
        "@id": "node/4345414896",
        "addr:housenumber": "417",
        "addr:street": "Ðiện Biên Phủ",
        "amenity": "restaurant",
        "cuisine": "vietnamese",
        "name": "Nhà Hàng Red House"
      },
      "geometry": {
        "type": "Point",
        "coordinates": [
          106.6791334,
          10.7727251
        ]
      },
      "id": "node/4345414896"
    },
    {
      "type": "Feature",
      "properties": {
        "@id": "node/4348139090",
        "amenity": "restaurant",
        "cuisine": "vietnamese",
        "diet:vegan": "yes",
        "diet:vegetarian": "yes",
        "internet_access": "wlan",
        "name": "Sa Đéc Quán"
      },
      "geometry": {
        "type": "Point",
        "coordinates": [
          106.6932163,
          10.7820043
        ]
      },
      "id": "node/4348139090"
    },
    {
      "type": "Feature",
      "properties": {
        "@id": "node/4348630592",
        "addr:housenumber": "31",
        "addr:street": "Ðặng Tất",
        "air_conditioning": "yes",
        "amenity": "restaurant",
        "check_date": "2024-12-27",
        "check_date:diet:vegan": "2024-12-27",
        "check_date:diet:vegetarian": "2024-12-27",
        "check_date:opening_hours": "2024-12-27",
        "check_date:smoking": "2024-12-27",
        "cuisine": "vietnamese",
        "diet:vegan": "yes",
        "diet:vegetarian": "only",
        "indoor_seating": "yes",
        "name": "Nhà Hàng Chay Phi Nhung",
        "name:en": "Buddha chay",
        "opening_hours": "Mo-Su 10:00-21:00",
        "outdoor_seating": "no",
        "phone": "+84 28 3526 5138",
        "smoking": "no"
      },
      "geometry": {
        "type": "Point",
        "coordinates": [
          106.6881528,
          10.7927744
        ]
      },
      "id": "node/4348630592"
    },
    {
      "type": "Feature",
      "properties": {
        "@id": "node/4349830999",
        "amenity": "restaurant",
        "name": "Nhà Hàng Nướng Chilli"
      },
      "geometry": {
        "type": "Point",
        "coordinates": [
          106.7045826,
          10.7607921
        ]
      },
      "id": "node/4349830999"
    },
    {
      "type": "Feature",
      "properties": {
        "@id": "node/4355361090",
        "addr:street": "Ðường Số 1",
        "amenity": "restaurant",
        "name": "Cửa Hàng Bún Bò Viên Vườn Chuối"
      },
      "geometry": {
        "type": "Point",
        "coordinates": [
          106.6829523,
          10.7741459
        ]
      },
      "id": "node/4355361090"
    },
    {
      "type": "Feature",
      "properties": {
        "@id": "node/4355942393",
        "amenity": "restaurant",
        "name": "Quán Nhậu Bamboo"
      },
      "geometry": {
        "type": "Point",
        "coordinates": [
          106.6626874,
          10.7918435
        ]
      },
      "id": "node/4355942393"
    },
    {
      "type": "Feature",
      "properties": {
        "@id": "node/4359968492",
        "addr:housenumber": "30",
        "addr:street": "Lê Quý Đôn",
        "amenity": "restaurant",
        "cuisine": "korean",
        "name:en": "Nha hang Bac Trieu Tien Ryu Gyong",
        "opening_hours": "Mo-Su 11:00-22:00",
        "phone": "0873076666"
      },
      "geometry": {
        "type": "Point",
        "coordinates": [
          106.6893759,
          10.7827928
        ]
      },
      "id": "node/4359968492"
    },
    {
      "type": "Feature",
      "properties": {
        "@id": "node/4369409590",
        "addr:housenumber": "158A",
        "addr:postcode": "700000",
        "addr:street": "Bùi Thị Xuân",
        "amenity": "restaurant",
        "cuisine": "chicken",
        "internet_access": "wlan",
        "name": "Cơm Gà Tam Kỳ Hồng Nga",
        "name:vi": "Cơm Gà Tam Kỳ Hồng Nga",
        "opening_hours": "Mo-Su 07:00-22:00",
        "phone": "0822212777",
        "website": "https://mobile.facebook.com/comgatamky.hongnga/?ref=bookmarks"
      },
      "geometry": {
        "type": "Point",
        "coordinates": [
          106.6871539,
          10.7685706
        ]
      },
      "id": "node/4369409590"
    },
    {
      "type": "Feature",
      "properties": {
        "@id": "node/4385234889",
        "addr:housenumber": "164",
        "addr:street": "Lê Lai",
        "amenity": "restaurant",
        "cuisine": "chinese;asian",
        "name": "Quán Ăn Dim Sum House"
      },
      "geometry": {
        "type": "Point",
        "coordinates": [
          106.6907172,
          10.7688832
        ]
      },
      "id": "node/4385234889"
    },
    {
      "type": "Feature",
      "properties": {
        "@id": "node/4388478691",
        "addr:street": "Vietnam, Ho Chi Minh, District 1, Bến Nghé, 8/5 Le Thanh Ton Street Ben Nghe Ward",
        "amenity": "restaurant",
        "cuisine": "japanese;ramen",
        "name:en": "Suzuki Ramen Bar",
        "phone": "+84 93 781 45 69"
      },
      "geometry": {
        "type": "Point",
        "coordinates": [
          106.7051946,
          10.7820109
        ]
      },
      "id": "node/4388478691"
    },
    {
      "type": "Feature",
      "properties": {
        "@id": "node/4391610589",
        "addr:street": "Cầu Phú Long",
        "amenity": "restaurant",
        "cuisine": "breakfast;deli;grill;vietnamese",
        "internet_access": "wlan",
        "name": "Quán cơm Kim Ngân",
        "name:en": "Memory",
        "name:vi": "Quán cơm Kim Ngân",
        "opening_hours": "Mo-Su 06:00-20:00",
        "phone": "01693454433"
      },
      "geometry": {
        "type": "Point",
        "coordinates": [
          106.6972327,
          10.887491
        ]
      },
      "id": "node/4391610589"
    },
    {
      "type": "Feature",
      "properties": {
        "@id": "node/4393480889",
        "amenity": "restaurant",
        "cuisine": "curry;indian",
        "internet_access": "wlan",
        "name": "Taj Mahal",
        "name:de": "Taj Mahal",
        "name:vi": "Taj Mahal",
        "phone": "(08)62738496"
      },
      "geometry": {
        "type": "Point",
        "coordinates": [
          106.6925388,
          10.7680805
        ]
      },
      "id": "node/4393480889"
    },
    {
      "type": "Feature",
      "properties": {
        "@id": "node/4396108093",
        "addr:housenumber": "226",
        "addr:street": "Đường Bùi Viện",
        "amenity": "restaurant",
        "cuisine": "indian",
        "diet:vegetarian": "yes",
        "internet_access": "wlan",
        "name": "Nhà Hàng Ý Mumtaz"
      },
      "geometry": {
        "type": "Point",
        "coordinates": [
          106.6909905,
          10.7659975
        ]
      },
      "id": "node/4396108093"
    },
    {
      "type": "Feature",
      "properties": {
        "@id": "node/4397629389",
        "amenity": "restaurant",
        "name": "Lẩu dê Việt",
        "name:vi": "Lẩu dê Việt"
      },
      "geometry": {
        "type": "Point",
        "coordinates": [
          106.6739143,
          10.7335613
        ]
      },
      "id": "node/4397629389"
    },
    {
      "type": "Feature",
      "properties": {
        "@id": "node/4409432003",
        "addr:housenumber": "25",
        "addr:street": "Nguyễn Công Trứ",
        "amenity": "restaurant",
        "name:en": "sushi nhi"
      },
      "geometry": {
        "type": "Point",
        "coordinates": [
          106.709854,
          10.7907291
        ]
      },
      "id": "node/4409432003"
    },
    {
      "type": "Feature",
      "properties": {
        "@id": "node/4411883294",
        "addr:street": "Phạm Hùng",
        "amenity": "restaurant",
        "name": "Nhà hàng Bình Xuyên",
        "name:vi": "NHÀ HÀNG BÌNH XUYÊN"
      },
      "geometry": {
        "type": "Point",
        "coordinates": [
          106.6727744,
          10.731559
        ]
      },
      "id": "node/4411883294"
    },
    {
      "type": "Feature",
      "properties": {
        "@id": "node/4417115790",
        "addr:housenumber": "108",
        "addr:street": "Đường Lâm Văn Bền",
        "amenity": "restaurant",
        "internet_access": "wlan",
        "name": "Nhà Hàng Song Tân",
        "name:en": "Song Tan",
        "name:vi": "Song Tan",
        "opening_hours": "Mo-Su 06:00-22:00"
      },
      "geometry": {
        "type": "Point",
        "coordinates": [
          106.7158206,
          10.7455491
        ]
      },
      "id": "node/4417115790"
    },
    {
      "type": "Feature",
      "properties": {
        "@id": "node/4427644690",
        "amenity": "restaurant",
        "name": "Phong Cua - Cây Sứ Quán",
        "name:en": "Phong Cua - Cay Su Quan",
        "name:zh": "螃蟹好"
      },
      "geometry": {
        "type": "Point",
        "coordinates": [
          106.7274691,
          10.8208453
        ]
      },
      "id": "node/4427644690"
    },
    {
      "type": "Feature",
      "properties": {
        "@id": "node/4428417889",
        "addr:housenumber": "144",
        "addr:street": "Đường Cống Quỳnh",
        "amenity": "restaurant",
        "cuisine": "bagel;sandwich",
        "internet_access": "wlan",
        "name:en": "The Hungry Pig"
      },
      "geometry": {
        "type": "Point",
        "coordinates": [
          106.6899653,
          10.7656371
        ]
      },
      "id": "node/4428417889"
    },
    {
      "type": "Feature",
      "properties": {
        "@id": "node/4430531890",
        "amenity": "restaurant",
        "name": "Viet Village"
      },
      "geometry": {
        "type": "Point",
        "coordinates": [
          106.6992852,
          10.7886408
        ]
      },
      "id": "node/4430531890"
    },
    {
      "type": "Feature",
      "properties": {
        "@id": "node/4430774290",
        "amenity": "restaurant",
        "name:en": "Pasta Paradise"
      },
      "geometry": {
        "type": "Point",
        "coordinates": [
          106.6900932,
          10.7744515
        ]
      },
      "id": "node/4430774290"
    },
    {
      "type": "Feature",
      "properties": {
        "@id": "node/4450570790",
        "addr:housenumber": "99",
        "addr:street": "Nguyen Hue",
        "amenity": "restaurant",
        "cuisine": "chinese;japanese;thai;vietnamese",
        "email": "info@ngon-asia.commo",
        "internet_access": "wlan",
        "name:en": "Ngon Asian",
        "opening_hours": "Mo-Su 07:00-23:00",
        "phone": "+84838213821",
        "website": "http://www.ngon-asia.com"
      },
      "geometry": {
        "type": "Point",
        "coordinates": [
          106.703829,
          10.773464
        ]
      },
      "id": "node/4450570790"
    },
    {
      "type": "Feature",
      "properties": {
        "@id": "node/4453282589",
        "amenity": "restaurant",
        "diet:vegetarian": "only",
        "name:en": "Hoan hy chay - vegetarian restaurant"
      },
      "geometry": {
        "type": "Point",
        "coordinates": [
          106.6881198,
          10.7769769
        ]
      },
      "id": "node/4453282589"
    },
    {
      "type": "Feature",
      "properties": {
        "@id": "node/4453321310",
        "addr:housenumber": "4",
        "addr:street": "Phan Bội Châu",
        "amenity": "restaurant",
        "cuisine": "burger",
        "email": "soulburgersaigon@gmail.com",
        "internet_access": "wlan",
        "name": "Nhà Hàng Soul Burger",
        "name:de": "Soul Burger",
        "name:en": "Soul Burger",
        "name:pl": "Soul Burger",
        "name:vi": "Soul Burger"
      },
      "geometry": {
        "type": "Point",
        "coordinates": [
          106.6988409,
          10.7724373
        ]
      },
      "id": "node/4453321310"
    },
    {
      "type": "Feature",
      "properties": {
        "@id": "node/4454029890",
        "addr:housenumber": "111",
        "addr:street": "Xuân Thuỷ",
        "amenity": "restaurant",
        "name:en": "Phat's Dumping House"
      },
      "geometry": {
        "type": "Point",
        "coordinates": [
          106.7366041,
          10.8041819
        ]
      },
      "id": "node/4454029890"
    },
    {
      "type": "Feature",
      "properties": {
        "@id": "node/4454814943",
        "addr:housenumber": "11",
        "addr:street": "Trần Nhật Duật",
        "air_conditioning": "yes",
        "amenity": "restaurant",
        "cuisine": "vietnamese",
        "description": "Vegetarian restaurant",
        "diet:gluten_free": "yes",
        "diet:vegan": "only",
        "diet:vegetarian": "only",
        "indoor_seating": "yes",
        "name": "Chay Việt An",
        "opening_hours": "Mo-Su 09:00-14:00,17:00-21:30",
        "outdoor_seating": "no",
        "smoking": "no",
        "wheelchair": "yes"
      },
      "geometry": {
        "type": "Point",
        "coordinates": [
          106.6897471,
          10.7927434
        ]
      },
      "id": "node/4454814943"
    },
    {
      "type": "Feature",
      "properties": {
        "@id": "node/4461572289",
        "addr:housenumber": "58",
        "addr:street": "Thăng Long",
        "amenity": "restaurant",
        "name:ko": "자금성"
      },
      "geometry": {
        "type": "Point",
        "coordinates": [
          106.6608503,
          10.803386
        ]
      },
      "id": "node/4461572289"
    },
    {
      "type": "Feature",
      "properties": {
        "@id": "node/4464257890",
        "addr:street": "Nguyễn Thị Thập",
        "amenity": "restaurant",
        "name": "Quán Cơm Tấm Nhớ",
        "opening_hours": "Mo-Su 09:00-22:00"
      },
      "geometry": {
        "type": "Point",
        "coordinates": [
          106.702491,
          10.7399582
        ]
      },
      "id": "node/4464257890"
    },
    {
      "type": "Feature",
      "properties": {
        "@id": "node/4471042289",
        "addr:housenumber": "43",
        "addr:street": "Cây Keo",
        "amenity": "restaurant",
        "cuisine": "vietnamese",
        "internet_access": "wlan",
        "name": "Cơm tấm Anh Tú",
        "opening_hours": "Mo-Su 05:45-11:00",
        "operator": "Cơm Tấm Anh Tú;Cơm tấm Anh Tú",
        "phone": "08-38606773;38606773",
        "website": "http://comtamanhtu.com"
      },
      "geometry": {
        "type": "Point",
        "coordinates": [
          106.6301381,
          10.7712618
        ]
      },
      "id": "node/4471042289"
    },
    {
      "type": "Feature",
      "properties": {
        "@id": "node/4471042389",
        "addr:housenumber": "41",
        "addr:street": "Cây Keo",
        "amenity": "restaurant",
        "cuisine": "vietnamese",
        "internet_access": "wlan",
        "name": "Bánh Canh Bảy",
        "opening_hours": "Mo-Su 14:30-22:00",
        "operator": "Bánh canh Bảy",
        "phone": "01223093277",
        "website": "http://banhcanhbay.com"
      },
      "geometry": {
        "type": "Point",
        "coordinates": [
          106.6302457,
          10.7712176
        ]
      },
      "id": "node/4471042389"
    },
    {
      "type": "Feature",
      "properties": {
        "@id": "node/4491587290",
        "addr:street": "Thăng Long",
        "amenity": "restaurant",
        "name": "Quán Bánh Đa Cua",
        "name:vi": "Bánh đa cua"
      },
      "geometry": {
        "type": "Point",
        "coordinates": [
          106.6623077,
          10.7893707
        ]
      },
      "id": "node/4491587290"
    },
    {
      "type": "Feature",
      "properties": {
        "@id": "node/4499251789",
        "addr:housenumber": "86",
        "addr:street": "Nguyen Du",
        "amenity": "restaurant",
        "diet:vegetarian": "only",
        "fixme": "Website (www.bongsunrestaurant.com) doesn't work. Is this place still working?",
        "name": "Nhà Hàng Chay Bông Súng",
        "phone": "+84838220377"
      },
      "geometry": {
        "type": "Point",
        "coordinates": [
          106.7739389,
          10.8456434
        ]
      },
      "id": "node/4499251789"
    },
    {
      "type": "Feature",
      "properties": {
        "@id": "node/4503555394",
        "addr:housenumber": "37",
        "addr:street": "Đường Thoại Ngọc Hầu",
        "amenity": "restaurant",
        "email": "dinhtan.ak@gmail.com",
        "name": "Quán Nem Chả Năm Thu",
        "opening_hours": "Mo-Su 07:00-21:00",
        "operator": "Năm Thu",
        "phone": "0906770406",
        "website": "http://www.nemchanamthu.vn"
      },
      "geometry": {
        "type": "Point",
        "coordinates": [
          106.6381266,
          10.7834253
        ]
      },
      "id": "node/4503555394"
    },
    {
      "type": "Feature",
      "properties": {
        "@id": "node/4503795989",
        "amenity": "restaurant",
        "name:en": "Jake's BBQ"
      },
      "geometry": {
        "type": "Point",
        "coordinates": [
          106.7022705,
          10.7715828
        ]
      },
      "id": "node/4503795989"
    },
    {
      "type": "Feature",
      "properties": {
        "@id": "node/4517160689",
        "air_conditioning": "yes",
        "amenity": "restaurant",
        "cuisine": "vietnamese",
        "diet:vegan": "yes",
        "diet:vegetarian": "only",
        "indoor_seating": "yes",
        "name": "Nhà Hàng Chay Hum",
        "name:vi": "Hum Vegetarian Restaurant",
        "name:zh": "素食餐廳",
        "outdoor_seating": "no",
        "smoking": "no",
        "wheelchair": "no"
      },
      "geometry": {
        "type": "Point",
        "coordinates": [
          106.6920846,
          10.7786518
        ]
      },
      "id": "node/4517160689"
    },
    {
      "type": "Feature",
      "properties": {
        "@id": "node/4518774190",
        "addr:street": "hẻm 163/25/2 Tô hiến thành phường 13 quận 10",
        "amenity": "restaurant",
        "name": "Nhà Hàng Sari Đặc Sản Phan Thiết"
      },
      "geometry": {
        "type": "Point",
        "coordinates": [
          106.669572,
          10.7791058
        ]
      },
      "id": "node/4518774190"
    },
    {
      "type": "Feature",
      "properties": {
        "@id": "node/4518851191",
        "addr:housenumber": "57",
        "addr:street": "Hồ Xuân Hương",
        "amenity": "restaurant",
        "name:en": "the flying rice 🍚Com Niue Sai Gon",
        "phone": "39307665"
      },
      "geometry": {
        "type": "Point",
        "coordinates": [
          106.6875429,
          10.7764625
        ]
      },
      "id": "node/4518851191"
    },
    {
      "type": "Feature",
      "properties": {
        "@id": "node/4523537390",
        "amenity": "restaurant",
        "name": "Nhà Hàng Làng Việt",
        "name:vi": "Viet Village"
      },
      "geometry": {
        "type": "Point",
        "coordinates": [
          106.6938626,
          10.7807511
        ]
      },
      "id": "node/4523537390"
    },
    {
      "type": "Feature",
      "properties": {
        "@id": "node/4524200989",
        "addr:housenumber": "50",
        "addr:street": "Phan Khiêm Ích",
        "amenity": "restaurant",
        "cuisine": "korean",
        "name": "Gangnam BBQ House",
        "name:ko": "강남비비큐",
        "name:zh": "江南韓式烤肉",
        "opening_hours": "Mo-Fr 11:00-14:00,16:00-22:00; Sa-Su 11:00-22:00"
      },
      "geometry": {
        "type": "Point",
        "coordinates": [
          106.708305,
          10.7329877
        ]
      },
      "id": "node/4524200989"
    },
    {
      "type": "Feature",
      "properties": {
        "@id": "node/4533214290",
        "amenity": "restaurant",
        "name:en": "UU restaurant"
      },
      "geometry": {
        "type": "Point",
        "coordinates": [
          106.6961228,
          10.7822974
        ]
      },
      "id": "node/4533214290"
    },
    {
      "type": "Feature",
      "properties": {
        "@id": "node/4535343791",
        "addr:street": "Hẻm 6 Cách Mạng Tháng Tám",
        "amenity": "restaurant",
        "name": "Hủ Tiếu Sườn Né Đào",
        "name:de": "Hủ Tiếu Sườn né Đào"
      },
      "geometry": {
        "type": "Point",
        "coordinates": [
          106.6921906,
          10.7718998
        ]
      },
      "id": "node/4535343791"
    },
    {
      "type": "Feature",
      "properties": {
        "@id": "node/4537904592",
        "addr:street": "Đường số 7",
        "amenity": "restaurant",
        "name": "Phở Hùng"
      },
      "geometry": {
        "type": "Point",
        "coordinates": [
          106.6218242,
          10.7514173
        ]
      },
      "id": "node/4537904592"
    },
    {
      "type": "Feature",
      "properties": {
        "@id": "node/4549288589",
        "amenity": "restaurant",
        "cuisine": "sushi",
        "name:en": "Miko sushi"
      },
      "geometry": {
        "type": "Point",
        "coordinates": [
          106.7290617,
          10.7977328
        ]
      },
      "id": "node/4549288589"
    },
    {
      "type": "Feature",
      "properties": {
        "@id": "node/4550175291",
        "amenity": "restaurant",
        "cuisine": "thai",
        "name": "Nhà Hàng Chaba Thai",
        "name:de": "Chaba Thai",
        "name:vi": "Chaba Thai"
      },
      "geometry": {
        "type": "Point",
        "coordinates": [
          106.6973611,
          10.7734967
        ]
      },
      "id": "node/4550175291"
    },
    {
      "type": "Feature",
      "properties": {
        "@id": "node/4551672882",
        "addr:housenumber": "1b",
        "addr:street": "Bùi Viện",
        "amenity": "restaurant",
        "cuisine": "indian",
        "level": "0",
        "name": "Nhà Hàng Spice India",
        "name:de": "Spice India",
        "phone": "08667673784",
        "website": "http://www.spiceindia.com.vn"
      },
      "geometry": {
        "type": "Point",
        "coordinates": [
          106.694792,
          10.7675973
        ]
      },
      "id": "node/4551672882"
    },
    {
      "type": "Feature",
      "properties": {
        "@id": "node/4551754290",
        "amenity": "restaurant",
        "name": "Quán Lẩu Dê 4.4",
        "name:vi": "lẩu dê 4.4"
      },
      "geometry": {
        "type": "Point",
        "coordinates": [
          106.7085733,
          10.7392767
        ]
      },
      "id": "node/4551754290"
    },
    {
      "type": "Feature",
      "properties": {
        "@id": "node/4552050889",
        "addr:housenumber": "3",
        "addr:postcode": "70000",
        "addr:street": "Đặng Trần Côn",
        "amenity": "restaurant",
        "cuisine": "american;barbecue",
        "name": "Nhà Hàng TNT BBQ",
        "name:de": "TNT BBQ",
        "name:en": "TNT BBQ",
        "name:vi": "TNT BBQ"
      },
      "geometry": {
        "type": "Point",
        "coordinates": [
          106.6942795,
          10.7722284
        ]
      },
      "id": "node/4552050889"
    },
    {
      "type": "Feature",
      "properties": {
        "@id": "node/4553214890",
        "addr:housenumber": "79",
        "addr:street": "Đường Pasteur",
        "amenity": "restaurant",
        "name:en": "Sky Bistro",
        "phone": "0967596799"
      },
      "geometry": {
        "type": "Point",
        "coordinates": [
          106.7005091,
          10.7751496
        ]
      },
      "id": "node/4553214890"
    },
    {
      "type": "Feature",
      "properties": {
        "@id": "node/4554031994",
        "amenity": "restaurant",
        "name": "Nhà Hàng Don Chicken",
        "name:vi": "Don Chicken"
      },
      "geometry": {
        "type": "Point",
        "coordinates": [
          106.7044952,
          10.7705516
        ]
      },
      "id": "node/4554031994"
    },
    {
      "type": "Feature",
      "properties": {
        "@id": "node/4558505189",
        "amenity": "restaurant",
        "diet:vegetarian": "only",
        "name:de": "Health Farm -Vegetarian Restaurant",
        "name:en": "Health Farm -Vegetarian Restaurant"
      },
      "geometry": {
        "type": "Point",
        "coordinates": [
          106.6940696,
          10.7667621
        ]
      },
      "id": "node/4558505189"
    },
    {
      "type": "Feature",
      "properties": {
        "@id": "node/4561370930",
        "addr:housenumber": "19",
        "addr:postcode": "700000",
        "addr:street": "Trần Khắc Chân",
        "amenity": "restaurant",
        "cuisine": "vietnamese",
        "email": "masterphutran@gmail.com",
        "internet_access": "wlan",
        "name": "Lẩu Mắm Bà Dú",
        "name:de": "Lẩu Mắm Bà Du Vietnamese Cuisine",
        "name:en": "Vietnamese Cuisine Lẩu Mắm Bà Du",
        "name:vi": "Lẩu Mắm Bà Dú",
        "opening_hours": "Mo-Su 10:00-22:00",
        "operator": "Công Ty TNHH MTV An Quý",
        "phone": "84916489923",
        "website": "http://laumambadu.vn"
      },
      "geometry": {
        "type": "Point",
        "coordinates": [
          106.6913594,
          10.7927688
        ]
      },
      "id": "node/4561370930"
    },
    {
      "type": "Feature",
      "properties": {
        "@id": "node/4564698792",
        "amenity": "restaurant",
        "cuisine": "vietnamese",
        "internet_access": "wlan",
        "name:en": "Mon Hue",
        "website": "https://www.nhahangmonhue.vn/"
      },
      "geometry": {
        "type": "Point",
        "coordinates": [
          106.6913624,
          10.7777416
        ]
      },
      "id": "node/4564698792"
    },
    {
      "type": "Feature",
      "properties": {
        "@id": "node/4570083889",
        "addr:housenumber": "3",
        "addr:street": "Hoang Sa",
        "amenity": "restaurant",
        "cuisine": "lao",
        "internet_access": "wlan",
        "name:en": "Champa Quan Laos Grilled Chicken",
        "phone": "0908189286"
      },
      "geometry": {
        "type": "Point",
        "coordinates": [
          106.7049229,
          10.7918888
        ]
      },
      "id": "node/4570083889"
    },
    {
      "type": "Feature",
      "properties": {
        "@id": "node/4571339489",
        "amenity": "restaurant",
        "cuisine": "regional",
        "name": "Bún Mắm Vy"
      },
      "geometry": {
        "type": "Point",
        "coordinates": [
          106.6741732,
          10.7591873
        ]
      },
      "id": "node/4571339489"
    },
    {
      "type": "Feature",
      "properties": {
        "@id": "node/4572599590",
        "addr:housenumber": "15",
        "addr:postcode": "740000",
        "addr:street": "Tô Ngọc Vân",
        "amenity": "restaurant",
        "name": "Quán Hiếu Ký Mì Gia",
        "name:en": "Hieu Ky Mi Gia",
        "phone": "0933597789"
      },
      "geometry": {
        "type": "Point",
        "coordinates": [
          106.7541806,
          10.8512391
        ]
      },
      "id": "node/4572599590"
    },
    {
      "type": "Feature",
      "properties": {
        "@id": "node/4577236192",
        "addr:street": "Nguyễn Văn Thủ",
        "amenity": "restaurant",
        "name": "Nhà Hàng Đùi Cừu Thuận Tuấn"
      },
      "geometry": {
        "type": "Point",
        "coordinates": [
          106.7015974,
          10.7923047
        ]
      },
      "id": "node/4577236192"
    },
    {
      "type": "Feature",
      "properties": {
        "@id": "node/4580754190",
        "addr:housenumber": "128",
        "addr:street": "Đường Vĩnh Khánh",
        "amenity": "restaurant",
        "cuisine": "vietnamese",
        "internet_access": "wlan",
        "name": "Quán Nướng Bơ",
        "opening_hours": "Mo-Su 06:00-01:00",
        "phone": "0909209949"
      },
      "geometry": {
        "type": "Point",
        "coordinates": [
          106.7046253,
          10.7608066
        ]
      },
      "id": "node/4580754190"
    },
    {
      "type": "Feature",
      "properties": {
        "@id": "node/4582219091",
        "addr:housenumber": "151",
        "addr:street": "Ðồng Khởi",
        "amenity": "restaurant",
        "name": "Nhà Hàng Cơm Nhà Homemade Meals"
      },
      "geometry": {
        "type": "Point",
        "coordinates": [
          106.7034298,
          10.7758733
        ]
      },
      "id": "node/4582219091"
    },
    {
      "type": "Feature",
      "properties": {
        "@id": "node/4583480189",
        "amenity": "restaurant",
        "cuisine": "regional",
        "internet_access": "wlan",
        "name": "Nhà Hàng Nam Giao",
        "name:de": "nam giao"
      },
      "geometry": {
        "type": "Point",
        "coordinates": [
          106.6982991,
          10.7746281
        ]
      },
      "id": "node/4583480189"
    },
    {
      "type": "Feature",
      "properties": {
        "@id": "node/4583914589",
        "addr:housenumber": "122/3 yên thế",
        "addr:street": "Yên Thế",
        "amenity": "restaurant",
        "cuisine": "beef_bowl;breakfast",
        "internet_access": "wlan",
        "name": "Phở Hai Hói",
        "name:en": "Pho Hai Hoi",
        "opening_hours": "Mo-Su 04:30-23:00",
        "operator": "Quán Hai hói",
        "phone": "0969585653"
      },
      "geometry": {
        "type": "Point",
        "coordinates": [
          106.6689747,
          10.8142615
        ]
      },
      "id": "node/4583914589"
    },
    {
      "type": "Feature",
      "properties": {
        "@id": "node/4584815694",
        "amenity": "restaurant",
        "name": "Ốc Đêm Mái Lá",
        "name:vi": "ốc đêm Mái Lá"
      },
      "geometry": {
        "type": "Point",
        "coordinates": [
          106.6774307,
          10.8445542
        ]
      },
      "id": "node/4584815694"
    },
    {
      "type": "Feature",
      "properties": {
        "@id": "node/4585727871",
        "addr:housenumber": "180",
        "addr:street": "Nguyen Duy Duong",
        "air_conditioning": "yes",
        "amenity": "restaurant",
        "changing_table": "no",
        "cuisine": "vietnamese",
        "description": "Vegetarian Food and Coffee",
        "diet:gluten_free": "yes",
        "diet:halal": "yes",
        "diet:vegan": "yes",
        "diet:vegetarian": "only",
        "indoor_seating": "yes",
        "internet_access": "wlan",
        "name": "Amitaba Cafe - Ẩm Thực Chay",
        "name:en": "Amitaba Cafe",
        "opening_hours": "Mo-Su 06:00-14:00,16:00-21:30",
        "outdoor_seating": "no",
        "payment:credit_cards": "yes",
        "payment:debit_cards": "yes",
        "phone": "+84 90 254 60 63",
        "self_service": "no",
        "smoking": "no",
        "wheelchair": "no"
      },
      "geometry": {
        "type": "Point",
        "coordinates": [
          106.6975009,
          10.7650602
        ]
      },
      "id": "node/4585727871"
    },
    {
      "type": "Feature",
      "properties": {
        "@id": "node/4588416998",
        "addr:housenumber": "31",
        "addr:street": "Ngô Ðức Kế",
        "amenity": "restaurant",
        "name": "Nhà Hàng Tokyo Deli",
        "opening_hours": "Mo-Su 11:00-22:00"
      },
      "geometry": {
        "type": "Point",
        "coordinates": [
          106.7053749,
          10.7734735
        ]
      },
      "id": "node/4588416998"
    },
    {
      "type": "Feature",
      "properties": {
        "@id": "node/4589192090",
        "amenity": "restaurant",
        "name": "Mì Quảng Rau Sạch",
        "name:vi": "Mì Quảng Rau Sạch"
      },
      "geometry": {
        "type": "Point",
        "coordinates": [
          106.6988275,
          10.7820698
        ]
      },
      "id": "node/4589192090"
    },
    {
      "type": "Feature",
      "properties": {
        "@id": "node/4595533594",
        "amenity": "restaurant",
        "name": "Lộ Thiên Quán",
        "name:vi": "Lộ Thiên Quán"
      },
      "geometry": {
        "type": "Point",
        "coordinates": [
          106.6904117,
          10.8120727
        ]
      },
      "id": "node/4595533594"
    },
    {
      "type": "Feature",
      "properties": {
        "@id": "node/4596325795",
        "addr:housenumber": "196",
        "addr:street": "Đường Nguyễn Tri Phương",
        "amenity": "restaurant",
        "cuisine": "vietnamese",
        "name": "Quán Bún Đậu Nhà Tôi",
        "opening_hours": "Mo-Su 09:00-22:00"
      },
      "geometry": {
        "type": "Point",
        "coordinates": [
          106.6689315,
          10.7603231
        ]
      },
      "id": "node/4596325795"
    },
    {
      "type": "Feature",
      "properties": {
        "@id": "node/4600025690",
        "amenity": "restaurant",
        "name": "Nhà hàng Cố Đô"
      },
      "geometry": {
        "type": "Point",
        "coordinates": [
          106.6784957,
          10.7589694
        ]
      },
      "id": "node/4600025690"
    },
    {
      "type": "Feature",
      "properties": {
        "@id": "node/4603099589",
        "amenity": "restaurant",
        "cuisine": "vietnamese",
        "name": "Nhà Hàng Thanh Mai",
        "name:zh": "小吃，豬肉米線"
      },
      "geometry": {
        "type": "Point",
        "coordinates": [
          106.6965092,
          10.7715838
        ]
      },
      "id": "node/4603099589"
    },
    {
      "type": "Feature",
      "properties": {
        "@id": "node/4607288899",
        "amenity": "restaurant",
        "name": "Phở Kim"
      },
      "geometry": {
        "type": "Point",
        "coordinates": [
          106.6868565,
          10.7745642
        ]
      },
      "id": "node/4607288899"
    },
    {
      "type": "Feature",
      "properties": {
        "@id": "node/4609978996",
        "amenity": "restaurant",
        "name:en": "Ngon Sushi"
      },
      "geometry": {
        "type": "Point",
        "coordinates": [
          106.7053857,
          10.7732771
        ]
      },
      "id": "node/4609978996"
    },
    {
      "type": "Feature",
      "properties": {
        "@id": "node/4620367106",
        "amenity": "restaurant",
        "cuisine": "malaysian",
        "name:en": "Kampung Pandan Restaurant"
      },
      "geometry": {
        "type": "Point",
        "coordinates": [
          106.6964796,
          10.7745863
        ]
      },
      "id": "node/4620367106"
    },
    {
      "type": "Feature",
      "properties": {
        "@id": "node/4620367590",
        "amenity": "restaurant",
        "diet:halal": "yes",
        "name": "Nhà Hàng Salima Halal",
        "name:de": "Salima Halal Vietnamese Restaurant",
        "name:en": "Salima Halal Vietnamese Restaurant"
      },
      "geometry": {
        "type": "Point",
        "coordinates": [
          106.6973647,
          10.7720393
        ]
      },
      "id": "node/4620367590"
    },
    {
      "type": "Feature",
      "properties": {
        "@id": "node/4620394692",
        "amenity": "restaurant",
        "name:en": "Cowboy Jack's"
      },
      "geometry": {
        "type": "Point",
        "coordinates": [
          106.6917075,
          10.7783476
        ]
      },
      "id": "node/4620394692"
    },
    {
      "type": "Feature",
      "properties": {
        "@id": "node/4621823489",
        "addr:city": "Ho Chi Minh City",
        "addr:housenumber": "171",
        "addr:street": "Đường Nguyễn Thái Học",
        "air_conditioning": "yes",
        "amenity": "restaurant",
        "check_date": "2025-02-08",
        "check_date:diet:vegan": "2025-02-08",
        "check_date:diet:vegetarian": "2025-02-08",
        "check_date:smoking": "2025-02-08",
        "contact:facebook": "https://www.facebook.com/nhchaysen",
        "contact:phone": "+84 28 6278 2186",
        "cuisine": "vietnamese",
        "diet:vegan": "yes",
        "diet:vegetarian": "only",
        "indoor_seating": "yes",
        "internet_access": "wlan",
        "name:en": "Sen",
        "opening_hours": "09:00-14:00,17:00-22:00",
        "outdoor_seating": "no",
        "smoking": "no",
        "wheelchair": "no"
      },
      "geometry": {
        "type": "Point",
        "coordinates": [
          106.6950326,
          10.7683111
        ]
      },
      "id": "node/4621823489"
    },
    {
      "type": "Feature",
      "properties": {
        "@id": "node/4623800198",
        "addr:housenumber": "215",
        "addr:postcode": "70000",
        "addr:street": "215 Điện Biên Phủ, Ward 6, District 3",
        "amenity": "restaurant",
        "check_date": "2025-03-29",
        "cuisine": "vietnamese",
        "email": "utcamau512@gmail.com",
        "internet_access": "wlan",
        "name": "Nhà Hàng Út Cà Mau",
        "opening_hours": "Mo-Su 10:00-23:00",
        "operator": "Huỳnh Hoàng Thâm & Cao Xuân Khánh",
        "phone": "090 9795512",
        "website": "http://utcamau.com"
      },
      "geometry": {
        "type": "Point",
        "coordinates": [
          106.6919069,
          10.7844093
        ]
      },
      "id": "node/4623800198"
    },
    {
      "type": "Feature",
      "properties": {
        "@id": "node/4624875391",
        "addr:housenumber": "45",
        "addr:street": "Lý Chính Thắng",
        "amenity": "restaurant",
        "cuisine": "american;asian;vietnamese",
        "name": "Nhà Hàng Nhật Phương"
      },
      "geometry": {
        "type": "Point",
        "coordinates": [
          106.6863392,
          10.7901736
        ]
      },
      "id": "node/4624875391"
    },
    {
      "type": "Feature",
      "properties": {
        "@id": "node/4634203089",
        "addr:housenumber": "143",
        "addr:street": "Nam Kỳ Khởi Nghĩa",
        "amenity": "restaurant",
        "bar": "yes",
        "cuisine": "western;vietnamese;fusion",
        "description": "Fusion food, great quality and good hygiene. Quite formal and elegant. Good service, recommended for tourists",
        "name": "Nhà Hàng Ly Clu",
        "outdoor_seating": "yes"
      },
      "geometry": {
        "type": "Point",
        "coordinates": [
          106.6933297,
          10.7806711
        ]
      },
      "id": "node/4634203089"
    },
    {
      "type": "Feature",
      "properties": {
        "@id": "node/4635264574",
        "addr:city": "Ho Chi Minh City",
        "addr:district": "Quận 1",
        "addr:housenumber": "24",
        "addr:postcode": "700000",
        "addr:street": "Hẻm 40 Bùi Viện",
        "addr:subdistrict": "Phường Phạm Ngũ Lão",
        "amenity": "restaurant",
        "capacity": "40",
        "cuisine": "asian;mexican;korean;local",
        "delivery": "yes",
        "email": "nonlaguys@gmail.com",
        "internet_access": "wlan",
        "name": "Nhà Hàng Non La Guys",
        "name:de": "ORYZA Viet Cuisine",
        "name:ko": "논라가이즈",
        "opening_hours": "Mo-Su 12:00-21:00",
        "outdoor_seating": "no",
        "phone": "+84-90 560 0090",
        "smoking": "outside",
        "takeaway": "yes",
        "website": "https://facebook.com/Nonlaguys",
        "wheelchair": "yes"
      },
      "geometry": {
        "type": "Point",
        "coordinates": [
          106.694152,
          10.7682032
        ]
      },
      "id": "node/4635264574"
    },
    {
      "type": "Feature",
      "properties": {
        "@id": "node/4636295589",
        "amenity": "restaurant",
        "cuisine": "american",
        "internet_access": "wlan",
        "name:en": "TNT BBQ"
      },
      "geometry": {
        "type": "Point",
        "coordinates": [
          106.6942003,
          10.7723192
        ]
      },
      "id": "node/4636295589"
    },
    {
      "type": "Feature",
      "properties": {
        "@id": "node/4643537291",
        "addr:housenumber": "121",
        "addr:street": "Đường Cống Quỳnh",
        "amenity": "restaurant",
        "name:ja": "さかいや"
      },
      "geometry": {
        "type": "Point",
        "coordinates": [
          106.6899389,
          10.7654481
        ]
      },
      "id": "node/4643537291"
    },
    {
      "type": "Feature",
      "properties": {
        "@id": "node/4644092691",
        "addr:housenumber": "225",
        "addr:street": "Phan Xích Long",
        "amenity": "restaurant",
        "name": "Nhà Hàng Bún Chả Phố Cổ"
      },
      "geometry": {
        "type": "Point",
        "coordinates": [
          106.6863857,
          10.7990306
        ]
      },
      "id": "node/4644092691"
    },
    {
      "type": "Feature",
      "properties": {
        "@id": "node/4646080095",
        "addr:city": "Ho Chi Minh City",
        "addr:district": "1",
        "addr:housenumber": "201",
        "addr:street": "Đường Bùi Viện",
        "addr:subdistrict": "phường phạm ngũ lão",
        "amenity": "restaurant",
        "capacity": "80",
        "cuisine": "vietnamese;buncha;pho;healthyfood",
        "delivery": "yes",
        "description": "Vietnamese Restaurant on busy backpacker street Bui Vien with a modern mindset to reduce plastic, healthy food. No straws restaurant and refill your water bottle station. Owner is German and speaks fluent German, English, Cantonese and basic French.",
        "diet:vegan": "yes",
        "email": "royalsaigonrestaurant@gmail.com",
        "name": "Nhà Hàng Royal Saigon",
        "name:en": "Royal Saigon Restaurant",
        "opening_hours": "Mo-Su 10:30-22:30",
        "outdoor_seating": "yes",
        "payment:mastercard": "yes",
        "payment:samsung_pay": "yes",
        "payment:visa": "yes",
        "payment:wechat": "yes",
        "phone": "+84 962921773",
        "smoking": "outside",
        "takeaway": "yes",
        "website": "https://royalsaigon.blog/",
        "wheelchair": "limited"
      },
      "geometry": {
        "type": "Point",
        "coordinates": [
          106.6909327,
          10.7658624
        ]
      },
      "id": "node/4646080095"
    },
    {
      "type": "Feature",
      "properties": {
        "@id": "node/4646200389",
        "addr:housenumber": "116",
        "addr:street": "Hồ Tùng Mậu",
        "amenity": "restaurant",
        "name:en": "Ngoc Chau Garden"
      },
      "geometry": {
        "type": "Point",
        "coordinates": [
          106.7033904,
          10.7731074
        ]
      },
      "id": "node/4646200389"
    },
    {
      "type": "Feature",
      "properties": {
        "@id": "node/4646201089",
        "addr:housenumber": "145",
        "addr:street": "Đường Bùi Viện",
        "amenity": "restaurant",
        "name:en": "Bún Chả 145",
        "opening_hours": "Mo-Su 11:00-22:00"
      },
      "geometry": {
        "type": "Point",
        "coordinates": [
          106.6917488,
          10.7663719
        ]
      },
      "id": "node/4646201089"
    },
    {
      "type": "Feature",
      "properties": {
        "@id": "node/4650868790",
        "addr:housenumber": "44",
        "addr:street": "Đông Du",
        "amenity": "restaurant",
        "cuisine": "burger",
        "internet_access": "wlan",
        "name:de": "relish & sons",
        "name:en": "Relish & Sons",
        "opening_hours": "Mo-Su 10:00-23:00",
        "phone": "+84 707 214 294"
      },
      "geometry": {
        "type": "Point",
        "coordinates": [
          106.7050246,
          10.7763809
        ]
      },
      "id": "node/4650868790"
    },
    {
      "type": "Feature",
      "properties": {
        "@id": "node/4650868996",
        "addr:housenumber": "008",
        "addr:street": "Đường Phan Văn Trị",
        "amenity": "restaurant",
        "cuisine": "asian",
        "email": "chaotamhoi@gmail.com",
        "name": "Cháo Tám Hói",
        "name:en": "chao tam hoi",
        "opening_hours": "Mo-Su 11:00-21:00",
        "phone": "0909656538"
      },
      "geometry": {
        "type": "Point",
        "coordinates": [
          106.6780371,
          10.755777
        ]
      },
      "id": "node/4650868996"
    },
    {
      "type": "Feature",
      "properties": {
        "@id": "node/4665576989",
        "amenity": "restaurant",
        "cuisine": "vietnamese",
        "name:en": "Mountain Retreat"
      },
      "geometry": {
        "type": "Point",
        "coordinates": [
          106.7006746,
          10.7744459
        ]
      },
      "id": "node/4665576989"
    },
    {
      "type": "Feature",
      "properties": {
        "@id": "node/4670564289",
        "amenity": "restaurant",
        "name:en": "The smoke house"
      },
      "geometry": {
        "type": "Point",
        "coordinates": [
          106.7156925,
          10.7889354
        ]
      },
      "id": "node/4670564289"
    },
    {
      "type": "Feature",
      "properties": {
        "@id": "node/4670564291",
        "amenity": "restaurant",
        "name:ja": "もつ鍋"
      },
      "geometry": {
        "type": "Point",
        "coordinates": [
          106.7054695,
          10.7822881
        ]
      },
      "id": "node/4670564291"
    },
    {
      "type": "Feature",
      "properties": {
        "@id": "node/4670574890",
        "amenity": "restaurant",
        "name:en": "sushiko",
        "name:ja": "すしこ"
      },
      "geometry": {
        "type": "Point",
        "coordinates": [
          106.7016365,
          10.7624446
        ]
      },
      "id": "node/4670574890"
    },
    {
      "type": "Feature",
      "properties": {
        "@id": "node/4672781891",
        "amenity": "restaurant",
        "name:en": "ENO",
        "name:ja": "二郎系 ENO"
      },
      "geometry": {
        "type": "Point",
        "coordinates": [
          106.6667978,
          10.7769152
        ]
      },
      "id": "node/4672781891"
    },
    {
      "type": "Feature",
      "properties": {
        "@id": "node/4676482492",
        "addr:housenumber": "512",
        "addr:postcode": "70000",
        "addr:street": "Đường Nguyễn Thị Minh Khai",
        "amenity": "restaurant",
        "cuisine": "vietnamese",
        "email": "utcamau512@gmail.com",
        "internet_access": "wlan",
        "name": "Nhà Hàng Út Cà Mau",
        "name:en": "UT CA MAU RESTAURANT",
        "opening_hours": "Mo-Su 10:00-23:00",
        "operator": "Huỳnh Hoàng Thâm & Cao Xuân Khánh",
        "phone": "0909795512",
        "website": "https://www.utcamau.com/"
      },
      "geometry": {
        "type": "Point",
        "coordinates": [
          106.6808856,
          10.7618187
        ]
      },
      "id": "node/4676482492"
    },
    {
      "type": "Feature",
      "properties": {
        "@id": "node/4676650493",
        "addr:housenumber": "175/9",
        "addr:street": "Đường Phạm Ngũ Lão",
        "amenity": "restaurant",
        "cuisine": "vietnamese",
        "diet:vegan": "yes",
        "name:en": "Ngoc tho",
        "phone": "+84 838 360 162"
      },
      "geometry": {
        "type": "Point",
        "coordinates": [
          106.6942085,
          10.7685883
        ]
      },
      "id": "node/4676650493"
    },
    {
      "type": "Feature",
      "properties": {
        "@id": "node/4676791891",
        "addr:housenumber": "17/A",
        "addr:street": "Ngô Văn Năm",
        "amenity": "restaurant",
        "cuisine": "vietnamese",
        "email": "contact@quan-bui.com",
        "internet_access": "wlan",
        "name:en": "QUÁN BỤI - Original",
        "name:fr": "Quan Bui",
        "opening_hours": "Mo-Su 08:00-23:00",
        "phone": "+84 2838 29 15 15",
        "website": "https://quan-bui.com"
      },
      "geometry": {
        "type": "Point",
        "coordinates": [
          106.7059109,
          10.7814816
        ]
      },
      "id": "node/4676791891"
    },
    {
      "type": "Feature",
      "properties": {
        "@id": "node/4686804617",
        "amenity": "restaurant",
        "cuisine": "pizza",
        "name": "Pizza 4P's - Phú Mỹ Hưng",
        "name:ko": "피자 4P's"
      },
      "geometry": {
        "type": "Point",
        "coordinates": [
          106.715633,
          10.7315659
        ]
      },
      "id": "node/4686804617"
    },
    {
      "type": "Feature",
      "properties": {
        "@id": "node/4688384689",
        "addr:housenumber": "59B",
        "addr:street": "Cao Thắng",
        "amenity": "restaurant",
        "internet_access": "wlan",
        "name": "Sumo BBQ",
        "name:vi": "Sumo BBQ"
      },
      "geometry": {
        "type": "Point",
        "coordinates": [
          106.6812507,
          10.7706899
        ]
      },
      "id": "node/4688384689"
    },
    {
      "type": "Feature",
      "properties": {
        "@id": "node/4688667439",
        "amenity": "restaurant",
        "cuisine": "vietnamese",
        "level": "0",
        "name": "Nhà Hàng Saigon Night",
        "outdoor_seating": "yes",
        "smoking": "yes"
      },
      "geometry": {
        "type": "Point",
        "coordinates": [
          106.6975453,
          10.7753264
        ]
      },
      "id": "node/4688667439"
    },
    {
      "type": "Feature",
      "properties": {
        "@id": "node/4690414289",
        "amenity": "restaurant",
        "cuisine": "korean",
        "name": "Nhà Hàng Busan"
      },
      "geometry": {
        "type": "Point",
        "coordinates": [
          106.6958784,
          10.7942779
        ]
      },
      "id": "node/4690414289"
    },
    {
      "type": "Feature",
      "properties": {
        "@id": "node/4690507794",
        "amenity": "restaurant",
        "name": "Tiệm Hủ Tiếu Nhân Quán",
        "name:vi": "hủ tiếu Nhân Quán"
      },
      "geometry": {
        "type": "Point",
        "coordinates": [
          106.7008465,
          10.7586548
        ]
      },
      "id": "node/4690507794"
    },
    {
      "type": "Feature",
      "properties": {
        "@id": "node/4696576905",
        "addr:city": "HỒ CHÍ MINH",
        "addr:district": "Quận 7",
        "addr:housenumber": "106",
        "addr:postcode": "756200",
        "addr:province": "HỒ CHÍ MINH",
        "addr:street": "Trần Trọng Cung",
        "addr:subdistrict": "Phường Tân Thuận Đông",
        "amenity": "restaurant",
        "cuisine": "vietnamese;noodle;lẩu_thái;grilled_fish;steamed_fish;stir-fried_vegetables;hotpot",
        "delivery": "yes",
        "diet:beef": "yes",
        "diet:fish": "yes",
        "diet:noodle": "yes",
        "diet:seafood": "yes",
        "image": "https://encrypted-tbn0.gstatic.com/images?q=tbn:ANd9GcSArphA7QgoNa5MHunKYiPmBO0-gC3-9uaKEg&s",
        "internet_access": "wlan",
        "internet_access:fee": "customers",
        "name": "Lẩu cá đuối Hai Béo",
        "opening_hours": "Mo-Su 17:00-22:00",
        "outdoor_seating": "yes",
        "payment:cash": "yes",
        "payment:coins": "yes",
        "payment:cryptocurrencies": "yes",
        "payment:onchain": "yes",
        "payment:vietqr": "yes",
        "phone": "0905430911",
        "smoking": "outside",
        "takeaway": "yes",
        "toilets": "yes",
        "wheelchair": "yes"
      },
      "geometry": {
        "type": "Point",
        "coordinates": [
          106.7351789,
          10.7430941
        ]
      },
      "id": "node/4696576905"
    },
    {
      "type": "Feature",
      "properties": {
        "@id": "node/4703421190",
        "amenity": "restaurant",
        "cuisine": "vietnamese;local;western;mexican",
        "internet_access": "wlan",
        "name:en": "Huong Viet Restaurant"
      },
      "geometry": {
        "type": "Point",
        "coordinates": [
          106.6935902,
          10.7671859
        ]
      },
      "id": "node/4703421190"
    },
    {
      "type": "Feature",
      "properties": {
        "@id": "node/4707519389",
        "addr:housenumber": "10",
        "addr:street": "Đường Ðặng Tất",
        "amenity": "restaurant",
        "name": "Cục Gạch Quán",
        "opening_hours": "Mo-Su 09:00-23:30",
        "phone": "+84 838 480 144"
      },
      "geometry": {
        "type": "Point",
        "coordinates": [
          106.6889296,
          10.7929997
        ]
      },
      "id": "node/4707519389"
    },
    {
      "type": "Feature",
      "properties": {
        "@id": "node/4709718590",
        "amenity": "restaurant",
        "name": "Quán Ăn Gia Đình"
      },
      "geometry": {
        "type": "Point",
        "coordinates": [
          106.6865896,
          10.7783736
        ]
      },
      "id": "node/4709718590"
    },
    {
      "type": "Feature",
      "properties": {
        "@id": "node/4709826791",
        "amenity": "restaurant",
        "cuisine": "vietnamese",
        "name": "Nhà Hàng Veggi",
        "name:vi": "Veggi Restaurant"
      },
      "geometry": {
        "type": "Point",
        "coordinates": [
          106.69456,
          10.7682015
        ]
      },
      "id": "node/4709826791"
    },
    {
      "type": "Feature",
      "properties": {
        "@id": "node/4720305018",
        "amenity": "restaurant",
        "name": "Nhà Hàng Stake House",
        "name:vi": "Stake House"
      },
      "geometry": {
        "type": "Point",
        "coordinates": [
          106.6978604,
          10.7678723
        ]
      },
      "id": "node/4720305018"
    },
    {
      "type": "Feature",
      "properties": {
        "@id": "node/4738216221",
        "addr:housenumber": "210B",
        "addr:street": "Nguyễn Khắc Nhu",
        "amenity": "restaurant",
        "cuisine": "vietnamese",
        "name": "Cà Phê Milestone",
        "name:vi": "Pho Bac Hai"
      },
      "geometry": {
        "type": "Point",
        "coordinates": [
          106.6929265,
          10.7639372
        ]
      },
      "id": "node/4738216221"
    },
    {
      "type": "Feature",
      "properties": {
        "@id": "node/4740076021",
        "amenity": "restaurant",
        "cuisine": "vietnamese",
        "name": "Phở Bác Hai",
        "operator": "Thuc Don",
        "phone": "0933452455"
      },
      "geometry": {
        "type": "Point",
        "coordinates": [
          106.6942283,
          10.764493
        ]
      },
      "id": "node/4740076021"
    },
    {
      "type": "Feature",
      "properties": {
        "@id": "node/4741614624",
        "addr:district": "Phú Nhuận",
        "addr:housenumber": "198",
        "addr:province": "Hồ Chí Minh",
        "addr:street": "Hoàng Văn Thụ",
        "addr:subdistrict": "Phường 9",
        "amenity": "restaurant",
        "name": "Nhà Hàng The Adora Luxury",
        "name:en": "The Adora Luxury"
      },
      "geometry": {
        "type": "Point",
        "coordinates": [
          106.6734404,
          10.8001215
        ]
      },
      "id": "node/4741614624"
    },
    {
      "type": "Feature",
      "properties": {
        "@id": "node/4741763325",
        "addr:street": "Đường số 14",
        "amenity": "restaurant",
        "name": "Lẩu Dê Yên Hồng Quang 2",
        "opening_hours": "Mo-Su 09:00-11:00",
        "phone": "090 378 20 96"
      },
      "geometry": {
        "type": "Point",
        "coordinates": [
          106.6475296,
          10.8417023
        ]
      },
      "id": "node/4741763325"
    },
    {
      "type": "Feature",
      "properties": {
        "@id": "node/4741772822",
        "addr:street": "Cộng Hoà",
        "amenity": "restaurant",
        "name": "Nhà Hàng Lẩu Dê Yên Hồng Quang 3",
        "opening_hours": "Mo-Su 09:00-23:00"
      },
      "geometry": {
        "type": "Point",
        "coordinates": [
          106.647557,
          10.8021334
        ]
      },
      "id": "node/4741772822"
    },
    {
      "type": "Feature",
      "properties": {
        "@id": "node/4743310325",
        "amenity": "restaurant",
        "name": "Nhà Hàng Mùa Vàng"
      },
      "geometry": {
        "type": "Point",
        "coordinates": [
          106.661955,
          10.7776498
        ]
      },
      "id": "node/4743310325"
    },
    {
      "type": "Feature",
      "properties": {
        "@id": "node/4751056521",
        "addr:housenumber": "38",
        "addr:street": "Nguyễn Ư Dĩ",
        "amenity": "restaurant",
        "cuisine": "fine_dining;international;vietnamese;asian",
        "email": "info@thedecksaigon.com",
        "name": "Nhà Hàng The Deck Sài Gòn",
        "name:de": "The Deck Saigon",
        "opening_hours": "Mo-Su 08:00-00:00",
        "phone": "+84 8 3744 6632",
        "website": "https://www.thedecksaigon.com/"
      },
      "geometry": {
        "type": "Point",
        "coordinates": [
          106.74459,
          10.807271
        ]
      },
      "id": "node/4751056521"
    },
    {
      "type": "Feature",
      "properties": {
        "@id": "node/4761589421",
        "amenity": "restaurant",
        "name:vi": "Khoai Môn Nha Trang"
      },
      "geometry": {
        "type": "Point",
        "coordinates": [
          106.6934736,
          10.7787537
        ]
      },
      "id": "node/4761589421"
    },
    {
      "type": "Feature",
      "properties": {
        "@id": "node/4766870921",
        "amenity": "restaurant",
        "name": "Cửa hàng Pizza Esspy"
      },
      "geometry": {
        "type": "Point",
        "coordinates": [
          106.6898055,
          10.7658354
        ]
      },
      "id": "node/4766870921"
    },
    {
      "type": "Feature",
      "properties": {
        "@id": "node/4769818721",
        "amenity": "restaurant",
        "name:en": "Cool Spot BBQ"
      },
      "geometry": {
        "type": "Point",
        "coordinates": [
          106.6973363,
          10.7660756
        ]
      },
      "id": "node/4769818721"
    },
    {
      "type": "Feature",
      "properties": {
        "@id": "node/4773740647",
        "addr:housenumber": "48",
        "addr:street": "Võ Văn Tần",
        "amenity": "restaurant",
        "name": "Nhà Hàng Vietheritage",
        "name:en": "Vietheritage",
        "name:vi": "Nha Hang Vietheritage",
        "opening_hours": "Mo-Su 08:00-22:30",
        "website": "https://vietheritage.com.vn/"
      },
      "geometry": {
        "type": "Point",
        "coordinates": [
          106.6907907,
          10.7781095
        ]
      },
      "id": "node/4773740647"
    },
    {
      "type": "Feature",
      "properties": {
        "@id": "node/4777146123",
        "amenity": "restaurant",
        "name": "Bún Chả Hà Nội Vân An"
      },
      "geometry": {
        "type": "Point",
        "coordinates": [
          106.6677124,
          10.8132471
        ]
      },
      "id": "node/4777146123"
    },
    {
      "type": "Feature",
      "properties": {
        "@id": "node/4782415922",
        "amenity": "restaurant",
        "name": "Nhà Hàng Five Oysters",
        "name:en": "Five Oysters - Vietnamese kitchen"
      },
      "geometry": {
        "type": "Point",
        "coordinates": [
          106.6909232,
          10.7659253
        ]
      },
      "id": "node/4782415922"
    },
    {
      "type": "Feature",
      "properties": {
        "@id": "node/4793641321",
        "amenity": "restaurant",
        "name:en": "Spice Bistro"
      },
      "geometry": {
        "type": "Point",
        "coordinates": [
          106.7061287,
          10.776551
        ]
      },
      "id": "node/4793641321"
    },
    {
      "type": "Feature",
      "properties": {
        "@id": "node/4800699522",
        "air_conditioning": "yes",
        "amenity": "restaurant",
        "cuisine": "indian",
        "diet:gluten_free": "yes",
        "diet:halal": "yes",
        "diet:vegan": "yes",
        "diet:vegetarian": "yes",
        "indoor_seating": "yes",
        "name": "Nhà Hàng Ấn Độ Natraj",
        "outdoor_seating": "no",
        "phone": "+842866795267",
        "smoking": "no",
        "wheelchair": "no"
      },
      "geometry": {
        "type": "Point",
        "coordinates": [
          106.6898911,
          10.7712663
        ]
      },
      "id": "node/4800699522"
    },
    {
      "type": "Feature",
      "properties": {
        "@id": "node/4815270221",
        "addr:housenumber": "290/21A",
        "addr:street": "Hẻm 290 Nam Kỳ Khởi Nghĩa",
        "air_conditioning": "yes",
        "amenity": "restaurant",
        "cuisine": "vietnamese",
        "diet:gluten_free": "yes",
        "diet:halal": "yes",
        "diet:vegan": "yes",
        "diet:vegetarian": "only",
        "indoor_seating": "yes",
        "name": "Nhà Hàng Việt Chay",
        "opening_hours": "Mo-Su 07:00-22:00",
        "outdoor_seating": "no",
        "phone": "+84942232242",
        "smoking": "no",
        "website": "https://www.vietchay.vn/",
        "wheelchair": "no"
      },
      "geometry": {
        "type": "Point",
        "coordinates": [
          106.6841344,
          10.7901879
        ]
      },
      "id": "node/4815270221"
    },
    {
      "type": "Feature",
      "properties": {
        "@id": "node/4815270322",
        "addr:housenumber": "54",
        "addr:street": "Trương Quyền",
        "air_conditioning": "no",
        "amenity": "restaurant",
        "changing_table": "no",
        "cuisine": "vietnamese",
        "diet:gluten_free": "yes",
        "diet:halal": "yes",
        "diet:vegan": "yes",
        "diet:vegetarian": "only",
        "indoor_seating": "yes",
        "name": "Phở Chay Nhu",
        "name:en": "Pho Chay Vegan/Vegetarian Restaurant",
        "outdoor_seating": "no",
        "payment:credit_cards": "no",
        "payment:debit_cards": "no",
        "smoking": "no",
        "wheelchair": "no"
      },
      "geometry": {
        "type": "Point",
        "coordinates": [
          106.6922059,
          10.7869978
        ]
      },
      "id": "node/4815270322"
    },
    {
      "type": "Feature",
      "properties": {
        "@id": "node/4817287122",
        "amenity": "restaurant",
        "name:vi": "Vee ayy"
      },
      "geometry": {
        "type": "Point",
        "coordinates": [
          106.6896858,
          10.7603474
        ]
      },
      "id": "node/4817287122"
    },
    {
      "type": "Feature",
      "properties": {
        "@id": "node/4819909822",
        "addr:housenumber": "26/4",
        "addr:street": "Xô Viết Nghệ Tinhx",
        "amenity": "restaurant",
        "name": "Nhà Hàng Gà Nướng Bảy Đực"
      },
      "geometry": {
        "type": "Point",
        "coordinates": [
          106.7386412,
          10.8261282
        ]
      },
      "id": "node/4819909822"
    },
    {
      "type": "Feature",
      "properties": {
        "@id": "node/4829207027",
        "addr:housenumber": "64-68",
        "addr:street": "Phan Xích Long",
        "amenity": "restaurant",
        "cuisine": "chinese;diner;breakfast;coffee_shop;fish;chicken;seafood;noodles;deli;tea;beef_bowl;asian;regional;vietnamese",
        "internet_access": "wlan",
        "name": "Quán Ăn Dương Thành",
        "opening_hours": "Mo-Su 11:00-00:00",
        "phone": "08 39691778",
        "website": "http://duongthanh.esy.es"
      },
      "geometry": {
        "type": "Point",
        "coordinates": [
          106.6465668,
          10.7559138
        ]
      },
      "id": "node/4829207027"
    },
    {
      "type": "Feature",
      "properties": {
        "@id": "node/4833860723",
        "addr:housenumber": "14",
        "addr:street": "Trần Huy Liệu",
        "amenity": "restaurant",
        "name": "Lẩu Mắm 140"
      },
      "geometry": {
        "type": "Point",
        "coordinates": [
          106.6781763,
          10.797736
        ]
      },
      "id": "node/4833860723"
    },
    {
      "type": "Feature",
      "properties": {
        "@id": "node/4835913121",
        "addr:housenumber": "269 - 271",
        "addr:street": "Hoàng Sa",
        "amenity": "restaurant",
        "cuisine": "fine_dining;breakfast;deli;diner;asian",
        "internet_access": "wlan",
        "name": "Bánh Canh Trảng Bàng Cô Ba",
        "opening_hours": "Mo-Su 07:00-22:00",
        "operator": "BÁNH CANH TRẢNG BÀNG CÔ BA",
        "phone": "38481648"
      },
      "geometry": {
        "type": "Point",
        "coordinates": [
          106.6859114,
          10.7963491
        ]
      },
      "id": "node/4835913121"
    },
    {
      "type": "Feature",
      "properties": {
        "@id": "node/4838067235",
        "amenity": "restaurant",
        "name": "Quán Bia Tươi Sài Gòn AGATA"
      },
      "geometry": {
        "type": "Point",
        "coordinates": [
          106.7867928,
          10.8800307
        ]
      },
      "id": "node/4838067235"
    },
    {
      "type": "Feature",
      "properties": {
        "@id": "node/4838067238",
        "amenity": "restaurant"
      },
      "geometry": {
        "type": "Point",
        "coordinates": [
          106.794491,
          10.8802423
        ]
      },
      "id": "node/4838067238"
    },
    {
      "type": "Feature",
      "properties": {
        "@id": "node/4838067252",
        "amenity": "restaurant",
        "name": "Quán Cơm Thành Tài"
      },
      "geometry": {
        "type": "Point",
        "coordinates": [
          106.7993009,
          10.8753844
        ]
      },
      "id": "node/4838067252"
    },
    {
      "type": "Feature",
      "properties": {
        "@id": "node/4838067286",
        "amenity": "restaurant",
        "name": "Mì Cay Naga"
      },
      "geometry": {
        "type": "Point",
        "coordinates": [
          106.7988693,
          10.8749461
        ]
      },
      "id": "node/4838067286"
    },
    {
      "type": "Feature",
      "properties": {
        "@id": "node/4843928624",
        "addr:street": "An Dương Vương",
        "amenity": "restaurant",
        "name": "Nhà Hàng Lẩu Dê Cây Dừa 2",
        "opening_hours": "Mo-Su 14:00-23:30"
      },
      "geometry": {
        "type": "Point",
        "coordinates": [
          106.6220743,
          10.7383128
        ]
      },
      "id": "node/4843928624"
    },
    {
      "type": "Feature",
      "properties": {
        "@id": "node/4855397350",
        "addr:city": "Hồ Chí Minh",
        "addr:district": "Quận 7",
        "addr:housenumber": "S84-1",
        "addr:street": "Phạm Văn Nghị",
        "addr:subdistrict": "Tan Phong",
        "amenity": "restaurant",
        "cuisine": "chinese;hotpot",
        "name": "Nhà Hàng Huo Cuo"
      },
      "geometry": {
        "type": "Point",
        "coordinates": [
          106.7065132,
          10.7336048
        ]
      },
      "id": "node/4855397350"
    },
    {
      "type": "Feature",
      "properties": {
        "@id": "node/4855417146",
        "addr:district": "Quận 7",
        "addr:housenumber": "54",
        "addr:street": "Đường Số 6",
        "addr:subdistrict": "Tân Phong",
        "amenity": "restaurant",
        "cuisine": "indian",
        "description": "Fine Indian cuisine",
        "description:vi": "Ẩm thực Ấn Độ tinh tế",
        "diet:halal": "yes",
        "name": "Ganesh",
        "opening_hours": "Mo-Su 10:30-14:15,17:00-21:00"
      },
      "geometry": {
        "type": "Point",
        "coordinates": [
          106.7078529,
          10.7302076
        ]
      },
      "id": "node/4855417146"
    },
    {
      "type": "Feature",
      "properties": {
        "@id": "node/4855417147",
        "addr:housenumber": "950",
        "addr:street": "Nguyễn Văn Linh",
        "amenity": "restaurant",
        "contact:facebook": "https://www.facebook.com/kadohachivn",
        "cuisine": "japanese",
        "name": "Kadohachi",
        "name:ja": "かどはち",
        "opening_hours": "Mo-Fr 11:30-14:00,17:00-22:00; Sa-Su 11:30-22:00"
      },
      "geometry": {
        "type": "Point",
        "coordinates": [
          106.7089901,
          10.7293411
        ]
      },
      "id": "node/4855417147"
    },
    {
      "type": "Feature",
      "properties": {
        "@id": "node/4855451452",
        "addr:housenumber": "23",
        "addr:street": "Bùi Bằng Đoàn",
        "amenity": "restaurant",
        "cuisine": "thai",
        "name": "Nathalie's",
        "opening_hours": "07:00-23:00",
        "website": "http://www.nathalie.com.vn/"
      },
      "geometry": {
        "type": "Point",
        "coordinates": [
          106.7087772,
          10.7293374
        ]
      },
      "id": "node/4855451452"
    },
    {
      "type": "Feature",
      "properties": {
        "@id": "node/4855542417",
        "addr:housenumber": "47",
        "addr:street": "Bùi Bằng Đoàn",
        "amenity": "restaurant",
        "cuisine": "vietnamese",
        "name": "RIO Restaurant",
        "opening_hours": "Mo-Su 09:00-23:00"
      },
      "geometry": {
        "type": "Point",
        "coordinates": [
          106.7086786,
          10.7332154
        ]
      },
      "id": "node/4855542417"
    },
    {
      "type": "Feature",
      "properties": {
        "@id": "node/4857501221",
        "addr:housenumber": "120",
        "addr:street": "Đường Nguyễn Thái Bình",
        "amenity": "restaurant",
        "name:en": "Pho Phu Vuong"
      },
      "geometry": {
        "type": "Point",
        "coordinates": [
          106.6986878,
          10.7683485
        ]
      },
      "id": "node/4857501221"
    },
    {
      "type": "Feature",
      "properties": {
        "@id": "node/4857801424",
        "amenity": "restaurant",
        "name:en": "com Tam broken rice"
      },
      "geometry": {
        "type": "Point",
        "coordinates": [
          106.6964838,
          10.7724623
        ]
      },
      "id": "node/4857801424"
    },
    {
      "type": "Feature",
      "properties": {
        "@id": "node/4861414898",
        "addr:housenumber": "47",
        "addr:street": "Phan Khiêm Ích",
        "amenity": "restaurant",
        "cuisine": "international",
        "name": "The Tavern"
      },
      "geometry": {
        "type": "Point",
        "coordinates": [
          106.7086924,
          10.7327247
        ]
      },
      "id": "node/4861414898"
    },
    {
      "type": "Feature",
      "properties": {
        "@id": "node/4861414900",
        "addr:housenumber": "60",
        "addr:street": "Lê Văn Thiêm",
        "amenity": "restaurant",
        "cuisine": "korean",
        "name": "바다",
        "name:en": "Ba Da",
        "name:vi": "Ba Da",
        "opening_hours": "Mo-Sa 11:00-22:00"
      },
      "geometry": {
        "type": "Point",
        "coordinates": [
          106.7080431,
          10.7311345
        ]
      },
      "id": "node/4861414900"
    },
    {
      "type": "Feature",
      "properties": {
        "@id": "node/4861414901",
        "addr:city": "Hồ Chí Minh",
        "addr:district": "Quận 7",
        "addr:housenumber": "64",
        "addr:street": "Lê Văn Thiêm",
        "addr:subdistrict": "Tân Phong",
        "amenity": "restaurant",
        "cuisine": "korean",
        "name": "불막열삼",
        "name:en": "Bulmakyeolsam",
        "name:vi": "Bulmakyeolsam",
        "opening_hours": "Mo-Sa 15:00-00:00"
      },
      "geometry": {
        "type": "Point",
        "coordinates": [
          106.7079336,
          10.7311335
        ]
      },
      "id": "node/4861414901"
    },
    {
      "type": "Feature",
      "properties": {
        "@id": "node/4868316421",
        "amenity": "restaurant",
        "name:en": "La Casa"
      },
      "geometry": {
        "type": "Point",
        "coordinates": [
          106.6942784,
          10.7675874
        ]
      },
      "id": "node/4868316421"
    },
    {
      "type": "Feature",
      "properties": {
        "@id": "node/4869372313",
        "addr:city": "Hồ Chí Minh",
        "addr:district": "Quận 7",
        "addr:housenumber": "R1-49",
        "addr:street": "Nội Khu Hưng Gia 3",
        "addr:subdistrict": "Tân Phong",
        "amenity": "restaurant",
        "cuisine": "korean",
        "name": "Samwon",
        "name:ko": "삼원"
      },
      "geometry": {
        "type": "Point",
        "coordinates": [
          106.7102193,
          10.7325567
        ]
      },
      "id": "node/4869372313"
    },
    {
      "type": "Feature",
      "properties": {
        "@id": "node/4871303721",
        "amenity": "restaurant",
        "name": "Quán Ăn Hủ Tiếu Nam Vang Hà Kiều"
      },
      "geometry": {
        "type": "Point",
        "coordinates": [
          106.6874281,
          10.8361498
        ]
      },
      "id": "node/4871303721"
    },
    {
      "type": "Feature",
      "properties": {
        "@id": "node/4871957722",
        "addr:street": "Đường Phan Văn Trị",
        "amenity": "restaurant",
        "name": "Nhà Hàng Hương Phố"
      },
      "geometry": {
        "type": "Point",
        "coordinates": [
          106.6835014,
          10.8287006
        ]
      },
      "id": "node/4871957722"
    },
    {
      "type": "Feature",
      "properties": {
        "@id": "node/4879839521",
        "amenity": "restaurant",
        "name:en": "gummy chicken"
      },
      "geometry": {
        "type": "Point",
        "coordinates": [
          106.6987987,
          10.7775468
        ]
      },
      "id": "node/4879839521"
    },
    {
      "type": "Feature",
      "properties": {
        "@id": "node/4882951122",
        "amenity": "restaurant",
        "cuisine": "vietnamese",
        "diet:vegetarian": "only",
        "name": "Ẩm Thực Chay Chân Nhu II",
        "name:en": "Chân Nhu II vegetarian restaurant",
        "name:fr": "Restaurant végétarien Chân Nhu II"
      },
      "geometry": {
        "type": "Point",
        "coordinates": [
          106.6948465,
          10.7650979
        ]
      },
      "id": "node/4882951122"
    },
    {
      "type": "Feature",
      "properties": {
        "@id": "node/4883409088",
        "addr:city": "Hồ Chí Minh",
        "addr:district": "Quận 7",
        "addr:housenumber": "1",
        "addr:street": "Nội Khu Hưng Phước 3",
        "addr:subdistrict": "Tân Phong",
        "amenity": "restaurant",
        "cuisine": "vietnamese",
        "description": "Tinh Hoa Ẩm Thực Huế",
        "description:en": "The Essence of Hue Cuisine",
        "name": "O Tem",
        "opening_hours": "Mo-Fr 11:00-21:00; Sa-Su 10:00-21:00"
      },
      "geometry": {
        "type": "Point",
        "coordinates": [
          106.7083692,
          10.7304964
        ]
      },
      "id": "node/4883409088"
    },
    {
      "type": "Feature",
      "properties": {
        "@id": "node/4883765814",
        "addr:city": "Hồ Chí Minh",
        "addr:district": "Quận 7",
        "addr:housenumber": "48",
        "addr:province": "Hồ Chí Minh",
        "addr:street": "Cao Triều Phát",
        "addr:subdistrict": "Tân Phong",
        "amenity": "restaurant",
        "cuisine": "korean",
        "name": "Woo Mong",
        "name:ko": "우몽"
      },
      "geometry": {
        "type": "Point",
        "coordinates": [
          106.7087161,
          10.7320865
        ]
      },
      "id": "node/4883765814"
    },
    {
      "type": "Feature",
      "properties": {
        "@id": "node/4884593121",
        "addr:housenumber": "119",
        "addr:street": "Đường Lê Văn Linh",
        "amenity": "restaurant",
        "name:en": "Bà Hai"
      },
      "geometry": {
        "type": "Point",
        "coordinates": [
          106.7063092,
          10.762579
        ]
      },
      "id": "node/4884593121"
    },
    {
      "type": "Feature",
      "properties": {
        "@id": "node/4893535422",
        "amenity": "restaurant",
        "name:zh": "安贡馆"
      },
      "geometry": {
        "type": "Point",
        "coordinates": [
          106.6963933,
          10.7820903
        ]
      },
      "id": "node/4893535422"
    },
    {
      "type": "Feature",
      "properties": {
        "@id": "node/4898588055",
        "amenity": "restaurant"
      },
      "geometry": {
        "type": "Point",
        "coordinates": [
          106.6703776,
          10.8332446
        ]
      },
      "id": "node/4898588055"
    },
    {
      "type": "Feature",
      "properties": {
        "@id": "node/4899480766",
        "amenity": "restaurant"
      },
      "geometry": {
        "type": "Point",
        "coordinates": [
          106.6617434,
          10.783642
        ]
      },
      "id": "node/4899480766"
    },
    {
      "type": "Feature",
      "properties": {
        "@id": "node/4899480767",
        "amenity": "restaurant"
      },
      "geometry": {
        "type": "Point",
        "coordinates": [
          106.6644632,
          10.7866799
        ]
      },
      "id": "node/4899480767"
    },
    {
      "type": "Feature",
      "properties": {
        "@id": "node/4904103821",
        "addr:housenumber": "41",
        "addr:postcode": "70000",
        "addr:street": "Lê Duẩn",
        "amenity": "restaurant",
        "name": "Nhà Hàng The Fish Sauce",
        "name:vi": "The Fish Sauce"
      },
      "geometry": {
        "type": "Point",
        "coordinates": [
          106.6994239,
          10.7811468
        ]
      },
      "id": "node/4904103821"
    },
    {
      "type": "Feature",
      "properties": {
        "@id": "node/4918074720",
        "amenity": "restaurant",
        "name": "Nhà Hàng San San"
      },
      "geometry": {
        "type": "Point",
        "coordinates": [
          106.664387,
          10.7909994
        ]
      },
      "id": "node/4918074720"
    },
    {
      "type": "Feature",
      "properties": {
        "@id": "node/4918092359",
        "amenity": "restaurant",
        "name": "Thịt chó",
        "name:en": "Roasted Dogs"
      },
      "geometry": {
        "type": "Point",
        "coordinates": [
          106.6631918,
          10.785952
        ]
      },
      "id": "node/4918092359"
    },
    {
      "type": "Feature",
      "properties": {
        "@id": "node/4918129151",
        "amenity": "restaurant"
      },
      "geometry": {
        "type": "Point",
        "coordinates": [
          106.6724269,
          10.7963427
        ]
      },
      "id": "node/4918129151"
    },
    {
      "type": "Feature",
      "properties": {
        "@id": "node/4918129152",
        "amenity": "restaurant"
      },
      "geometry": {
        "type": "Point",
        "coordinates": [
          106.6724833,
          10.7967511
        ]
      },
      "id": "node/4918129152"
    },
    {
      "type": "Feature",
      "properties": {
        "@id": "node/4934180221",
        "amenity": "restaurant",
        "name": "Quán Ăn An Ký"
      },
      "geometry": {
        "type": "Point",
        "coordinates": [
          106.7105143,
          10.7277914
        ]
      },
      "id": "node/4934180221"
    },
    {
      "type": "Feature",
      "properties": {
        "@id": "node/4943857461",
        "amenity": "restaurant",
        "brand": "Pizza Hut",
        "brand:wikidata": "Q191615",
        "cuisine": "pizza",
        "name": "Pizza Hut"
      },
      "geometry": {
        "type": "Point",
        "coordinates": [
          106.6637587,
          10.7873014
        ]
      },
      "id": "node/4943857461"
    },
    {
      "type": "Feature",
      "properties": {
        "@id": "node/4956143981",
        "amenity": "restaurant"
      },
      "geometry": {
        "type": "Point",
        "coordinates": [
          106.662053,
          10.79106
        ]
      },
      "id": "node/4956143981"
    },
    {
      "type": "Feature",
      "properties": {
        "@id": "node/4956143983",
        "amenity": "restaurant"
      },
      "geometry": {
        "type": "Point",
        "coordinates": [
          106.6618655,
          10.7910537
        ]
      },
      "id": "node/4956143983"
    },
    {
      "type": "Feature",
      "properties": {
        "@id": "node/4957003922",
        "addr:housenumber": "39",
        "addr:street": "Bình Thái",
        "amenity": "restaurant",
        "cuisine": "vietnamese",
        "name": "Quán Bún Đậu Nhà Tôi 2",
        "phone": "0936544159"
      },
      "geometry": {
        "type": "Point",
        "coordinates": [
          106.6913389,
          10.7392419
        ]
      },
      "id": "node/4957003922"
    },
    {
      "type": "Feature",
      "properties": {
        "@id": "node/4960018721",
        "addr:housenumber": "39",
        "addr:street": "Bình Thái",
        "amenity": "restaurant",
        "cuisine": "vietnamese",
        "name": "Quán Bún Đậu Nhà Tôi 2",
        "name:vi": "Quán BÚN ĐẬU NHÀ TÔI (2)",
        "opening_hours": "Mo-Su 08:00-22:00",
        "phone": "0936544159"
      },
      "geometry": {
        "type": "Point",
        "coordinates": [
          106.690432,
          10.739051
        ]
      },
      "id": "node/4960018721"
    },
    {
      "type": "Feature",
      "properties": {
        "@id": "node/4961320226",
        "amenity": "restaurant",
        "diet:vegetarian": "only",
        "name": "Nhà Hàng Cơm Chay"
      },
      "geometry": {
        "type": "Point",
        "coordinates": [
          106.6626838,
          10.7848645
        ]
      },
      "id": "node/4961320226"
    },
    {
      "type": "Feature",
      "properties": {
        "@id": "node/4961570221",
        "addr:housenumber": "61",
        "addr:street": "Hoàng Thiều Hoa",
        "amenity": "restaurant",
        "name": "Quán Trang",
        "name:en": "Trang's Corner",
        "opening_hours": "Mo-Su 14:00-22:00",
        "phone": "0839733156"
      },
      "geometry": {
        "type": "Point",
        "coordinates": [
          106.6296198,
          10.775254
        ]
      },
      "id": "node/4961570221"
    },
    {
      "type": "Feature",
      "properties": {
        "@id": "node/4965375319",
        "addr:city": "Ho Chi Minh",
        "addr:district": "Thu Duc",
        "addr:housename": "240",
        "addr:housenumber": "114",
        "addr:place": "8307",
        "addr:street": "Đặng Văn Bi",
        "addr:subdistrict": "Binh Tho",
        "amenity": "restaurant",
        "cuisine": "vietnamese",
        "information": "1 can chia 3",
        "name": "Liên Hoa Quán",
        "opening_hours": "Mo-Su 09:00-20:00"
      },
      "geometry": {
        "type": "Point",
        "coordinates": [
          106.7619204,
          10.8447666
        ]
      },
      "id": "node/4965375319"
    },
    {
      "type": "Feature",
      "properties": {
        "@id": "node/4969684622",
        "amenity": "restaurant",
        "name": "Nhà Hàng Bò Cao Nguyên",
        "name:vi": "Bò Cao Nguyên"
      },
      "geometry": {
        "type": "Point",
        "coordinates": [
          106.7654756,
          10.8470199
        ]
      },
      "id": "node/4969684622"
    },
    {
      "type": "Feature",
      "properties": {
        "@id": "node/4971557530",
        "amenity": "restaurant",
        "name": "Nhà Hàng Broken Rice Meals"
      },
      "geometry": {
        "type": "Point",
        "coordinates": [
          106.6644754,
          10.7881045
        ]
      },
      "id": "node/4971557530"
    },
    {
      "type": "Feature",
      "properties": {
        "@id": "node/4971706397",
        "amenity": "restaurant",
        "name": "Nhà Hàng Roasted Dogs"
      },
      "geometry": {
        "type": "Point",
        "coordinates": [
          106.6643589,
          10.7871367
        ]
      },
      "id": "node/4971706397"
    },
    {
      "type": "Feature",
      "properties": {
        "@id": "node/4983142021",
        "amenity": "restaurant",
        "name": "Nhà Hàng Song Ngư",
        "name:en": "Song Ngu Seafood Restaurant"
      },
      "geometry": {
        "type": "Point",
        "coordinates": [
          106.6896406,
          10.7726596
        ]
      },
      "id": "node/4983142021"
    },
    {
      "type": "Feature",
      "properties": {
        "@id": "node/4983194022",
        "amenity": "restaurant",
        "name:en": "Hong Hai (Hai San Seafood)"
      },
      "geometry": {
        "type": "Point",
        "coordinates": [
          106.6908895,
          10.7852193
        ]
      },
      "id": "node/4983194022"
    },
    {
      "type": "Feature",
      "properties": {
        "@id": "node/5001507622",
        "addr:housenumber": "39",
        "addr:postcode": "70000",
        "addr:street": "Đường Nguyễn Thái Học",
        "amenity": "restaurant",
        "cuisine": "ramen;soba;curry;sushi;asian;japanese;grill;seafood;fish;diner",
        "email": "phonhat.sushi@gmail.com",
        "internet_access": "wlan",
        "name": "Phố Nhật Quán",
        "name:en": "Sushi Pho Nhat",
        "opening_hours": "Mo-Su 09:00-23:00",
        "phone": "02822499888",
        "website": "http://phonhat.com"
      },
      "geometry": {
        "type": "Point",
        "coordinates": [
          106.6968847,
          10.7653734
        ]
      },
      "id": "node/5001507622"
    },
    {
      "type": "Feature",
      "properties": {
        "@id": "node/5003536402",
        "amenity": "restaurant",
        "name": "Nhà Hàng Ichiba Sushi"
      },
      "geometry": {
        "type": "Point",
        "coordinates": [
          106.6810624,
          10.7925044
        ]
      },
      "id": "node/5003536402"
    },
    {
      "type": "Feature",
      "properties": {
        "@id": "node/5003536408",
        "amenity": "restaurant",
        "name": "Nhà Hàng Food House"
      },
      "geometry": {
        "type": "Point",
        "coordinates": [
          106.6888205,
          10.7851216
        ]
      },
      "id": "node/5003536408"
    },
    {
      "type": "Feature",
      "properties": {
        "@id": "node/5003536409",
        "addr:housenumber": "244",
        "addr:street": "pasteur",
        "amenity": "restaurant",
        "description": "seafood",
        "name": "Nhà Hàng Thế Giới Hải Sản"
      },
      "geometry": {
        "type": "Point",
        "coordinates": [
          106.6904759,
          10.7857006
        ]
      },
      "id": "node/5003536409"
    },
    {
      "type": "Feature",
      "properties": {
        "@id": "node/5003536410",
        "amenity": "restaurant",
        "name": "Nhà Hàng Rắn Biển 6"
      },
      "geometry": {
        "type": "Point",
        "coordinates": [
          106.6922466,
          10.7839859
        ]
      },
      "id": "node/5003536410"
    },
    {
      "type": "Feature",
      "properties": {
        "@id": "node/5003536418",
        "air_conditioning": "yes",
        "amenity": "restaurant",
        "cuisine": "vietnamese;asian",
        "diet:vegan": "yes",
        "internet_access": "wlan",
        "internet_access:fee": "no",
        "level": "0;1",
        "name": "Nhà Hàng Bông Súng",
        "toilets": "yes",
        "toilets:access": "customers"
      },
      "geometry": {
        "type": "Point",
        "coordinates": [
          106.6990416,
          10.7782363
        ]
      },
      "id": "node/5003536418"
    },
    {
      "type": "Feature",
      "properties": {
        "@id": "node/5004996021",
        "addr:housenumber": "25",
        "addr:street": "Mạc Đĩnh Chi",
        "amenity": "restaurant",
        "cuisine": "vietnamese",
        "indoor_seating": "yes",
        "name": "Phở Cao Vân",
        "opening_hours": "Mo-Su 05:00-22:00",
        "outdoor_seating": "sidewalk",
        "phone": "+8438220509"
      },
      "geometry": {
        "type": "Point",
        "coordinates": [
          106.6994425,
          10.7847219
        ]
      },
      "id": "node/5004996021"
    },
    {
      "type": "Feature",
      "properties": {
        "@id": "node/5010578127",
        "amenity": "restaurant",
        "name:en": "Kokois"
      },
      "geometry": {
        "type": "Point",
        "coordinates": [
          106.7372004,
          10.8041018
        ]
      },
      "id": "node/5010578127"
    },
    {
      "type": "Feature",
      "properties": {
        "@id": "node/5010582521",
        "amenity": "restaurant",
        "internet_access": "wlan",
        "name:fr": "An Cafe"
      },
      "geometry": {
        "type": "Point",
        "coordinates": [
          106.7387506,
          10.8030806
        ]
      },
      "id": "node/5010582521"
    },
    {
      "type": "Feature",
      "properties": {
        "@id": "node/5014202823",
        "addr:housenumber": "43",
        "addr:street": "Huỳnh Khương An",
        "amenity": "restaurant",
        "cuisine": "vietnamese",
        "name": "Quán Cơm Bà Năm"
      },
      "geometry": {
        "type": "Point",
        "coordinates": [
          106.6891698,
          10.8227794
        ]
      },
      "id": "node/5014202823"
    },
    {
      "type": "Feature",
      "properties": {
        "@id": "node/5014219823",
        "addr:housenumber": "29",
        "addr:street": "Đường Trần Hưng Ðạo",
        "amenity": "restaurant",
        "cuisine": "chinese",
        "name:en": "Dim Tu Tac"
      },
      "geometry": {
        "type": "Point",
        "coordinates": [
          106.6703103,
          10.7525533
        ]
      },
      "id": "node/5014219823"
    },
    {
      "type": "Feature",
      "properties": {
        "@id": "node/5015735721",
        "addr:housenumber": "86 - 88",
        "addr:street": "Đường Nguyễn Tri Phương",
        "amenity": "restaurant",
        "cuisine": "chinese;breakfast",
        "name": "Nhà hàng Baoz Dimsum",
        "name:en": "Baoz Dimsum"
      },
      "geometry": {
        "type": "Point",
        "coordinates": [
          106.6696534,
          10.7531751
        ]
      },
      "id": "node/5015735721"
    },
    {
      "type": "Feature",
      "properties": {
        "@id": "node/5015735821",
        "addr:housenumber": "260C",
        "addr:street": "Đường Pasteur",
        "alt_name:en": "Pho Hoa Pasteur",
        "alt_name:vi": "Phở Hoà Pasteur",
        "amenity": "restaurant",
        "cuisine": "beef_bowl;noodle",
        "name": "Phở Hòa Pasteur",
        "name:ja": "フォー ホア",
        "name:vi": "Phở Hòa Pasteur",
        "not:brand": "Phở Hòa",
        "not:brand:wikidata": "Q55629932",
        "not:brand:wikipedia": "en:Phở Hòa"
      },
      "geometry": {
        "type": "Point",
        "coordinates": [
          106.689046,
          10.7868014
        ]
      },
      "id": "node/5015735821"
    },
    {
      "type": "Feature",
      "properties": {
        "@id": "node/5018135721",
        "addr:street": "Lam Son",
        "amenity": "restaurant",
        "cuisine": "vietnamese",
        "name": "Quán Ốc Cây Bàng"
      },
      "geometry": {
        "type": "Point",
        "coordinates": [
          106.667167,
          10.8133207
        ]
      },
      "id": "node/5018135721"
    },
    {
      "type": "Feature",
      "properties": {
        "@id": "node/5022397321",
        "amenity": "restaurant"
      },
      "geometry": {
        "type": "Point",
        "coordinates": [
          106.6933041,
          10.7862027
        ]
      },
      "id": "node/5022397321"
    },
    {
      "type": "Feature",
      "properties": {
        "@id": "node/5039117323",
        "addr:housenumber": "279",
        "addr:street": "Đường Nơ Trang Long",
        "amenity": "restaurant",
        "name": "Quán Cơm BaCu"
      },
      "geometry": {
        "type": "Point",
        "coordinates": [
          106.7027803,
          10.8196037
        ]
      },
      "id": "node/5039117323"
    },
    {
      "type": "Feature",
      "properties": {
        "@id": "node/5047033522",
        "amenity": "restaurant",
        "cuisine": "vietnamese",
        "name": "Phở Quỳnh"
      },
      "geometry": {
        "type": "Point",
        "coordinates": [
          106.6906241,
          10.7675083
        ]
      },
      "id": "node/5047033522"
    },
    {
      "type": "Feature",
      "properties": {
        "@id": "node/5047421727",
        "amenity": "restaurant",
        "name": "Nhà Hàng Nippon Izakaya",
        "name:vi": "Nippon izakaya"
      },
      "geometry": {
        "type": "Point",
        "coordinates": [
          106.7100816,
          10.7903239
        ]
      },
      "id": "node/5047421727"
    },
    {
      "type": "Feature",
      "properties": {
        "@id": "node/5059311422",
        "amenity": "restaurant",
        "cuisine": "international;vietnamese",
        "diet:vegan": "yes",
        "diet:vegetarian": "only",
        "indoor_seating": "yes",
        "name:en": "Phuong Mai Vegetarian",
        "outdoor_seating": "patio",
        "smoking": "no"
      },
      "geometry": {
        "type": "Point",
        "coordinates": [
          106.6921881,
          10.7890435
        ]
      },
      "id": "node/5059311422"
    },
    {
      "type": "Feature",
      "properties": {
        "@id": "node/5085677121",
        "amenity": "restaurant",
        "name": "Nhà Hàng Gà Cơ Bắp",
        "name:vi": "Gà Cơ BẮp"
      },
      "geometry": {
        "type": "Point",
        "coordinates": [
          106.6713635,
          10.7861286
        ]
      },
      "id": "node/5085677121"
    },
    {
      "type": "Feature",
      "properties": {
        "@id": "node/5085677221",
        "amenity": "restaurant",
        "name": "Nhà Hàng Urban Basemet - Craft Beer & Kitchen",
        "name:vi": "Urban Basemet - Craft Beer & Kitchen"
      },
      "geometry": {
        "type": "Point",
        "coordinates": [
          106.7054387,
          10.7826757
        ]
      },
      "id": "node/5085677221"
    },
    {
      "type": "Feature",
      "properties": {
        "@id": "node/5090995221",
        "addr:housenumber": "82",
        "addr:street": "Hồ Tùng Mậu",
        "amenity": "restaurant",
        "cuisine": "korean",
        "name": "Nhà Hàng Poki Grill",
        "name:vi": "Poki Grill"
      },
      "geometry": {
        "type": "Point",
        "coordinates": [
          106.7037699,
          10.7724389
        ]
      },
      "id": "node/5090995221"
    },
    {
      "type": "Feature",
      "properties": {
        "@id": "node/5099938428",
        "addr:housenumber": "171",
        "addr:street": "Đường Cách Mạng Tháng Tám",
        "amenity": "restaurant",
        "name": "Nhà Hàng Nướng BBQ",
        "name:vi": "Quá Đã BBQ",
        "phone": "01213171171"
      },
      "geometry": {
        "type": "Point",
        "coordinates": [
          106.6807768,
          10.7782143
        ]
      },
      "id": "node/5099938428"
    },
    {
      "type": "Feature",
      "properties": {
        "@id": "node/5106951924",
        "amenity": "restaurant",
        "name": "Lương Sơn Quán",
        "name:ja": "ルオン ソン クワン"
      },
      "geometry": {
        "type": "Point",
        "coordinates": [
          106.7026193,
          10.7796141
        ]
      },
      "id": "node/5106951924"
    },
    {
      "type": "Feature",
      "properties": {
        "@id": "node/5107196723",
        "amenity": "restaurant",
        "name": "Cơm Tấm 419",
        "name:vi": "Cơm Tấm 419",
        "name:zh": "419碎米飯"
      },
      "geometry": {
        "type": "Point",
        "coordinates": [
          106.6789833,
          10.759614
        ]
      },
      "id": "node/5107196723"
    },
    {
      "type": "Feature",
      "properties": {
        "@id": "node/5113512124",
        "addr:housenumber": "260C",
        "addr:street": "Đường Pasteur",
        "amenity": "restaurant",
        "name": "Quán Phở Hoa"
      },
      "geometry": {
        "type": "Point",
        "coordinates": [
          106.6955072,
          10.7807274
        ]
      },
      "id": "node/5113512124"
    },
    {
      "type": "Feature",
      "properties": {
        "@id": "node/5121406322",
        "amenity": "restaurant",
        "name": "Cơm Tấm 419"
      },
      "geometry": {
        "type": "Point",
        "coordinates": [
          106.6769392,
          10.7582104
        ]
      },
      "id": "node/5121406322"
    },
    {
      "type": "Feature",
      "properties": {
        "@id": "node/5134726833",
        "amenity": "restaurant",
        "name": "Quán Ăn Cô Tấm",
        "source": "Mapillary"
      },
      "geometry": {
        "type": "Point",
        "coordinates": [
          106.7037155,
          10.7719681
        ]
      },
      "id": "node/5134726833"
    },
    {
      "type": "Feature",
      "properties": {
        "@id": "node/5142765821",
        "amenity": "restaurant",
        "name": "Quán Cơm Gà Da Giòn"
      },
      "geometry": {
        "type": "Point",
        "coordinates": [
          106.7154276,
          10.8017439
        ]
      },
      "id": "node/5142765821"
    },
    {
      "type": "Feature",
      "properties": {
        "@id": "node/5158204822",
        "addr:housenumber": "158",
        "addr:street": "Bis Pasteur Street",
        "amenity": "restaurant",
        "name": "Nhà Hàng Secret Garden",
        "phone": "0909904621"
      },
      "geometry": {
        "type": "Point",
        "coordinates": [
          106.6998263,
          10.7773229
        ]
      },
      "id": "node/5158204822"
    },
    {
      "type": "Feature",
      "properties": {
        "@id": "node/5164798028",
        "addr:housenumber": "33",
        "addr:street": "Đường Ðặng Thị Nhu",
        "amenity": "restaurant",
        "building:levels": "2",
        "cuisine": "mexican",
        "name": "Nhà Hàng La Fiesta"
      },
      "geometry": {
        "type": "Point",
        "coordinates": [
          106.6972256,
          10.7691924
        ]
      },
      "id": "node/5164798028"
    },
    {
      "type": "Feature",
      "properties": {
        "@id": "node/5169110521",
        "addr:housenumber": "261",
        "addr:street": "Ung Văn Khiêm",
        "amenity": "restaurant",
        "internet_access": "wlan",
        "name": "Thủy"
      },
      "geometry": {
        "type": "Point",
        "coordinates": [
          106.7230505,
          10.803816
        ]
      },
      "id": "node/5169110521"
    },
    {
      "type": "Feature",
      "properties": {
        "@id": "node/5171107023",
        "addr:housenumber": "18",
        "addr:postcode": "741039",
        "addr:street": "Cửu Long",
        "amenity": "restaurant",
        "cuisine": "vietnamese",
        "internet_access": "wlan",
        "name": "Quán Phở AG",
        "opening_hours": "Mo-Su 05:00-22:30",
        "phone": "+84283845510"
      },
      "geometry": {
        "type": "Point",
        "coordinates": [
          106.6659688,
          10.8097948
        ]
      },
      "id": "node/5171107023"
    },
    {
      "type": "Feature",
      "properties": {
        "@id": "node/5181036121",
        "addr:housenumber": "B3",
        "addr:street": "Lê Đức Thọ",
        "amenity": "restaurant",
        "email": "chungdevang@gmail.com",
        "internet_access": "wlan",
        "name": "Nhà Hàng Dê Vàng",
        "name:en": "De Vang",
        "opening_hours": "Mo-Su 09:00-23:00",
        "phone": "0988801842",
        "website": "http://devangquan.com"
      },
      "geometry": {
        "type": "Point",
        "coordinates": [
          106.683014,
          10.8321782
        ]
      },
      "id": "node/5181036121"
    },
    {
      "type": "Feature",
      "properties": {
        "@id": "node/5196266021",
        "addr:housenumber": "7h",
        "addr:postcode": "848",
        "addr:street": "Bùi Minh Trực",
        "amenity": "restaurant",
        "cuisine": "vietnamese",
        "email": "info@huonghuyen.vn",
        "internet_access": "wlan",
        "name": "Nhà hàng Hương Huyền",
        "name:en": "Huong Huyen Restaurant",
        "opening_hours": "Mo-Su 09:00-22:00",
        "phone": "02838504848",
        "website": "http://www.huonghuyen.vn"
      },
      "geometry": {
        "type": "Point",
        "coordinates": [
          106.6571496,
          10.7369559
        ]
      },
      "id": "node/5196266021"
    },
    {
      "type": "Feature",
      "properties": {
        "@id": "node/5198094442",
        "amenity": "restaurant",
        "name:zh": "大统～越南胡志明市"
      },
      "geometry": {
        "type": "Point",
        "coordinates": [
          106.6562365,
          10.7637321
        ]
      },
      "id": "node/5198094442"
    },
    {
      "type": "Feature",
      "properties": {
        "@id": "node/5201534721",
        "addr:housenumber": "132",
        "addr:street": "Đường Lê Hồng Phong",
        "amenity": "restaurant",
        "cuisine": "vietnamese;grill",
        "name": "Quán Lẩu Bàu Sen"
      },
      "geometry": {
        "type": "Point",
        "coordinates": [
          106.678182,
          10.7576984
        ]
      },
      "id": "node/5201534721"
    },
    {
      "type": "Feature",
      "properties": {
        "@id": "node/5202025524",
        "amenity": "restaurant",
        "name": "Thiên Phát Cơm bình dân"
      },
      "geometry": {
        "type": "Point",
        "coordinates": [
          106.7667626,
          10.8397747
        ]
      },
      "id": "node/5202025524"
    },
    {
      "type": "Feature",
      "properties": {
        "@id": "node/5211544999",
        "addr:housenumber": "164",
        "addr:street": "Đường Bùi Viện",
        "amenity": "restaurant",
        "cuisine": "indian",
        "name": "Nhà Hàng Ấn Độ Baba's Kitchen"
      },
      "geometry": {
        "type": "Point",
        "coordinates": [
          106.6921932,
          10.7666611
        ]
      },
      "id": "node/5211544999"
    },
    {
      "type": "Feature",
      "properties": {
        "@id": "node/5224210322",
        "addr:housenumber": "157",
        "addr:street": "Điện Biên Phủ",
        "amenity": "restaurant",
        "cuisine": "vietnamese",
        "diet:vegan": "yes",
        "internet_access": "wlan",
        "name:en": "Khai Minh"
      },
      "geometry": {
        "type": "Point",
        "coordinates": [
          106.7040218,
          10.7976076
        ]
      },
      "id": "node/5224210322"
    },
    {
      "type": "Feature",
      "properties": {
        "@id": "node/5235914221",
        "amenity": "restaurant",
        "name:en": "The Racha Room"
      },
      "geometry": {
        "type": "Point",
        "coordinates": [
          106.7052528,
          10.7762673
        ]
      },
      "id": "node/5235914221"
    },
    {
      "type": "Feature",
      "properties": {
        "@id": "node/5235916721",
        "amenity": "restaurant",
        "name:en": "Ca Phe RO22"
      },
      "geometry": {
        "type": "Point",
        "coordinates": [
          106.6969527,
          10.7818373
        ]
      },
      "id": "node/5235916721"
    },
    {
      "type": "Feature",
      "properties": {
        "@id": "node/5237468423",
        "addr:housenumber": "215",
        "addr:street": "Lý Tự Trọng",
        "amenity": "restaurant",
        "name:en": "Marukame Udon"
      },
      "geometry": {
        "type": "Point",
        "coordinates": [
          106.6955122,
          10.7727745
        ]
      },
      "id": "node/5237468423"
    },
    {
      "type": "Feature",
      "properties": {
        "@id": "node/5237792287",
        "amenity": "restaurant",
        "name:en": "Manmaru"
      },
      "geometry": {
        "type": "Point",
        "coordinates": [
          106.6954489,
          10.7728536
        ]
      },
      "id": "node/5237792287"
    },
    {
      "type": "Feature",
      "properties": {
        "@id": "node/5244079022",
        "amenity": "restaurant",
        "cuisine": "asian;vietnamese",
        "diet:dairy_free": "yes",
        "diet:gluten_free": "yes",
        "diet:lacto_vegetarian": "no",
        "diet:lactose_free": "yes",
        "diet:pescetarian": "no",
        "diet:raw": "yes",
        "diet:vegan": "only",
        "diet:vegetarian": "only",
        "internet_access": "wlan",
        "internet_access:fee": "no",
        "name": "Nhà Hàng Phúc Quang Chay",
        "name:en": "Phuc Quang Chay Vegan restaurant",
        "opening_hours": "Mo-Su 16:00-21:00",
        "smoking": "outside",
        "toilets": "yes",
        "toilets:access": "customers",
        "wheelchair": "no"
      },
      "geometry": {
        "type": "Point",
        "coordinates": [
          106.6908778,
          10.770467
        ]
      },
      "id": "node/5244079022"
    },
    {
      "type": "Feature",
      "properties": {
        "@id": "node/5246987522",
        "amenity": "restaurant",
        "internet_access": "wlan",
        "name:en": "Veggie Saigon vegetarian restaurant"
      },
      "geometry": {
        "type": "Point",
        "coordinates": [
          106.6936045,
          10.769995
        ]
      },
      "id": "node/5246987522"
    },
    {
      "type": "Feature",
      "properties": {
        "@id": "node/5247170920",
        "amenity": "restaurant",
        "diet:vegetarian": "only",
        "name": "Hum Vegetarian, Lounge & Restaurant",
        "name:en": "Hum Vegeterian"
      },
      "geometry": {
        "type": "Point",
        "coordinates": [
          106.7060794,
          10.7766892
        ]
      },
      "id": "node/5247170920"
    },
    {
      "type": "Feature",
      "properties": {
        "@id": "node/5251417821",
        "amenity": "restaurant"
      },
      "geometry": {
        "type": "Point",
        "coordinates": [
          106.6774968,
          10.7638667
        ]
      },
      "id": "node/5251417821"
    },
    {
      "type": "Feature",
      "properties": {
        "@id": "node/5251808622",
        "addr:housenumber": "25",
        "addr:street": "Tôn Thất Thiệp",
        "amenity": "restaurant",
        "cuisine": "japanese;sushi",
        "name": "Sushi World"
      },
      "geometry": {
        "type": "Point",
        "coordinates": [
          106.7021836,
          10.7733218
        ]
      },
      "id": "node/5251808622"
    },
    {
      "type": "Feature",
      "properties": {
        "@id": "node/5254312028",
        "amenity": "restaurant",
        "disused": "shop=yes"
      },
      "geometry": {
        "type": "Point",
        "coordinates": [
          106.6964429,
          10.7878678
        ]
      },
      "id": "node/5254312028"
    },
    {
      "type": "Feature",
      "properties": {
        "@id": "node/5266633521",
        "addr:housenumber": "hẻm 347",
        "addr:street": "Huỳnh Văn Bánh",
        "amenity": "restaurant",
        "name": "Mì Quảng Cô Lý"
      },
      "geometry": {
        "type": "Point",
        "coordinates": [
          106.6740218,
          10.7913998
        ]
      },
      "id": "node/5266633521"
    },
    {
      "type": "Feature",
      "properties": {
        "@id": "node/5280164925",
        "amenity": "restaurant",
        "name": "法國麵包",
        "name:vi": "法國麵包"
      },
      "geometry": {
        "type": "Point",
        "coordinates": [
          106.6761001,
          10.7566907
        ]
      },
      "id": "node/5280164925"
    },
    {
      "type": "Feature",
      "properties": {
        "@id": "node/5280165129",
        "addr:housenumber": "455",
        "addr:street": "Đường Nguyễn Trãi",
        "amenity": "restaurant",
        "name": "Thiêm Huy Mì Gia",
        "name:vi": "Thiêm Huy Mì Gia - Stew Duck Noodle, 455 Nguyễn Trãi, 7, Quận 5, Hồ Chí Minh"
      },
      "geometry": {
        "type": "Point",
        "coordinates": [
          106.6727659,
          10.7551247
        ]
      },
      "id": "node/5280165129"
    },
    {
      "type": "Feature",
      "properties": {
        "@id": "node/5289048828",
        "amenity": "restaurant",
        "internet_access": "wlan",
        "name": "Cà Phê The Note"
      },
      "geometry": {
        "type": "Point",
        "coordinates": [
          106.6911254,
          10.765998
        ]
      },
      "id": "node/5289048828"
    },
    {
      "type": "Feature",
      "properties": {
        "@id": "node/5290902021",
        "amenity": "restaurant",
        "cuisine": "vietnamese;tea;local;breakfast;chinese",
        "name:zh": "新樂園大酒家"
      },
      "geometry": {
        "type": "Point",
        "coordinates": [
          106.6530017,
          10.7599564
        ]
      },
      "id": "node/5290902021"
    },
    {
      "type": "Feature",
      "properties": {
        "@id": "node/5291567321",
        "amenity": "restaurant",
        "cuisine": "chinese",
        "name:zh": "海皇魚翅之家",
        "opening_hours": "Mo-Su 07:00-22:00"
      },
      "geometry": {
        "type": "Point",
        "coordinates": [
          106.6670309,
          10.7523767
        ]
      },
      "id": "node/5291567321"
    },
    {
      "type": "Feature",
      "properties": {
        "@id": "node/5291670128",
        "amenity": "restaurant",
        "cuisine": "thai",
        "name": "Nhà Hàng Thái Blah Blah"
      },
      "geometry": {
        "type": "Point",
        "coordinates": [
          106.6898965,
          10.7613958
        ]
      },
      "id": "node/5291670128"
    },
    {
      "type": "Feature",
      "properties": {
        "@id": "node/5293847389",
        "addr:housenumber": "190",
        "addr:street": "Đất Thánh",
        "amenity": "restaurant",
        "cuisine": "regional"
      },
      "geometry": {
        "type": "Point",
        "coordinates": [
          106.6603455,
          10.7829757
        ]
      },
      "id": "node/5293847389"
    },
    {
      "type": "Feature",
      "properties": {
        "@id": "node/5295524322",
        "addr:housenumber": "19",
        "addr:street": "Nguyễn Ðình Chiểu",
        "amenity": "restaurant",
        "name:en": "Koto Saigon Training Testaurant"
      },
      "geometry": {
        "type": "Point",
        "coordinates": [
          106.7002985,
          10.789148
        ]
      },
      "id": "node/5295524322"
    },
    {
      "type": "Feature",
      "properties": {
        "@id": "node/5296799822",
        "addr:housenumber": "11A",
        "addr:street": "Ngô Văn Năm",
        "amenity": "restaurant",
        "name": "Nhà Hàng Mandarine"
      },
      "geometry": {
        "type": "Point",
        "coordinates": [
          106.7062097,
          10.7810609
        ]
      },
      "id": "node/5296799822"
    },
    {
      "type": "Feature",
      "properties": {
        "@id": "node/5297876148",
        "amenity": "restaurant"
      },
      "geometry": {
        "type": "Point",
        "coordinates": [
          106.6570578,
          10.7856343
        ]
      },
      "id": "node/5297876148"
    },
    {
      "type": "Feature",
      "properties": {
        "@id": "node/5299734821",
        "amenity": "restaurant",
        "cuisine": "vietnamese",
        "name": "Nhà Hàng Yummy And Cheap!",
        "name:en": "Yummy and cheap"
      },
      "geometry": {
        "type": "Point",
        "coordinates": [
          106.6931455,
          10.7673128
        ]
      },
      "id": "node/5299734821"
    },
    {
      "type": "Feature",
      "properties": {
        "@id": "node/5304017822",
        "addr:housenumber": "910",
        "addr:street": "Đường Trần Hưng Ðạo",
        "amenity": "restaurant",
        "name": "Quán Bún Đậu Nhà Tôi",
        "opening_hours": "Mo-Su 08:00-22:00",
        "phone": "0909708568"
      },
      "geometry": {
        "type": "Point",
        "coordinates": [
          106.673872,
          10.7534575
        ]
      },
      "id": "node/5304017822"
    },
    {
      "type": "Feature",
      "properties": {
        "@id": "node/5305103724",
        "addr:street": "Đường B & Số 1",
        "amenity": "restaurant",
        "cuisine": "breakfast",
        "email": "ledthanh2002@gmail.com",
        "internet_access": "wlan",
        "name": "Bún Bò Hương Việt",
        "opening_hours": "Mo-Su 05:45-14:30",
        "phone": "0913148990"
      },
      "geometry": {
        "type": "Point",
        "coordinates": [
          106.7630135,
          10.8970649
        ]
      },
      "id": "node/5305103724"
    },
    {
      "type": "Feature",
      "properties": {
        "@id": "node/5306360521",
        "addr:housenumber": "19",
        "addr:street": "Võ Văn Tần",
        "amenity": "restaurant",
        "cuisine": "vietnamese",
        "diet:vegan": "yes",
        "diet:vegetarian": "only",
        "name:en": "PI BISTRO",
        "phone": "+84 91 641 41 33",
        "website": "https://www.pivegetariansaigon.com"
      },
      "geometry": {
        "type": "Point",
        "coordinates": [
          106.6920661,
          10.7784211
        ]
      },
      "id": "node/5306360521"
    },
    {
      "type": "Feature",
      "properties": {
        "@id": "node/5310043726",
        "amenity": "restaurant",
        "name": "Lắk Kêu Quán"
      },
      "geometry": {
        "type": "Point",
        "coordinates": [
          106.6441647,
          10.7606445
        ]
      },
      "id": "node/5310043726"
    },
    {
      "type": "Feature",
      "properties": {
        "@id": "node/5310057521",
        "amenity": "restaurant",
        "name": "Nhà Hàng Grand Castella"
      },
      "geometry": {
        "type": "Point",
        "coordinates": [
          106.7038158,
          10.7719432
        ]
      },
      "id": "node/5310057521"
    },
    {
      "type": "Feature",
      "properties": {
        "@id": "node/5312851022",
        "addr:street": "Cao Thắng",
        "amenity": "restaurant",
        "name": "Bánh Mì Hòa Mã"
      },
      "geometry": {
        "type": "Point",
        "coordinates": [
          106.6817473,
          10.7703143
        ]
      },
      "id": "node/5312851022"
    },
    {
      "type": "Feature",
      "properties": {
        "@id": "node/5313087921",
        "amenity": "restaurant",
        "name": "Nhà Hàng Zone 87"
      },
      "geometry": {
        "type": "Point",
        "coordinates": [
          106.7038317,
          10.7732787
        ]
      },
      "id": "node/5313087921"
    },
    {
      "type": "Feature",
      "properties": {
        "@id": "node/5314379121",
        "amenity": "restaurant",
        "name": "Nhà Hàng Cocochin"
      },
      "geometry": {
        "type": "Point",
        "coordinates": [
          106.7041107,
          10.7732989
        ]
      },
      "id": "node/5314379121"
    },
    {
      "type": "Feature",
      "properties": {
        "@id": "node/5314379123",
        "amenity": "restaurant",
        "diet:vegetarian": "yes",
        "name": "Nhà Hàng 3 Lá"
      },
      "geometry": {
        "type": "Point",
        "coordinates": [
          106.6898195,
          10.7625131
        ]
      },
      "id": "node/5314379123"
    },
    {
      "type": "Feature",
      "properties": {
        "@id": "node/5315568021",
        "amenity": "restaurant",
        "name:en": "kichi-kichi"
      },
      "geometry": {
        "type": "Point",
        "coordinates": [
          106.673351,
          10.7967532
        ]
      },
      "id": "node/5315568021"
    },
    {
      "type": "Feature",
      "properties": {
        "@id": "node/5316003321",
        "amenity": "restaurant",
        "cuisine": "burger;sandwich;international;tea;seafood;coffee_shop;asian;pasta;noodles;pancake;pizza;vietnamese",
        "internet_access": "wlan",
        "name:en": "Ngoc hue",
        "shop": "supermarket",
        "tourism": "hotel"
      },
      "geometry": {
        "type": "Point",
        "coordinates": [
          106.6927709,
          10.762326
        ]
      },
      "id": "node/5316003321"
    },
    {
      "type": "Feature",
      "properties": {
        "@id": "node/5316112721",
        "amenity": "restaurant",
        "cuisine": "vietnamese",
        "name:en": "Com Cay Truc"
      },
      "geometry": {
        "type": "Point",
        "coordinates": [
          106.6709219,
          10.7585206
        ]
      },
      "id": "node/5316112721"
    },
    {
      "type": "Feature",
      "properties": {
        "@id": "node/5320174722",
        "amenity": "restaurant",
        "name": "Quán Rắn Hương Phù Sa"
      },
      "geometry": {
        "type": "Point",
        "coordinates": [
          106.7098338,
          10.7401407
        ]
      },
      "id": "node/5320174722"
    },
    {
      "type": "Feature",
      "properties": {
        "@id": "node/5324090929",
        "addr:housenumber": "357 - 359",
        "addr:postcode": "79000",
        "addr:street": "Hoàng Sa",
        "amenity": "restaurant",
        "internet_access": "wlan",
        "name": "Nhà Hàng Lẩu và Nướng Grill Riverside",
        "opening_hours": "Mo-Su 10:00-00:00",
        "phone": "0938022123",
        "website": "http://grillriverside.vn"
      },
      "geometry": {
        "type": "Point",
        "coordinates": [
          106.6862258,
          10.7939164
        ]
      },
      "id": "node/5324090929"
    },
    {
      "type": "Feature",
      "properties": {
        "@id": "node/5327626721",
        "amenity": "restaurant",
        "name:en": "Ut Hue noodle shop",
        "name:ja": "Ut Hue フォー・フーティウ"
      },
      "geometry": {
        "type": "Point",
        "coordinates": [
          106.690767,
          10.7670577
        ]
      },
      "id": "node/5327626721"
    },
    {
      "type": "Feature",
      "properties": {
        "@id": "node/5331404021",
        "amenity": "restaurant",
        "name": "Nhà Hàng May And Lounge"
      },
      "geometry": {
        "type": "Point",
        "coordinates": [
          106.6896281,
          10.7711838
        ]
      },
      "id": "node/5331404021"
    },
    {
      "type": "Feature",
      "properties": {
        "@id": "node/5333001422",
        "amenity": "restaurant",
        "cuisine": "international",
        "name": "Thuận Tuấn"
      },
      "geometry": {
        "type": "Point",
        "coordinates": [
          106.6813645,
          10.7854835
        ]
      },
      "id": "node/5333001422"
    },
    {
      "type": "Feature",
      "properties": {
        "@id": "node/5333005522",
        "addr:housenumber": "10",
        "addr:street": "Mạc Thị Bưởi",
        "amenity": "restaurant",
        "name": "Nhà Hàng The Racha Room"
      },
      "geometry": {
        "type": "Point",
        "coordinates": [
          106.705138,
          10.7759009
        ]
      },
      "id": "node/5333005522"
    },
    {
      "type": "Feature",
      "properties": {
        "@id": "node/5333005523",
        "addr:street": "Đường Phạm Ngũ Lão",
        "amenity": "restaurant",
        "cuisine": "mexican;italian;vietnamese",
        "diet:vegetarian": "yes",
        "name": "Nhà Hàng Chay An Lạc"
      },
      "geometry": {
        "type": "Point",
        "coordinates": [
          106.6941956,
          10.7687422
        ]
      },
      "id": "node/5333005523"
    },
    {
      "type": "Feature",
      "properties": {
        "@id": "node/5333005524",
        "addr:street": "Cống Quỳnh",
        "amenity": "restaurant",
        "cuisine": "vietnamese",
        "diet:vegetarian": "yes",
        "name": "Nhà Hàng Dinh Y"
      },
      "geometry": {
        "type": "Point",
        "coordinates": [
          106.6888404,
          10.7663544
        ]
      },
      "id": "node/5333005524"
    },
    {
      "type": "Feature",
      "properties": {
        "@id": "node/5333009921",
        "addr:street": "Đường Phạm Ngũ Lão",
        "amenity": "restaurant",
        "cuisine": "vietnamese;italian;mexican",
        "name": "Nhà Hàng Margherita"
      },
      "geometry": {
        "type": "Point",
        "coordinates": [
          106.6942217,
          10.768706
        ]
      },
      "id": "node/5333009921"
    },
    {
      "type": "Feature",
      "properties": {
        "@id": "node/5333272821",
        "addr:housenumber": "18",
        "addr:street": "Thái Văn Lung",
        "amenity": "restaurant",
        "cuisine": "japanese;noodles",
        "internet_access": "wlan",
        "name": "Nhà Hàng Osaka Ramen",
        "name:ja": "大阪ラーメン",
        "phone": "028-5412-3940"
      },
      "geometry": {
        "type": "Point",
        "coordinates": [
          106.7038817,
          10.7799558
        ]
      },
      "id": "node/5333272821"
    },
    {
      "type": "Feature",
      "properties": {
        "@id": "node/5336398121",
        "addr:housenumber": "716",
        "addr:street": "Sư Vạn Hạnh",
        "amenity": "restaurant",
        "cuisine": "korean",
        "internet_access": "wlan",
        "name": "King BBQ Buffet"
      },
      "geometry": {
        "type": "Point",
        "coordinates": [
          106.6698119,
          10.771603
        ]
      },
      "id": "node/5336398121"
    },
    {
      "type": "Feature",
      "properties": {
        "@id": "node/5338223322",
        "amenity": "restaurant",
        "name": "Nhà Hàng Anan"
      },
      "geometry": {
        "type": "Point",
        "coordinates": [
          106.7030422,
          10.7714375
        ]
      },
      "id": "node/5338223322"
    },
    {
      "type": "Feature",
      "properties": {
        "@id": "node/5338832321",
        "addr:housenumber": "139",
        "addr:street": "Đường Ðề Thám",
        "amenity": "restaurant",
        "cuisine": "vietnamese",
        "internet_access": "wlan",
        "name": "Bún thịt nướng Kiều Bảo",
        "name:en": "Kiều Bảo Barbecue Rice Noodles",
        "opening_hours": "Mo-Su 11:00-21:00",
        "phone": "0939609556;+84782307001"
      },
      "geometry": {
        "type": "Point",
        "coordinates": [
          106.6948075,
          10.7651333
        ]
      },
      "id": "node/5338832321"
    },
    {
      "type": "Feature",
      "properties": {
        "@id": "node/5346289223",
        "addr:housenumber": "19",
        "addr:street": "Trần Quốc Toản",
        "amenity": "restaurant",
        "name": "Quán Bún Bò Huế Nhung"
      },
      "geometry": {
        "type": "Point",
        "coordinates": [
          106.6893498,
          10.7893915
        ]
      },
      "id": "node/5346289223"
    },
    {
      "type": "Feature",
      "properties": {
        "@id": "node/5346349922",
        "addr:housenumber": "339",
        "addr:street": "Lê Văn Sỹ",
        "amenity": "restaurant",
        "name": "Phở Phú Vương"
      },
      "geometry": {
        "type": "Point",
        "coordinates": [
          106.6659284,
          10.7959638
        ]
      },
      "id": "node/5346349922"
    },
    {
      "type": "Feature",
      "properties": {
        "@id": "node/5346580821",
        "addr:housenumber": "91",
        "addr:street": "Pasteur",
        "amenity": "restaurant",
        "name": "Saigon Grill Restaurant",
        "name:en": "Saigon Grill"
      },
      "geometry": {
        "type": "Point",
        "coordinates": [
          106.6993038,
          10.7769262
        ]
      },
      "id": "node/5346580821"
    },
    {
      "type": "Feature",
      "properties": {
        "@id": "node/5346705421",
        "addr:housenumber": "108",
        "addr:street": "Bình Quới",
        "amenity": "restaurant",
        "name": "Quán Cháo Vịt Thu Nga"
      },
      "geometry": {
        "type": "Point",
        "coordinates": [
          106.7197084,
          10.8164444
        ]
      },
      "id": "node/5346705421"
    },
    {
      "type": "Feature",
      "properties": {
        "@id": "node/5348828122",
        "amenity": "restaurant",
        "name:en": "Bánh Tráng Kęp"
      },
      "geometry": {
        "type": "Point",
        "coordinates": [
          106.6992819,
          10.7552712
        ]
      },
      "id": "node/5348828122"
    },
    {
      "type": "Feature",
      "properties": {
        "@id": "node/5349532623",
        "amenity": "restaurant",
        "cuisine": "vietnamese"
      },
      "geometry": {
        "type": "Point",
        "coordinates": [
          106.6647322,
          10.7967988
        ]
      },
      "id": "node/5349532623"
    },
    {
      "type": "Feature",
      "properties": {
        "@id": "node/5349532654",
        "amenity": "restaurant"
      },
      "geometry": {
        "type": "Point",
        "coordinates": [
          106.6626871,
          10.7933288
        ]
      },
      "id": "node/5349532654"
    },
    {
      "type": "Feature",
      "properties": {
        "@id": "node/5349533176",
        "addr:city": "Thành phố Hồ Chí Minh",
        "addr:district": "Quận Tân Bình",
        "addr:housenumber": "59",
        "addr:street": "Bành Văn Trân",
        "addr:subdistrict": "Phường 7",
        "amenity": "restaurant"
      },
      "geometry": {
        "type": "Point",
        "coordinates": [
          106.6594537,
          10.7883109
        ]
      },
      "id": "node/5349533176"
    },
    {
      "type": "Feature",
      "properties": {
        "@id": "node/5349533180",
        "addr:city": "Thành phố Hồ Chí Minh",
        "addr:district": "Quận Tân Bình",
        "addr:housenumber": "65",
        "addr:street": "Bành Văn Trân",
        "addr:subdistrict": "Phường 7",
        "amenity": "restaurant"
      },
      "geometry": {
        "type": "Point",
        "coordinates": [
          106.6594,
          10.788303
        ]
      },
      "id": "node/5349533180"
    },
    {
      "type": "Feature",
      "properties": {
        "@id": "node/5350664495",
        "amenity": "restaurant",
        "name": "Phở Rạch Giá"
      },
      "geometry": {
        "type": "Point",
        "coordinates": [
          106.6890386,
          10.7900563
        ]
      },
      "id": "node/5350664495"
    },
    {
      "type": "Feature",
      "properties": {
        "@id": "node/5350784427",
        "addr:housenumber": "89",
        "addr:street": "Tôn Thất Ðạm",
        "amenity": "restaurant",
        "name:en": "Aman Saigon"
      },
      "geometry": {
        "type": "Point",
        "coordinates": [
          106.702874,
          10.7720596
        ]
      },
      "id": "node/5350784427"
    },
    {
      "type": "Feature",
      "properties": {
        "@id": "node/5352258665",
        "amenity": "restaurant",
        "name": "Cơm Tấm Sườn Chéo"
      },
      "geometry": {
        "type": "Point",
        "coordinates": [
          106.6779386,
          10.79202
        ]
      },
      "id": "node/5352258665"
    },
    {
      "type": "Feature",
      "properties": {
        "@id": "node/5352765354",
        "amenity": "restaurant",
        "cuisine": "korean",
        "name": "Nhà Hàng KingBBQ"
      },
      "geometry": {
        "type": "Point",
        "coordinates": [
          106.6674187,
          10.7658219
        ]
      },
      "id": "node/5352765354"
    },
    {
      "type": "Feature",
      "properties": {
        "@id": "node/5352765355",
        "amenity": "restaurant",
        "cuisine": "vietnamese"
      },
      "geometry": {
        "type": "Point",
        "coordinates": [
          106.6676506,
          10.7658531
        ]
      },
      "id": "node/5352765355"
    },
    {
      "type": "Feature",
      "properties": {
        "@id": "node/5352765381",
        "amenity": "restaurant",
        "name": "Cửa Hàng Bánh Mì Hà Nội"
      },
      "geometry": {
        "type": "Point",
        "coordinates": [
          106.6671148,
          10.775821
        ]
      },
      "id": "node/5352765381"
    },
    {
      "type": "Feature",
      "properties": {
        "@id": "node/5366253649",
        "amenity": "restaurant",
        "brand": "Buffalo Wild Wings",
        "brand:wikidata": "Q509255",
        "brand:wikipedia": "en:Buffalo Wild Wings",
        "cuisine": "wings",
        "name": "Buffalo Wild Wings",
        "short_name": "BW3"
      },
      "geometry": {
        "type": "Point",
        "coordinates": [
          106.6696459,
          10.7706888
        ]
      },
      "id": "node/5366253649"
    },
    {
      "type": "Feature",
      "properties": {
        "@id": "node/5366253653",
        "amenity": "restaurant",
        "name": "Nhà Hàng Al Fresco's"
      },
      "geometry": {
        "type": "Point",
        "coordinates": [
          106.6694099,
          10.7705728
        ]
      },
      "id": "node/5366253653"
    },
    {
      "type": "Feature",
      "properties": {
        "@id": "node/5366253654",
        "amenity": "restaurant",
        "cuisine": "vietnamese",
        "name": "Nhà Hàng Món Việt 88"
      },
      "geometry": {
        "type": "Point",
        "coordinates": [
          106.6694743,
          10.7705228
        ]
      },
      "id": "node/5366253654"
    },
    {
      "type": "Feature",
      "properties": {
        "@id": "node/5366253655",
        "amenity": "restaurant",
        "name": "Nhà Hàng MK"
      },
      "geometry": {
        "type": "Point",
        "coordinates": [
          106.6695789,
          10.77042
        ]
      },
      "id": "node/5366253655"
    },
    {
      "type": "Feature",
      "properties": {
        "@id": "node/5366253656",
        "amenity": "restaurant",
        "cuisine": "hotpot",
        "name": "Nhà Hàng Lẩu Hoàng Yến"
      },
      "geometry": {
        "type": "Point",
        "coordinates": [
          106.6694797,
          10.7704859
        ]
      },
      "id": "node/5366253656"
    },
    {
      "type": "Feature",
      "properties": {
        "@id": "node/5366253657",
        "amenity": "restaurant",
        "name": "Nhà Hàng Hoàng Yến Buffet"
      },
      "geometry": {
        "type": "Point",
        "coordinates": [
          106.6695226,
          10.7704543
        ]
      },
      "id": "node/5366253657"
    },
    {
      "type": "Feature",
      "properties": {
        "@id": "node/5366253658",
        "amenity": "restaurant",
        "cuisine": "seafood",
        "name": "Nhà Hàng Lẩu Mắm Bà Dú"
      },
      "geometry": {
        "type": "Point",
        "coordinates": [
          106.6696513,
          10.7704121
        ]
      },
      "id": "node/5366253658"
    },
    {
      "type": "Feature",
      "properties": {
        "@id": "node/5366253659",
        "amenity": "restaurant",
        "name": "Lẩu Bò Vivu Sài Gòn"
      },
      "geometry": {
        "type": "Point",
        "coordinates": [
          106.6694823,
          10.7707915
        ]
      },
      "id": "node/5366253659"
    },
    {
      "type": "Feature",
      "properties": {
        "@id": "node/5366253664",
        "amenity": "restaurant",
        "cuisine": "korean",
        "name": "Sumo BBQ"
      },
      "geometry": {
        "type": "Point",
        "coordinates": [
          106.6696808,
          10.7708679
        ]
      },
      "id": "node/5366253664"
    },
    {
      "type": "Feature",
      "properties": {
        "@id": "node/5366253665",
        "amenity": "restaurant",
        "cuisine": "hotpot",
        "layer": "3",
        "name": "Nhà Hàng Hutong",
        "name:zh": "胡同"
      },
      "geometry": {
        "type": "Point",
        "coordinates": [
          106.6699517,
          10.7706822
        ]
      },
      "id": "node/5366253665"
    },
    {
      "type": "Feature",
      "properties": {
        "@id": "node/5366253667",
        "amenity": "restaurant",
        "cuisine": "japanese",
        "name": "Nhà Hàng Osaka Osho"
      },
      "geometry": {
        "type": "Point",
        "coordinates": [
          106.6698042,
          10.770528
        ]
      },
      "id": "node/5366253667"
    },
    {
      "type": "Feature",
      "properties": {
        "@id": "node/5366253668",
        "amenity": "restaurant",
        "cuisine": "italian",
        "name": "Nhà Hàng Pastamania"
      },
      "geometry": {
        "type": "Point",
        "coordinates": [
          106.669536,
          10.7708205
        ]
      },
      "id": "node/5366253668"
    },
    {
      "type": "Feature",
      "properties": {
        "@id": "node/5366253669",
        "amenity": "restaurant",
        "cuisine": "japanese",
        "name": "Nhà Hàng Shabu Ya"
      },
      "geometry": {
        "type": "Point",
        "coordinates": [
          106.6696111,
          10.7703778
        ]
      },
      "id": "node/5366253669"
    },
    {
      "type": "Feature",
      "properties": {
        "@id": "node/5366253670",
        "amenity": "restaurant",
        "cuisine": "thai",
        "name": "Thai Express"
      },
      "geometry": {
        "type": "Point",
        "coordinates": [
          106.6696728,
          10.7707915
        ]
      },
      "id": "node/5366253670"
    },
    {
      "type": "Feature",
      "properties": {
        "@id": "node/5366253671",
        "amenity": "restaurant",
        "cuisine": "sushi",
        "name": "Nhà Hàng Kohako Sushi"
      },
      "geometry": {
        "type": "Point",
        "coordinates": [
          106.6695252,
          10.7707625
        ]
      },
      "id": "node/5366253671"
    },
    {
      "type": "Feature",
      "properties": {
        "@id": "node/5366253672",
        "amenity": "restaurant",
        "cuisine": "korean",
        "name": "Tasiki BBQ"
      },
      "geometry": {
        "type": "Point",
        "coordinates": [
          106.6698605,
          10.7704885
        ]
      },
      "id": "node/5366253672"
    },
    {
      "type": "Feature",
      "properties": {
        "@id": "node/5366253673",
        "amenity": "restaurant",
        "name": "Nhà Hàng Crystal Jade"
      },
      "geometry": {
        "type": "Point",
        "coordinates": [
          106.6693616,
          10.7707599
        ]
      },
      "id": "node/5366253673"
    },
    {
      "type": "Feature",
      "properties": {
        "@id": "node/5366253674",
        "amenity": "restaurant",
        "name": "Nhà Hàng Khao Lao"
      },
      "geometry": {
        "type": "Point",
        "coordinates": [
          106.6698726,
          10.7707639
        ]
      },
      "id": "node/5366253674"
    },
    {
      "type": "Feature",
      "properties": {
        "@id": "node/5366253676",
        "amenity": "restaurant",
        "cuisine": "hotpot",
        "name": "Nhà Hàng Kichi Kichi"
      },
      "geometry": {
        "type": "Point",
        "coordinates": [
          106.6698793,
          10.7704543
        ]
      },
      "id": "node/5366253676"
    },
    {
      "type": "Feature",
      "properties": {
        "@id": "node/5366253677",
        "amenity": "restaurant",
        "cuisine": "seafood",
        "name": "Nhà Hàng Hải Sản Chang Kang Kung"
      },
      "geometry": {
        "type": "Point",
        "coordinates": [
          106.6695065,
          10.7707494
        ]
      },
      "id": "node/5366253677"
    },
    {
      "type": "Feature",
      "properties": {
        "@id": "node/5366253678",
        "amenity": "restaurant",
        "name": "Nhà Hàng Sushi Kei"
      },
      "geometry": {
        "type": "Point",
        "coordinates": [
          106.6695065,
          10.7708996
        ]
      },
      "id": "node/5366253678"
    },
    {
      "type": "Feature",
      "properties": {
        "@id": "node/5366253679",
        "amenity": "restaurant",
        "name": "Nhà Hàng Aka House"
      },
      "geometry": {
        "type": "Point",
        "coordinates": [
          106.6696084,
          10.770889
        ]
      },
      "id": "node/5366253679"
    },
    {
      "type": "Feature",
      "properties": {
        "@id": "node/5366253680",
        "amenity": "restaurant",
        "cuisine": "korean",
        "name": "Nhà Hàng Seoul Garden"
      },
      "geometry": {
        "type": "Point",
        "coordinates": [
          106.6698981,
          10.7706334
        ]
      },
      "id": "node/5366253680"
    },
    {
      "type": "Feature",
      "properties": {
        "@id": "node/5366253681",
        "amenity": "restaurant",
        "name": "Nhà Hàng Dolpan Sam"
      },
      "geometry": {
        "type": "Point",
        "coordinates": [
          106.6698659,
          10.7704305
        ]
      },
      "id": "node/5366253681"
    },
    {
      "type": "Feature",
      "properties": {
        "@id": "node/5366253682",
        "amenity": "restaurant",
        "cuisine": "korean",
        "name": "Nhà Hàng Gogi Hose"
      },
      "geometry": {
        "type": "Point",
        "coordinates": [
          106.6693616,
          10.770694
        ]
      },
      "id": "node/5366253682"
    },
    {
      "type": "Feature",
      "properties": {
        "@id": "node/5366253687",
        "amenity": "restaurant",
        "name": "Nhà Hàng Nihao",
        "name:zh": "你好"
      },
      "geometry": {
        "type": "Point",
        "coordinates": [
          106.6698498,
          10.7704095
        ]
      },
      "id": "node/5366253687"
    },
    {
      "type": "Feature",
      "properties": {
        "@id": "node/5366253689",
        "amenity": "restaurant",
        "name": "Nhà Hàng Nam Bento"
      },
      "geometry": {
        "type": "Point",
        "coordinates": [
          106.6699276,
          10.770449
        ]
      },
      "id": "node/5366253689"
    },
    {
      "type": "Feature",
      "properties": {
        "@id": "node/5366253690",
        "amenity": "restaurant",
        "cuisine": "sushi",
        "name": "Nhà Hàng Aka Sushi House"
      },
      "geometry": {
        "type": "Point",
        "coordinates": [
          106.6694555,
          10.7706334
        ]
      },
      "id": "node/5366253690"
    },
    {
      "type": "Feature",
      "properties": {
        "@id": "node/5366253691",
        "amenity": "restaurant",
        "layer": "3",
        "name": "Nhà Hàng Hotpot"
      },
      "geometry": {
        "type": "Point",
        "coordinates": [
          106.669485,
          10.7706282
        ]
      },
      "id": "node/5366253691"
    },
    {
      "type": "Feature",
      "properties": {
        "@id": "node/5367409055",
        "amenity": "restaurant",
        "name": "Nhà Hàng Cá Sấu Hoa Cà"
      },
      "geometry": {
        "type": "Point",
        "coordinates": [
          106.7330006,
          10.8297485
        ]
      },
      "id": "node/5367409055"
    },
    {
      "type": "Feature",
      "properties": {
        "@id": "node/5375623229",
        "addr:city": "Ho Chi Minh City",
        "addr:district": "Quận 1",
        "addr:housenumber": "52",
        "addr:province": "Hồ Chí Minh",
        "addr:street": "Lê Thị Riêng",
        "addr:subdistrict": "Bến Thành",
        "amenity": "restaurant",
        "cuisine": "regional;vietnamese",
        "name": "Nhà Hàng 48 Bistro",
        "takeaway": "yes"
      },
      "geometry": {
        "type": "Point",
        "coordinates": [
          106.691936,
          10.7714338
        ]
      },
      "id": "node/5375623229"
    },
    {
      "type": "Feature",
      "properties": {
        "@id": "node/5375650946",
        "addr:city": "Ho Chi Minh City",
        "addr:district": "Quận 1",
        "addr:housenumber": "67-69",
        "addr:province": "Hồ Chí Minh",
        "addr:street": "Đường Cách Mạng Tháng Tám",
        "addr:subdistrict": "Bến Thành",
        "amenity": "restaurant",
        "cuisine": "fast_food",
        "name": "Nhà Hàng Don Chicken"
      },
      "geometry": {
        "type": "Point",
        "coordinates": [
          106.692075,
          10.7720053
        ]
      },
      "id": "node/5375650946"
    },
    {
      "type": "Feature",
      "properties": {
        "@id": "node/5375766600",
        "addr:city": "Ho Chi Minh City",
        "addr:district": "Quận 1",
        "addr:housenumber": "8",
        "addr:province": "Hồ Chí Minh",
        "addr:street": "Lê Thị Riêng",
        "addr:subdistrict": "Bến Thành",
        "amenity": "restaurant",
        "cuisine": "barbecue;korean;pizza",
        "name": "Nhà Hàng Meat & Meet"
      },
      "geometry": {
        "type": "Point",
        "coordinates": [
          106.692749,
          10.7714463
        ]
      },
      "id": "node/5375766600"
    },
    {
      "type": "Feature",
      "properties": {
        "@id": "node/5382941625",
        "amenity": "restaurant",
        "name": "Pasteur Street Brewing Co"
      },
      "geometry": {
        "type": "Point",
        "coordinates": [
          106.6973809,
          10.7739304
        ]
      },
      "id": "node/5382941625"
    },
    {
      "type": "Feature",
      "properties": {
        "@id": "node/5383494321",
        "addr:city": "Thành phố Hồ Chí Minh",
        "addr:district": "Quận 3",
        "addr:housenumber": "300",
        "addr:street": "Võ Văn Tần",
        "addr:subdistrict": "Phường 5",
        "amenity": "restaurant",
        "cuisine": "vietnamese",
        "name": "Bún bò Huế Chú Hà",
        "opening_hours": "7:00",
        "phone": "+84 28 3834 0645"
      },
      "geometry": {
        "type": "Point",
        "coordinates": [
          106.6856775,
          10.7716935
        ]
      },
      "id": "node/5383494321"
    },
    {
      "type": "Feature",
      "properties": {
        "@id": "node/5384995037",
        "amenity": "restaurant",
        "name": "Hủ Tiếu Xướng Ống Sa Đéc"
      },
      "geometry": {
        "type": "Point",
        "coordinates": [
          106.6955234,
          10.7958109
        ]
      },
      "id": "node/5384995037"
    },
    {
      "type": "Feature",
      "properties": {
        "@id": "node/5388441322",
        "addr:housenumber": "171",
        "addr:street": "Calmette",
        "amenity": "restaurant",
        "cuisine": "asian;french",
        "internet_access": "wlan",
        "name": "Nhà Hàng Thai Street & Rooftop Bar",
        "name:en": "Chanh Garden Bistro & Rooftop",
        "name:vi": "Chanh Garden Bistro & Rooftop",
        "opening_hours": "Mo-Su 10:30-23:00",
        "phone": "0868242679",
        "website": "http://www.facebook.com/ThaiStreetCalmette"
      },
      "geometry": {
        "type": "Point",
        "coordinates": [
          106.6978176,
          10.769648
        ]
      },
      "id": "node/5388441322"
    },
    {
      "type": "Feature",
      "properties": {
        "@id": "node/5388501721",
        "addr:housenumber": "32",
        "addr:postcode": "700000",
        "addr:street": "Trần Ngọc Diện",
        "amenity": "restaurant",
        "cuisine": "thai",
        "email": "hello@thaistreet.com.vn",
        "internet_access": "wlan",
        "name": "Nhà Hàng Thai Street",
        "opening_hours": "We-Mo 11:30-14:30, 17:00-22:00",
        "phone": "02866549525",
        "website": "https://www.thaistreet.com.vn/"
      },
      "geometry": {
        "type": "Point",
        "coordinates": [
          106.7371682,
          10.8045082
        ]
      },
      "id": "node/5388501721"
    },
    {
      "type": "Feature",
      "properties": {
        "@id": "node/5388552521",
        "addr:housenumber": "241-243",
        "addr:street": "Đường Nguyễn Trãi",
        "amenity": "restaurant",
        "cuisine": "vietnamese;asian",
        "name": "Quán Phở Hùng",
        "opening_hours": "Mo-Su 08:00-23:30",
        "phone": "(28) 3838 5089",
        "website": "https://phohung.com.vn/"
      },
      "geometry": {
        "type": "Point",
        "coordinates": [
          106.6876056,
          10.764853
        ]
      },
      "id": "node/5388552521"
    },
    {
      "type": "Feature",
      "properties": {
        "@id": "node/5404230421",
        "addr:housenumber": "24",
        "addr:street": "Tôn Thất Tùng",
        "amenity": "restaurant",
        "name": "Quán Cơm Tấm Thuận Kiều"
      },
      "geometry": {
        "type": "Point",
        "coordinates": [
          106.689399,
          10.769197
        ]
      },
      "id": "node/5404230421"
    },
    {
      "type": "Feature",
      "properties": {
        "@id": "node/5413653722",
        "amenity": "restaurant",
        "cuisine": "sushi",
        "name": "Sushi tei"
      },
      "geometry": {
        "type": "Point",
        "coordinates": [
          106.6954152,
          10.7727313
        ]
      },
      "id": "node/5413653722"
    },
    {
      "type": "Feature",
      "properties": {
        "@id": "node/5416326461",
        "addr:street": "Tôn Đức Thắng",
        "amenity": "restaurant",
        "name": "Nhà Hàng Runam Bistro",
        "name:en": "RuNam Restaurant"
      },
      "geometry": {
        "type": "Point",
        "coordinates": [
          106.7063334,
          10.7734472
        ]
      },
      "id": "node/5416326461"
    },
    {
      "type": "Feature",
      "properties": {
        "@id": "node/5418029827",
        "addr:housenumber": "30",
        "addr:street": "Trường Sơn",
        "amenity": "restaurant",
        "name:en": "Al Fresco's",
        "website": "https://alfrescos.com.vn/hochiminh/"
      },
      "geometry": {
        "type": "Point",
        "coordinates": [
          106.6649145,
          10.8090434
        ]
      },
      "id": "node/5418029827"
    },
    {
      "type": "Feature",
      "properties": {
        "@id": "node/5420749922",
        "addr:street": "Nguyễn Văn Bá",
        "amenity": "restaurant",
        "cuisine": "fish",
        "internet_access": "wlan",
        "name": "Cháo Cá Miền Tây 4",
        "opening_hours": "24/7"
      },
      "geometry": {
        "type": "Point",
        "coordinates": [
          106.7656554,
          10.836306
        ]
      },
      "id": "node/5420749922"
    },
    {
      "type": "Feature",
      "properties": {
        "@id": "node/5420763723",
        "addr:street": "Alexandre de Rhodes",
        "amenity": "restaurant",
        "internet_access": "wlan",
        "name": "Cháo Cá Miền Tây 2",
        "opening_hours": "24/7"
      },
      "geometry": {
        "type": "Point",
        "coordinates": [
          106.7676655,
          10.8397208
        ]
      },
      "id": "node/5420763723"
    },
    {
      "type": "Feature",
      "properties": {
        "@id": "node/5425815624",
        "amenity": "restaurant",
        "internet_access": "wlan",
        "name:fr": "Garlik restaurants",
        "phone": "+842838385665"
      },
      "geometry": {
        "type": "Point",
        "coordinates": [
          106.6939717,
          10.767493
        ]
      },
      "id": "node/5425815624"
    },
    {
      "type": "Feature",
      "properties": {
        "@id": "node/5426113821",
        "amenity": "restaurant",
        "cuisine": "japanese;sushi",
        "internet_access": "wlan",
        "name": "Nhà Hàng Tokyo Deli",
        "name:en": "Tokyo Deli",
        "opening_hours": "Mo-Su 11:00-21:30",
        "phone": "02862803535",
        "website": "https://www.tokyodeli.com.vn/"
      },
      "geometry": {
        "type": "Point",
        "coordinates": [
          106.6697555,
          10.7692726
        ]
      },
      "id": "node/5426113821"
    },
    {
      "type": "Feature",
      "properties": {
        "@id": "node/5433672124",
        "amenity": "restaurant",
        "name": "Nhà Hàng Cậu Ba Quân"
      },
      "geometry": {
        "type": "Point",
        "coordinates": [
          106.70189,
          10.79259
        ]
      },
      "id": "node/5433672124"
    },
    {
      "type": "Feature",
      "properties": {
        "@id": "node/5434677422",
        "addr:housenumber": "148",
        "addr:street": "Đường Lý Chính Thắng",
        "amenity": "restaurant",
        "name": "Phở Bò Phú Gia"
      },
      "geometry": {
        "type": "Point",
        "coordinates": [
          106.6845743,
          10.7863243
        ]
      },
      "id": "node/5434677422"
    },
    {
      "type": "Feature",
      "properties": {
        "@id": "node/5450147523",
        "amenity": "restaurant",
        "name:en": "Cafe Lam"
      },
      "geometry": {
        "type": "Point",
        "coordinates": [
          106.6913324,
          10.7661931
        ]
      },
      "id": "node/5450147523"
    },
    {
      "type": "Feature",
      "properties": {
        "@id": "node/5455622567",
        "addr:housenumber": "238",
        "addr:street": "Đường Pasteur",
        "amenity": "restaurant",
        "cuisine": "brazilian;barbecue",
        "email": "pr@aulacdobrazil.com",
        "internet_access": "wlan",
        "name:en": "Au Lac Do Brazil",
        "opening_hours": "Mo-Su 11:00-14:00, 17:00-22:30",
        "phone": "(+84-8)38207157",
        "website": "https://www.aulacdobrazil.com/"
      },
      "geometry": {
        "type": "Point",
        "coordinates": [
          106.6907551,
          10.7853205
        ]
      },
      "id": "node/5455622567"
    },
    {
      "type": "Feature",
      "properties": {
        "@id": "node/5467377921",
        "addr:street": "Thủ Khoa Huân",
        "amenity": "restaurant",
        "cuisine": "noodles;vietnamese;asian;local",
        "name:en": "™CharlieAdvisor Best Vietnamese Restaurant",
        "opening_hours": "Mo-Su 09:00-21:00"
      },
      "geometry": {
        "type": "Point",
        "coordinates": [
          106.6972813,
          10.7739724
        ]
      },
      "id": "node/5467377921"
    },
    {
      "type": "Feature",
      "properties": {
        "@id": "node/5468580721",
        "amenity": "restaurant",
        "check_date": "2025-03-29",
        "name": "Nhà Hàng Nhật Bản Sukiya"
      },
      "geometry": {
        "type": "Point",
        "coordinates": [
          106.691878,
          10.7843158
        ]
      },
      "id": "node/5468580721"
    },
    {
      "type": "Feature",
      "properties": {
        "@id": "node/5468800521",
        "addr:street": "Thủ Khoa Huân",
        "amenity": "restaurant",
        "cuisine": "noodles;vietnamese;asian;local",
        "name:en": "CharlieAdvisor® Best Vietnamese Restaurant",
        "opening_hours": "Mo-Su 09:00-21:00"
      },
      "geometry": {
        "type": "Point",
        "coordinates": [
          106.6972896,
          10.7739377
        ]
      },
      "id": "node/5468800521"
    },
    {
      "type": "Feature",
      "properties": {
        "@id": "node/5469211522",
        "amenity": "restaurant",
        "name": "Nhà Hàng Zeytun"
      },
      "geometry": {
        "type": "Point",
        "coordinates": [
          106.6910157,
          10.7660019
        ]
      },
      "id": "node/5469211522"
    },
    {
      "type": "Feature",
      "properties": {
        "@id": "node/5473233522",
        "amenity": "restaurant",
        "cuisine": "sandwich",
        "name:en": "Banh Mi Heo Quay"
      },
      "geometry": {
        "type": "Point",
        "coordinates": [
          106.6884733,
          10.7623508
        ]
      },
      "id": "node/5473233522"
    },
    {
      "type": "Feature",
      "properties": {
        "@id": "node/5477024022",
        "amenity": "restaurant",
        "name:en": "Chi hoa vietnamese cuisine"
      },
      "geometry": {
        "type": "Point",
        "coordinates": [
          106.7035622,
          10.779344
        ]
      },
      "id": "node/5477024022"
    },
    {
      "type": "Feature",
      "properties": {
        "@id": "node/5477051022",
        "amenity": "restaurant",
        "name:en": "Ichiba Sushi"
      },
      "geometry": {
        "type": "Point",
        "coordinates": [
          106.690009,
          10.7687959
        ]
      },
      "id": "node/5477051022"
    },
    {
      "type": "Feature",
      "properties": {
        "@id": "node/5477740824",
        "amenity": "restaurant",
        "cuisine": "vietnamese",
        "name": "Quán Ăn Gia Khang"
      },
      "geometry": {
        "type": "Point",
        "coordinates": [
          106.6987086,
          10.7608622
        ]
      },
      "id": "node/5477740824"
    },
    {
      "type": "Feature",
      "properties": {
        "@id": "node/5483300364",
        "addr:street": "Dân Chủ",
        "amenity": "restaurant",
        "name": "Phở Phú Lộc"
      },
      "geometry": {
        "type": "Point",
        "coordinates": [
          106.7643096,
          10.8446367
        ]
      },
      "id": "node/5483300364"
    },
    {
      "type": "Feature",
      "properties": {
        "@id": "node/5494058624",
        "amenity": "restaurant",
        "cuisine": "indian",
        "diet:vegetarian": "yes",
        "name:en": "Namaste India"
      },
      "geometry": {
        "type": "Point",
        "coordinates": [
          106.6910585,
          10.7659475
        ]
      },
      "id": "node/5494058624"
    },
    {
      "type": "Feature",
      "properties": {
        "@id": "node/5494160922",
        "addr:housenumber": "260A",
        "addr:street": "Nguyễn Văn Quá",
        "amenity": "restaurant",
        "cuisine": "vietnamese",
        "internet_access": "wlan",
        "name": "Cơm Chay Thiện Nhẫn",
        "opening_hours": "24/7",
        "phone": "0937292662"
      },
      "geometry": {
        "type": "Point",
        "coordinates": [
          106.6283304,
          10.8329001
        ]
      },
      "id": "node/5494160922"
    },
    {
      "type": "Feature",
      "properties": {
        "@id": "node/5498965922",
        "amenity": "restaurant"
      },
      "geometry": {
        "type": "Point",
        "coordinates": [
          106.7159947,
          10.7980555
        ]
      },
      "id": "node/5498965922"
    },
    {
      "type": "Feature",
      "properties": {
        "@id": "node/5500219823",
        "amenity": "restaurant",
        "name": "Cửa Hàng Pizza",
        "name:en": "Vietnamese"
      },
      "geometry": {
        "type": "Point",
        "coordinates": [
          106.6952576,
          10.7644192
        ]
      },
      "id": "node/5500219823"
    },
    {
      "type": "Feature",
      "properties": {
        "@id": "node/5505949421",
        "amenity": "restaurant",
        "name:en": "Asian kitchen"
      },
      "geometry": {
        "type": "Point",
        "coordinates": [
          106.6940497,
          10.7684255
        ]
      },
      "id": "node/5505949421"
    },
    {
      "type": "Feature",
      "properties": {
        "@id": "node/5508614122",
        "amenity": "restaurant",
        "name": "Cửa Hàng Đồ Chay Phước Duyên",
        "name:en": "vegetarian food hot pot"
      },
      "geometry": {
        "type": "Point",
        "coordinates": [
          106.6839695,
          10.7549721
        ]
      },
      "id": "node/5508614122"
    },
    {
      "type": "Feature",
      "properties": {
        "@id": "node/5515591821",
        "amenity": "restaurant",
        "name": "Quán Hủ Tíu Chay"
      },
      "geometry": {
        "type": "Point",
        "coordinates": [
          106.6416815,
          10.7545068
        ]
      },
      "id": "node/5515591821"
    },
    {
      "type": "Feature",
      "properties": {
        "@id": "node/5527212821",
        "amenity": "restaurant",
        "internet_access": "wlan",
        "name": "Nhà Hàng Anh Mập"
      },
      "geometry": {
        "type": "Point",
        "coordinates": [
          106.6927451,
          10.767438
        ]
      },
      "id": "node/5527212821"
    },
    {
      "type": "Feature",
      "properties": {
        "@id": "node/5547112521",
        "addr:housenumber": "46",
        "addr:street": "Huỳnh Tịnh Của",
        "amenity": "restaurant",
        "name": "Nhà Hàng Đất Phương Nam"
      },
      "geometry": {
        "type": "Point",
        "coordinates": [
          106.6867863,
          10.7898909
        ]
      },
      "id": "node/5547112521"
    },
    {
      "type": "Feature",
      "properties": {
        "@id": "node/5554969222",
        "amenity": "restaurant",
        "name:en": "Nika Coffee & Restaurant"
      },
      "geometry": {
        "type": "Point",
        "coordinates": [
          106.6669174,
          10.810231
        ]
      },
      "id": "node/5554969222"
    },
    {
      "type": "Feature",
      "properties": {
        "@id": "node/5564378223",
        "amenity": "restaurant",
        "cuisine": "vietnamese;chicken;noodles",
        "opening_hours": "Mo-Su 05:30-02:00"
      },
      "geometry": {
        "type": "Point",
        "coordinates": [
          106.6963796,
          10.7746369
        ]
      },
      "id": "node/5564378223"
    },
    {
      "type": "Feature",
      "properties": {
        "@id": "node/5571545523",
        "amenity": "restaurant",
        "name": "Nhà Hàng Amazing Bún Thịt Nướng"
      },
      "geometry": {
        "type": "Point",
        "coordinates": [
          106.6859856,
          10.7720975
        ]
      },
      "id": "node/5571545523"
    },
    {
      "type": "Feature",
      "properties": {
        "@id": "node/5578056523",
        "addr:city": "Thành phố Hồ Chí Minh",
        "addr:district": "Quận 10",
        "addr:housenumber": "694",
        "addr:street": "Sư Vạn Hạnh",
        "addr:subdistrict": "Phường 10",
        "amenity": "restaurant",
        "cuisine": "rice",
        "internet_access": "wlan",
        "name": "Nhà Hàng Cơm Nhiều Singapore"
      },
      "geometry": {
        "type": "Point",
        "coordinates": [
          106.6700525,
          10.7711826
        ]
      },
      "id": "node/5578056523"
    },
    {
      "type": "Feature",
      "properties": {
        "@id": "node/5579575825",
        "addr:housenumber": "13",
        "addr:street": "Phan Bội Châu",
        "amenity": "restaurant",
        "name": "Nhà Hàng Minh Phát"
      },
      "geometry": {
        "type": "Point",
        "coordinates": [
          106.7004654,
          10.8030402
        ]
      },
      "id": "node/5579575825"
    },
    {
      "type": "Feature",
      "properties": {
        "@id": "node/5584409522",
        "addr:housenumber": "158-162",
        "addr:street": "Đường Nguyễn Trãi",
        "amenity": "restaurant",
        "cuisine": "chinese",
        "name": "Nhà Hàng Tân Hải Vân",
        "outdoor_seating": "no",
        "takeaway": "yes"
      },
      "geometry": {
        "type": "Point",
        "coordinates": [
          106.6902884,
          10.769362
        ]
      },
      "id": "node/5584409522"
    },
    {
      "type": "Feature",
      "properties": {
        "@id": "node/5588422723",
        "amenity": "restaurant",
        "cuisine": "chicken",
        "name": "Nhà Hàng Gaxeo Chicken"
      },
      "geometry": {
        "type": "Point",
        "coordinates": [
          106.7027802,
          10.7734747
        ]
      },
      "id": "node/5588422723"
    },
    {
      "type": "Feature",
      "properties": {
        "@id": "node/5594543521",
        "addr:housenumber": "83D",
        "addr:street": "Bùi Thị Xuân",
        "amenity": "restaurant",
        "cuisine": "regional;vietnamese",
        "internet_access": "wlan",
        "name": "Nhà Hàng Dì Năm Sa Đéc"
      },
      "geometry": {
        "type": "Point",
        "coordinates": [
          106.6868828,
          10.7682523
        ]
      },
      "id": "node/5594543521"
    },
    {
      "type": "Feature",
      "properties": {
        "@id": "node/5598915617",
        "addr:housenumber": "700",
        "addr:street": "Lê Hồng Phong",
        "amenity": "restaurant",
        "name": "Phở Hưng"
      },
      "geometry": {
        "type": "Point",
        "coordinates": [
          106.6724168,
          10.7724516
        ]
      },
      "id": "node/5598915617"
    },
    {
      "type": "Feature",
      "properties": {
        "@id": "node/5598916025",
        "addr:housenumber": "16A",
        "addr:street": "Lê Hồng Phong",
        "amenity": "restaurant",
        "name": "Nhà Hàng Đông Hồ Eden"
      },
      "geometry": {
        "type": "Point",
        "coordinates": [
          106.671824,
          10.7736096
        ]
      },
      "id": "node/5598916025"
    },
    {
      "type": "Feature",
      "properties": {
        "@id": "node/5598916287",
        "amenity": "restaurant",
        "cuisine": "korean",
        "name": "Mì Cay Sasin",
        "opening_hours": "Mo-Su 08:30-22:30"
      },
      "geometry": {
        "type": "Point",
        "coordinates": [
          106.668777,
          10.773632
        ]
      },
      "id": "node/5598916287"
    },
    {
      "type": "Feature",
      "properties": {
        "@id": "node/5598916949",
        "amenity": "restaurant",
        "cuisine": "korean",
        "name": "Nhà Hàng Kichi Kichi"
      },
      "geometry": {
        "type": "Point",
        "coordinates": [
          106.6661773,
          10.7773301
        ]
      },
      "id": "node/5598916949"
    },
    {
      "type": "Feature",
      "properties": {
        "@id": "node/5609953221",
        "addr:street": "Đường số 1",
        "amenity": "restaurant",
        "name": "Quán Phở 179",
        "opening_hours": "Mo-Su 09:00-12:00"
      },
      "geometry": {
        "type": "Point",
        "coordinates": [
          106.616606,
          10.7484389
        ]
      },
      "id": "node/5609953221"
    },
    {
      "type": "Feature",
      "properties": {
        "@id": "node/5609998737",
        "addr:full": "13 Trần Khắc Trân, Phường Tân Định, Quận 1, TP Hồ Chí Minh",
        "addr:housenumber": "13",
        "addr:street": "Trần Khắc Chân",
        "amenity": "restaurant",
        "name": "Vườn Chay Giác Duyên"
      },
      "geometry": {
        "type": "Point",
        "coordinates": [
          106.6912041,
          10.7927472
        ]
      },
      "id": "node/5609998737"
    },
    {
      "type": "Feature",
      "properties": {
        "@id": "node/5621040421",
        "amenity": "restaurant",
        "cuisine": "vietnamese",
        "name": "Nhà Hàng Mekong Kitchen"
      },
      "geometry": {
        "type": "Point",
        "coordinates": [
          106.6981206,
          10.7678212
        ]
      },
      "id": "node/5621040421"
    },
    {
      "type": "Feature",
      "properties": {
        "@id": "node/5624736521",
        "amenity": "restaurant",
        "name": "Quán Miến Kỳ Đồng"
      },
      "geometry": {
        "type": "Point",
        "coordinates": [
          106.6821367,
          10.7830309
        ]
      },
      "id": "node/5624736521"
    },
    {
      "type": "Feature",
      "properties": {
        "@id": "node/5637404821",
        "amenity": "restaurant",
        "name": "Nhà Hàng Zeus"
      },
      "geometry": {
        "type": "Point",
        "coordinates": [
          106.6896212,
          10.7660671
        ]
      },
      "id": "node/5637404821"
    },
    {
      "type": "Feature",
      "properties": {
        "@id": "node/5641293763",
        "amenity": "restaurant",
        "name": "Nhà Hàng Vườn Phố"
      },
      "geometry": {
        "type": "Point",
        "coordinates": [
          106.6665516,
          10.8012092
        ]
      },
      "id": "node/5641293763"
    },
    {
      "type": "Feature",
      "properties": {
        "@id": "node/5641597022",
        "addr:housenumber": "130",
        "addr:street": "Đường Nguyễn Trãi",
        "amenity": "restaurant",
        "name": "Nhà Hàng Đèn Lồng"
      },
      "geometry": {
        "type": "Point",
        "coordinates": [
          106.6907927,
          10.7696483
        ]
      },
      "id": "node/5641597022"
    },
    {
      "type": "Feature",
      "properties": {
        "@id": "node/5650662337",
        "amenity": "restaurant",
        "cuisine": "italian_pizza",
        "internet_access": "wlan",
        "name:en": "Vittorio - Italian Restaurant"
      },
      "geometry": {
        "type": "Point",
        "coordinates": [
          106.6919532,
          10.7664661
        ]
      },
      "id": "node/5650662337"
    },
    {
      "type": "Feature",
      "properties": {
        "@id": "node/5660274325",
        "amenity": "restaurant",
        "cuisine": "vietnamese",
        "name": "Nhà Hàng Ghém",
        "name:en": "Ghém restaurant",
        "name:fr": "Restaurant Ghém"
      },
      "geometry": {
        "type": "Point",
        "coordinates": [
          106.6982021,
          10.7782608
        ]
      },
      "id": "node/5660274325"
    },
    {
      "type": "Feature",
      "properties": {
        "@id": "node/5661468433",
        "addr:housenumber": "169",
        "addr:street": "Đường Phạm Ngũ Lão",
        "amenity": "restaurant",
        "cuisine": "vietnamese",
        "name": "Quán Cơm Tấm Hoàng Minh"
      },
      "geometry": {
        "type": "Point",
        "coordinates": [
          106.6950275,
          10.7685143
        ]
      },
      "id": "node/5661468433"
    },
    {
      "type": "Feature",
      "properties": {
        "@id": "node/5676717530",
        "addr:housenumber": "17",
        "addr:street": "Đường Lê Hồng Phong",
        "amenity": "restaurant",
        "cuisine": "vietnamese",
        "diet:vegan": "yes",
        "diet:vegetarian": "only",
        "name": "Quán Cơm Chay Trí Đức",
        "name:en": "Tri Duc Vegetarian Restaurant",
        "opening_hours": "Mo-Su 06:00-22:00"
      },
      "geometry": {
        "type": "Point",
        "coordinates": [
          106.6781801,
          10.7566626
        ]
      },
      "id": "node/5676717530"
    },
    {
      "type": "Feature",
      "properties": {
        "@id": "node/5676727924",
        "addr:housenumber": "193",
        "addr:street": "Nguyễn Văn Cừ",
        "amenity": "restaurant",
        "cuisine": "japanese;vietnamese;sushi;asian",
        "name": "Nhà Hàng Sushi MH",
        "opening_hours": "Mo-Su 18:00-22:00"
      },
      "geometry": {
        "type": "Point",
        "coordinates": [
          106.6839301,
          10.7591014
        ]
      },
      "id": "node/5676727924"
    },
    {
      "type": "Feature",
      "properties": {
        "@id": "node/5690387622",
        "addr:housenumber": "H19-2B Parkview",
        "addr:street": "Đặng Đức Thuật",
        "amenity": "restaurant",
        "name": "Quán Hủ Tiếu Nam Vang",
        "name:en": "Cambodian Noodle",
        "name:vi": "Hủ tiếu Nam Vang Thuỳ Dung",
        "phone": "0854121260"
      },
      "geometry": {
        "type": "Point",
        "coordinates": [
          106.7092096,
          10.7254777
        ]
      },
      "id": "node/5690387622"
    },
    {
      "type": "Feature",
      "properties": {
        "@id": "node/5690493321",
        "addr:housenumber": "998",
        "addr:street": "Nguyễn Văn Linh",
        "amenity": "restaurant",
        "cuisine": "chinese",
        "name": "Vua Ngỗng Quay Hong Kong",
        "name:zh-Hant": "香港燒鵝大王",
        "opening_hours": "Mo-Su 10:00-22:00"
      },
      "geometry": {
        "type": "Point",
        "coordinates": [
          106.7069753,
          10.7292807
        ]
      },
      "id": "node/5690493321"
    },
    {
      "type": "Feature",
      "properties": {
        "@id": "node/5701447521",
        "addr:housenumber": "65",
        "addr:street": "Lê Lợi",
        "amenity": "restaurant",
        "cuisine": "japanese",
        "name": "Nhà Hàng Miyama",
        "website": "https://miyamacafe.com/",
        "wheelchair": "yes"
      },
      "geometry": {
        "type": "Point",
        "coordinates": [
          106.7009196,
          10.7736479
        ]
      },
      "id": "node/5701447521"
    },
    {
      "type": "Feature",
      "properties": {
        "@id": "node/5721605041",
        "amenity": "restaurant",
        "name:en": "Mi Quang 85"
      },
      "geometry": {
        "type": "Point",
        "coordinates": [
          106.678542,
          10.7851485
        ]
      },
      "id": "node/5721605041"
    },
    {
      "type": "Feature",
      "properties": {
        "@id": "node/5730558421",
        "amenity": "restaurant",
        "name:en": "Đón Na"
      },
      "geometry": {
        "type": "Point",
        "coordinates": [
          106.7286026,
          10.7225678
        ]
      },
      "id": "node/5730558421"
    },
    {
      "type": "Feature",
      "properties": {
        "@id": "node/5731596921",
        "amenity": "restaurant",
        "name:en": "Chicken Corner"
      },
      "geometry": {
        "type": "Point",
        "coordinates": [
          106.6889476,
          10.8153394
        ]
      },
      "id": "node/5731596921"
    },
    {
      "type": "Feature",
      "properties": {
        "@id": "node/5731773344",
        "amenity": "restaurant"
      },
      "geometry": {
        "type": "Point",
        "coordinates": [
          106.684174,
          10.759495
        ]
      },
      "id": "node/5731773344"
    },
    {
      "type": "Feature",
      "properties": {
        "@id": "node/5731773345",
        "amenity": "restaurant"
      },
      "geometry": {
        "type": "Point",
        "coordinates": [
          106.7439556,
          10.8334602
        ]
      },
      "id": "node/5731773345"
    },
    {
      "type": "Feature",
      "properties": {
        "@id": "node/5731775821",
        "amenity": "restaurant"
      },
      "geometry": {
        "type": "Point",
        "coordinates": [
          106.7438878,
          10.8333277
        ]
      },
      "id": "node/5731775821"
    },
    {
      "type": "Feature",
      "properties": {
        "@id": "node/5738074582",
        "addr:housenumber": "40",
        "addr:street": "Đặng Văn Bi",
        "amenity": "restaurant",
        "cuisine": "fine_dining;seafood",
        "internet_access": "wlan",
        "name": "Hải Sản Giang Ghẹ 2",
        "name:en": "GiangGhe Seafood 2",
        "opening_hours": "Mo-Su 09:00-22:30",
        "phone": "0977851895",
        "website": "http://www.giangghe2.com"
      },
      "geometry": {
        "type": "Point",
        "coordinates": [
          106.7652476,
          10.8409362
        ]
      },
      "id": "node/5738074582"
    },
    {
      "type": "Feature",
      "properties": {
        "@id": "node/5738074851",
        "addr:housenumber": "688",
        "addr:street": "Quốc lộ 13",
        "amenity": "restaurant",
        "cuisine": "fine_dining;seafood",
        "internet_access": "wlan",
        "name": "Hải Sản Giang Ghẹ",
        "name:en": "Giang Ghẹ Seafood",
        "opening_hours": "Mo-Su 09:00-22:30",
        "phone": "0971585868",
        "website": "https://giangghe.com/"
      },
      "geometry": {
        "type": "Point",
        "coordinates": [
          106.7227904,
          10.8564814
        ]
      },
      "id": "node/5738074851"
    },
    {
      "type": "Feature",
      "properties": {
        "@id": "node/5738254414",
        "addr:city": "Quận 4",
        "addr:district": "4",
        "addr:housenumber": "M2-002",
        "addr:province": "Hồ Chí Minh",
        "addr:street": "M2-002 Chung cư Số 1 Tôn Thất Thuyết, Phường 1, Quận 4",
        "addr:subdistrict": "1",
        "amenity": "restaurant",
        "name": "Bếp Bà Mập",
        "opening_hours": "Mo-Sa 08:00-18:00",
        "takeaway": "only"
      },
      "geometry": {
        "type": "Point",
        "coordinates": [
          106.6924365,
          10.7547318
        ]
      },
      "id": "node/5738254414"
    },
    {
      "type": "Feature",
      "properties": {
        "@id": "node/5754294121",
        "amenity": "restaurant",
        "name": "Quán Bánh Canh Phan Rang 128"
      },
      "geometry": {
        "type": "Point",
        "coordinates": [
          106.6663692,
          10.7855681
        ]
      },
      "id": "node/5754294121"
    },
    {
      "type": "Feature",
      "properties": {
        "@id": "node/5761145864",
        "addr:city": "Hồ Chí Minh",
        "addr:district": "Quận 9",
        "addr:housenumber": "T2-4",
        "addr:postcode": "70000",
        "addr:street": "Đường D1",
        "addr:subdistrict": "Phường Tân Phú",
        "amenity": "restaurant",
        "capacity": "50",
        "cuisine": "coffee_shop;lunch",
        "delivery": "no",
        "name": "Cà Phê iCoffee",
        "opening_hours": "Mo-Fr 09:00-17:00",
        "outdoor_seating": "no",
        "smoking": "no",
        "takeaway": "yes"
      },
      "geometry": {
        "type": "Point",
        "coordinates": [
          106.7999672,
          10.8492914
        ]
      },
      "id": "node/5761145864"
    },
    {
      "type": "Feature",
      "properties": {
        "@id": "node/5764668354",
        "amenity": "restaurant",
        "name": "Nhà Hàng Nướng Phổ Đình",
        "name:ja": "浦江亭"
      },
      "geometry": {
        "type": "Point",
        "coordinates": [
          106.7004683,
          10.772251
        ]
      },
      "id": "node/5764668354"
    },
    {
      "type": "Feature",
      "properties": {
        "@id": "node/5768363183",
        "amenity": "restaurant"
      },
      "geometry": {
        "type": "Point",
        "coordinates": [
          106.6345765,
          10.7531165
        ]
      },
      "id": "node/5768363183"
    },
    {
      "type": "Feature",
      "properties": {
        "@id": "node/5772537855",
        "addr:street": "Nguyễn Thị Minh Khai",
        "amenity": "restaurant",
        "name:en": "Purple Log"
      },
      "geometry": {
        "type": "Point",
        "coordinates": [
          106.6899055,
          10.7753278
        ]
      },
      "id": "node/5772537855"
    },
    {
      "type": "Feature",
      "properties": {
        "@id": "node/5777155846",
        "amenity": "restaurant",
        "capacity": "100",
        "cuisine": "vietnamese",
        "delivery": "no",
        "name": "Quán Ăn Tam Kỳ",
        "opening_hours": "Mo-Su 10:00-22:00",
        "outdoor_seating": "no",
        "smoking": "no",
        "takeaway": "yes"
      },
      "geometry": {
        "type": "Point",
        "coordinates": [
          106.7111366,
          10.7388551
        ]
      },
      "id": "node/5777155846"
    },
    {
      "type": "Feature",
      "properties": {
        "@id": "node/5787267153",
        "amenity": "restaurant",
        "name:en": "Chè Thái Ý Phương"
      },
      "geometry": {
        "type": "Point",
        "coordinates": [
          106.6679679,
          10.7643739
        ]
      },
      "id": "node/5787267153"
    },
    {
      "type": "Feature",
      "properties": {
        "@id": "node/5788502553",
        "addr:housenumber": "1034",
        "addr:street": "Nguyễn Ảnh Thủ",
        "amenity": "restaurant",
        "cuisine": "vietnamese",
        "internet_access": "wlan",
        "name": "Mỹ Dung - Bún cá Nha Trang",
        "opening_hours": "24/7",
        "operator": "Gia đình",
        "phone": "0903109393"
      },
      "geometry": {
        "type": "Point",
        "coordinates": [
          106.6186599,
          10.8702011
        ]
      },
      "id": "node/5788502553"
    },
    {
      "type": "Feature",
      "properties": {
        "@id": "node/5788636453",
        "amenity": "restaurant",
        "name:en": "Ngoc Tho Restaurant"
      },
      "geometry": {
        "type": "Point",
        "coordinates": [
          106.6942413,
          10.7685058
        ]
      },
      "id": "node/5788636453"
    },
    {
      "type": "Feature",
      "properties": {
        "@id": "node/5809753853",
        "amenity": "restaurant",
        "cuisine": "japanese",
        "name": "Sushi world",
        "website": "http://www.sushiworld.com.vn"
      },
      "geometry": {
        "type": "Point",
        "coordinates": [
          106.7050922,
          10.7905235
        ]
      },
      "id": "node/5809753853"
    },
    {
      "type": "Feature",
      "properties": {
        "@id": "node/5819504553",
        "addr:housenumber": "109",
        "addr:street": "Đường Trần Hưng Ðạo",
        "amenity": "restaurant",
        "internet_access": "wlan",
        "name": "Bít tết Lục Nguyên",
        "name:en": "Luc Nguyen Beefsteak"
      },
      "geometry": {
        "type": "Point",
        "coordinates": [
          106.6671581,
          10.7523968
        ]
      },
      "id": "node/5819504553"
    },
    {
      "type": "Feature",
      "properties": {
        "@id": "node/5830786091",
        "addr:city": "Ho Chi Minh City",
        "addr:district": "Quận 1",
        "addr:housenumber": "32",
        "addr:postcode": "700000",
        "addr:province": "Hồ Chí Minh",
        "addr:street": "Lê Thị Riêng",
        "addr:subdistrict": "Bến Thành",
        "amenity": "restaurant",
        "name": "Quán Phở 32"
      },
      "geometry": {
        "type": "Point",
        "coordinates": [
          106.6923216,
          10.7714039
        ]
      },
      "id": "node/5830786091"
    },
    {
      "type": "Feature",
      "properties": {
        "@id": "node/5831432086",
        "addr:housenumber": "291/2",
        "addr:street": "Võ Văn Tần",
        "amenity": "restaurant",
        "cuisine": "vietnamese",
        "diet:vegan": "yes",
        "internet_access": "wlan",
        "name": "Nhà Hàng Cơm Chay Mani",
        "opening_hours": "Mo-Su 06:30-14:00,16:00-21:00",
        "phone": "+842838329206",
        "website": "https://comchaymani.com/"
      },
      "geometry": {
        "type": "Point",
        "coordinates": [
          106.6858164,
          10.7718307
        ]
      },
      "id": "node/5831432086"
    },
    {
      "type": "Feature",
      "properties": {
        "@id": "node/5833958885",
        "addr:housenumber": "7F",
        "addr:postcode": "7000",
        "addr:street": "Nguyễn Thị Minh Khai",
        "amenity": "restaurant",
        "cuisine": "indonesian;tea;vietnamese;coffee_shop",
        "internet_access": "wlan",
        "name": "Nhà Hàng The Organic House",
        "name:en": "The Organic House",
        "opening_hours": "Tu-Su 10:00-22:00",
        "phone": "+8490 957 68 98",
        "website": "https://m.facebook.com/TheOrganikHouse/"
      },
      "geometry": {
        "type": "Point",
        "coordinates": [
          106.7027718,
          10.7875452
        ]
      },
      "id": "node/5833958885"
    },
    {
      "type": "Feature",
      "properties": {
        "@id": "node/5835767185",
        "addr:housenumber": "10D",
        "addr:street": "Trần Nhật Duật",
        "amenity": "restaurant",
        "cuisine": "vietnamese;asian",
        "diet:vegan": "yes",
        "diet:vegetarian": "only",
        "internet_access": "wlan",
        "name:en": "Lien Huong - Vegetarian Restaurant",
        "opening_hours": "Mo-Sa 09:00-21:00; Su 11:00-21:00",
        "phone": "+84 93 348 50 64"
      },
      "geometry": {
        "type": "Point",
        "coordinates": [
          106.6892948,
          10.7945092
        ]
      },
      "id": "node/5835767185"
    },
    {
      "type": "Feature",
      "properties": {
        "@id": "node/5835838685",
        "amenity": "restaurant",
        "name": "King Ẩm Thực"
      },
      "geometry": {
        "type": "Point",
        "coordinates": [
          106.6357323,
          10.7425162
        ]
      },
      "id": "node/5835838685"
    },
    {
      "type": "Feature",
      "properties": {
        "@id": "node/5837923663",
        "amenity": "restaurant",
        "name": "Nhà Hàng Món Ăn Italian"
      },
      "geometry": {
        "type": "Point",
        "coordinates": [
          106.674923,
          10.762322
        ]
      },
      "id": "node/5837923663"
    },
    {
      "type": "Feature",
      "properties": {
        "@id": "node/5837931023",
        "amenity": "restaurant",
        "name": "Nhà Hàng Denny's",
        "not:brand:wikidata": "Q1189695"
      },
      "geometry": {
        "type": "Point",
        "coordinates": [
          106.6751703,
          10.7620841
        ]
      },
      "id": "node/5837931023"
    },
    {
      "type": "Feature",
      "properties": {
        "@id": "node/5856792738",
        "amenity": "restaurant",
        "name:zh": "PHO 24 Dong Khoi"
      },
      "geometry": {
        "type": "Point",
        "coordinates": [
          106.7045605,
          10.7745882
        ]
      },
      "id": "node/5856792738"
    },
    {
      "type": "Feature",
      "properties": {
        "@id": "node/5865197885",
        "addr:housenumber": "36",
        "addr:street": "Đặng Văn Bi",
        "amenity": "restaurant",
        "internet_access": "wlan",
        "name": "Nhà Hàng Bia Tuyết Q9",
        "opening_hours": "24/7",
        "operator": "Gia đình"
      },
      "geometry": {
        "type": "Point",
        "coordinates": [
          106.7655908,
          10.8407683
        ]
      },
      "id": "node/5865197885"
    },
    {
      "type": "Feature",
      "properties": {
        "@id": "node/5881341086",
        "addr:street": "Hẻm 117 Điện Biên Phủ",
        "amenity": "restaurant",
        "cuisine": "vietnamese",
        "diet:vegetarian": "only",
        "name": "Cơm Chay Ngọc Ý",
        "name:en": "Ngoc Y vegetarian restaurant",
        "opening_hours": "Mo-Su 06:30-21:00"
      },
      "geometry": {
        "type": "Point",
        "coordinates": [
          106.7030517,
          10.7965515
        ]
      },
      "id": "node/5881341086"
    },
    {
      "type": "Feature",
      "properties": {
        "@id": "node/5894538749",
        "addr:city": "Ho Chi Minh City",
        "addr:district": "Quận 8",
        "addr:street": "Đường số 4",
        "amenity": "restaurant",
        "name": "Nhà Hàng Lẩu Dê"
      },
      "geometry": {
        "type": "Point",
        "coordinates": [
          106.670776,
          10.7359988
        ]
      },
      "id": "node/5894538749"
    },
    {
      "type": "Feature",
      "properties": {
        "@id": "node/5907777985",
        "amenity": "restaurant",
        "cuisine": "western",
        "name": "Nhà Hàng Mujo"
      },
      "geometry": {
        "type": "Point",
        "coordinates": [
          106.705584,
          10.796233
        ]
      },
      "id": "node/5907777985"
    },
    {
      "type": "Feature",
      "properties": {
        "@id": "node/5909598785",
        "addr:street": "Hem 339 Le Van Sy",
        "amenity": "restaurant",
        "cuisine": "regional",
        "internet_access": "wlan",
        "name": "Quán Cơm Tấm Đỗ Phủ",
        "opening_hours": "24/7"
      },
      "geometry": {
        "type": "Point",
        "coordinates": [
          106.6772371,
          10.7878775
        ]
      },
      "id": "node/5909598785"
    },
    {
      "type": "Feature",
      "properties": {
        "@id": "node/5935939785",
        "air_conditioning": "yes",
        "amenity": "restaurant",
        "cuisine": "vietnamese",
        "diet:vegan": "only",
        "indoor_seating": "yes",
        "name": "Nhà Hàng Bếp Chay",
        "name:en": "Bếp Chay Vegan Restaurant",
        "opening_hours": "Mo-Su 08:00-21:00",
        "outdoor_seating": "no",
        "phone": "+84902728283",
        "smoking": "no",
        "wheelchair": "no"
      },
      "geometry": {
        "type": "Point",
        "coordinates": [
          106.690913,
          10.7873192
        ]
      },
      "id": "node/5935939785"
    },
    {
      "type": "Feature",
      "properties": {
        "@id": "node/5951707086",
        "addr:street": "Đường Trần Bình Trọng",
        "amenity": "restaurant",
        "name": "Banh Canh Cua 14"
      },
      "geometry": {
        "type": "Point",
        "coordinates": [
          106.6802421,
          10.7593678
        ]
      },
      "id": "node/5951707086"
    },
    {
      "type": "Feature",
      "properties": {
        "@id": "node/5983038307",
        "addr:housenumber": "21",
        "addr:street": "Nguyễn Văn Tráng",
        "amenity": "restaurant",
        "cuisine": "sandwich",
        "diet:vegan": "yes",
        "internet_access": "wlan",
        "name": "Cà Phê Nhà Hàng Journeys Sandwich",
        "opening_hours": "Mo-Su 07:00-22:00",
        "phone": "+84939383985",
        "website": "https://www.journeyssandwichcafe.com/"
      },
      "geometry": {
        "type": "Point",
        "coordinates": [
          106.6923417,
          10.7701374
        ]
      },
      "id": "node/5983038307"
    },
    {
      "type": "Feature",
      "properties": {
        "@id": "node/6002601785",
        "amenity": "restaurant",
        "name": "Tiệm Mì Vịt Tiềm"
      },
      "geometry": {
        "type": "Point",
        "coordinates": [
          106.6963583,
          10.7662615
        ]
      },
      "id": "node/6002601785"
    },
    {
      "type": "Feature",
      "properties": {
        "@id": "node/6010064885",
        "amenity": "restaurant",
        "name": "Nhà Hàng Pasta Box"
      },
      "geometry": {
        "type": "Point",
        "coordinates": [
          106.7054032,
          10.7910656
        ]
      },
      "id": "node/6010064885"
    },
    {
      "type": "Feature",
      "properties": {
        "@id": "node/6035922286",
        "amenity": "restaurant",
        "name:en": "The Vintage Emporium"
      },
      "geometry": {
        "type": "Point",
        "coordinates": [
          106.7338801,
          10.8032607
        ]
      },
      "id": "node/6035922286"
    },
    {
      "type": "Feature",
      "properties": {
        "@id": "node/6039322885",
        "addr:street": "Nguyễn An Ninh",
        "amenity": "restaurant",
        "cuisine": "thai",
        "internet_access": "wlan",
        "name": "Nhà Hàng Thái Hjh Basiroh"
      },
      "geometry": {
        "type": "Point",
        "coordinates": [
          106.6969429,
          10.7717555
        ]
      },
      "id": "node/6039322885"
    },
    {
      "type": "Feature",
      "properties": {
        "@id": "node/6049078885",
        "amenity": "restaurant",
        "name:en": "Pho Cong"
      },
      "geometry": {
        "type": "Point",
        "coordinates": [
          106.6971125,
          10.7685632
        ]
      },
      "id": "node/6049078885"
    },
    {
      "type": "Feature",
      "properties": {
        "@id": "node/6054062005",
        "amenity": "restaurant"
      },
      "geometry": {
        "type": "Point",
        "coordinates": [
          106.6950321,
          10.7670119
        ]
      },
      "id": "node/6054062005"
    },
    {
      "type": "Feature",
      "properties": {
        "@id": "node/6070394588",
        "addr:housenumber": "23b",
        "addr:street": "Nguyễn Hữu Cảnh",
        "amenity": "restaurant",
        "diet:vegan": "only",
        "name": "Nhà Hàng Vegan Kitchen"
      },
      "geometry": {
        "type": "Point",
        "coordinates": [
          106.7143059,
          10.7894442
        ]
      },
      "id": "node/6070394588"
    },
    {
      "type": "Feature",
      "properties": {
        "@id": "node/6089100485",
        "amenity": "restaurant",
        "name:en": "Local Wok Fried Restaurant"
      },
      "geometry": {
        "type": "Point",
        "coordinates": [
          106.6855439,
          10.7475831
        ]
      },
      "id": "node/6089100485"
    },
    {
      "type": "Feature",
      "properties": {
        "@id": "node/6092351688",
        "addr:housenumber": "2A",
        "addr:street": "Lê Quý Đôn",
        "amenity": "restaurant",
        "cuisine": "vietnamese;local",
        "name": "Quán Bún Bò Gánh"
      },
      "geometry": {
        "type": "Point",
        "coordinates": [
          106.6929136,
          10.7795156
        ]
      },
      "id": "node/6092351688"
    },
    {
      "type": "Feature",
      "properties": {
        "@id": "node/6094866785",
        "addr:housenumber": "23",
        "addr:street": "Cao Triều Phát",
        "amenity": "restaurant",
        "contact:facebook": "https://www.facebook.com/comnieuthienly/",
        "cuisine": "vietnamese",
        "name": "Cơm Niêu Thiên Lý",
        "opening_hours": "10:00-21:30",
        "operator": "Cơm Niêu Thiên Lý",
        "phone": "+84978785500",
        "website": "https://comnieuthienly.com/"
      },
      "geometry": {
        "type": "Point",
        "coordinates": [
          106.7095923,
          10.7318815
        ]
      },
      "id": "node/6094866785"
    },
    {
      "type": "Feature",
      "properties": {
        "@id": "node/6099290687",
        "amenity": "restaurant",
        "name": "Quán Ăn Tú Điệp",
        "name:vi-Hani": "館𫗒秀蝶",
        "name:zh": "羊肉串"
      },
      "geometry": {
        "type": "Point",
        "coordinates": [
          106.7006584,
          10.7684298
        ]
      },
      "id": "node/6099290687"
    },
    {
      "type": "Feature",
      "properties": {
        "@id": "node/6111679646",
        "addr:city": "Ho Chi Minh City",
        "addr:district": "Quận 1",
        "addr:housenumber": "71",
        "addr:province": "Vietnam",
        "addr:street": "Mạc Thị Bưởi",
        "addr:subdistrict": "Phường Bến Nghé",
        "amenity": "restaurant",
        "cuisine": "lebanese",
        "name": "Nhà Hàng Warda",
        "outdoor_seating": "yes",
        "smoking": "dedicated"
      },
      "geometry": {
        "type": "Point",
        "coordinates": [
          106.7043696,
          10.7745038
        ]
      },
      "id": "node/6111679646"
    },
    {
      "type": "Feature",
      "properties": {
        "@id": "node/6114280185",
        "addr:housenumber": "16/6",
        "addr:street": "Hẻm 113/4 Võ Duy Ninh",
        "amenity": "restaurant",
        "name": "Nhà Hàng Pyra",
        "name:en": "Pyra - polish restaurant",
        "name:vi": "Pyra - quán ăn Ba Lan",
        "phone": "+84 90 334 43 81"
      },
      "geometry": {
        "type": "Point",
        "coordinates": [
          106.717526,
          10.7922275
        ]
      },
      "id": "node/6114280185"
    },
    {
      "type": "Feature",
      "properties": {
        "@id": "node/6124970385",
        "amenity": "restaurant",
        "cuisine": "korean",
        "internet_access": "wlan",
        "name": "Nhà Hàng Papa's Chicken"
      },
      "geometry": {
        "type": "Point",
        "coordinates": [
          106.6644646,
          10.8077369
        ]
      },
      "id": "node/6124970385"
    },
    {
      "type": "Feature",
      "properties": {
        "@id": "node/6127556887",
        "amenity": "restaurant",
        "cuisine": "japanese",
        "name": "Nhà Hàng Nhật Sukiya Tokyo"
      },
      "geometry": {
        "type": "Point",
        "coordinates": [
          106.665592,
          10.8131218
        ]
      },
      "id": "node/6127556887"
    },
    {
      "type": "Feature",
      "properties": {
        "@id": "node/6137251655",
        "amenity": "restaurant",
        "delivery": "yes",
        "diet:halal": "yes",
        "facebook": "https://www.facebook.com/TheDaunRestaurant/",
        "instagram": "thedaunrestaurant",
        "level": "0;1",
        "name": "Nhà Hàng The Daun",
        "phone": "+84 764243229;+84 932027578",
        "start_date": "2012",
        "website": "https://thedaun.com/"
      },
      "geometry": {
        "type": "Point",
        "coordinates": [
          106.6968416,
          10.7713719
        ]
      },
      "id": "node/6137251655"
    },
    {
      "type": "Feature",
      "properties": {
        "@id": "node/6141692745",
        "amenity": "restaurant",
        "cuisine": "vietnamese",
        "description": "good fried springrolls with rice pancake, bbq pork",
        "name": "Bún Thịt Nướng - Chị Tuyền"
      },
      "geometry": {
        "type": "Point",
        "coordinates": [
          106.6935584,
          10.7619455
        ]
      },
      "id": "node/6141692745"
    },
    {
      "type": "Feature",
      "properties": {
        "@id": "node/6155835785",
        "amenity": "restaurant",
        "name:en": "Ton Dao Bun Dau"
      },
      "geometry": {
        "type": "Point",
        "coordinates": [
          106.6961853,
          10.7642937
        ]
      },
      "id": "node/6155835785"
    },
    {
      "type": "Feature",
      "properties": {
        "@id": "node/6160638085",
        "addr:housenumber": "171",
        "addr:street": "Calmette",
        "amenity": "restaurant",
        "cuisine": "spanish;tapas",
        "name": "Brick & Barrel",
        "name:en": "Tomatito Sexy Tapas Bar",
        "opening_hours": "Mo-Su 10:00-00:00"
      },
      "geometry": {
        "type": "Point",
        "coordinates": [
          106.6979082,
          10.769485
        ]
      },
      "id": "node/6160638085"
    },
    {
      "type": "Feature",
      "properties": {
        "@id": "node/6162739186",
        "amenity": "restaurant",
        "name:en": "Marcel Gourmet Burger"
      },
      "geometry": {
        "type": "Point",
        "coordinates": [
          106.6982862,
          10.7692404
        ]
      },
      "id": "node/6162739186"
    },
    {
      "type": "Feature",
      "properties": {
        "@id": "node/6163353085",
        "amenity": "restaurant",
        "name:en": "Mia",
        "tourism": "hotel"
      },
      "geometry": {
        "type": "Point",
        "coordinates": [
          106.698147,
          10.7691883
        ]
      },
      "id": "node/6163353085"
    },
    {
      "type": "Feature",
      "properties": {
        "@id": "node/6163422486",
        "amenity": "restaurant",
        "name:en": "Tsukemen Daigo"
      },
      "geometry": {
        "type": "Point",
        "coordinates": [
          106.6993063,
          10.7859999
        ]
      },
      "id": "node/6163422486"
    },
    {
      "type": "Feature",
      "properties": {
        "@id": "node/6167971285",
        "amenity": "restaurant",
        "name:de": "Oishii Hanoi"
      },
      "geometry": {
        "type": "Point",
        "coordinates": [
          106.7051087,
          10.7795827
        ]
      },
      "id": "node/6167971285"
    },
    {
      "type": "Feature",
      "properties": {
        "@id": "node/6167975985",
        "amenity": "restaurant",
        "name:en": "Secret Cottage"
      },
      "geometry": {
        "type": "Point",
        "coordinates": [
          106.7032246,
          10.7752622
        ]
      },
      "id": "node/6167975985"
    },
    {
      "type": "Feature",
      "properties": {
        "@id": "node/6176076187",
        "amenity": "restaurant",
        "cuisine": "seafood;chicken;friture;diner;regional;noodles;fish;pasta;vietnamese;breakfast;local",
        "internet_access": "wlan",
        "name:en": "Mi Nhat Ramen"
      },
      "geometry": {
        "type": "Point",
        "coordinates": [
          106.6957836,
          10.7671715
        ]
      },
      "id": "node/6176076187"
    },
    {
      "type": "Feature",
      "properties": {
        "@id": "node/6182575986",
        "addr:street": "3/5 Hoang Sa, Ward Dakao, District 1, Đa Kao, Quận 1, Hồ Chí Minh, Vietnam",
        "amenity": "restaurant",
        "cuisine": "vietnamese",
        "diet:vegan": "yes",
        "name:en": "BLOOM Saigon Restaurant",
        "opening_hours": "Mo-Su 11:00-14:30,17:00-22:30",
        "phone": "+84 28 3910 1277",
        "website": "https://bloom-saigon.com/"
      },
      "geometry": {
        "type": "Point",
        "coordinates": [
          106.7045317,
          10.7910453
        ]
      },
      "id": "node/6182575986"
    },
    {
      "type": "Feature",
      "properties": {
        "@id": "node/6183084986",
        "amenity": "restaurant",
        "cuisine": "vietnamese",
        "diet:vegan": "yes",
        "diet:vegetarian": "only",
        "internet_access": "wlan",
        "name": "Nhà Hàng Veggie Saigon",
        "opening_hours": "Mo-Su 08:00-22:00",
        "phone": "+84 96 810 77 88",
        "website": "https://veggiesaigon.com/"
      },
      "geometry": {
        "type": "Point",
        "coordinates": [
          106.6958344,
          10.7634372
        ]
      },
      "id": "node/6183084986"
    },
    {
      "type": "Feature",
      "properties": {
        "@id": "node/6184098085",
        "amenity": "restaurant",
        "cuisine": "vietnamese",
        "diet:vegan": "yes",
        "name": "Nhà Hàng Hương Việt"
      },
      "geometry": {
        "type": "Point",
        "coordinates": [
          106.6898831,
          10.769572
        ]
      },
      "id": "node/6184098085"
    },
    {
      "type": "Feature",
      "properties": {
        "@id": "node/6187223785",
        "addr:housenumber": "71c",
        "addr:street": "Nguyễn Thị Minh Khai",
        "air_conditioning": "yes",
        "amenity": "restaurant",
        "cuisine": "andwich;vietnamese",
        "diet:gluten_free": "yes",
        "diet:halal": "yes",
        "diet:vegan": "yes",
        "diet:vegetarian": "only",
        "indoor_seating": "yes",
        "name": "Quán Cơm Chay Sala",
        "opening_hours": "Mo-Su 06:00-21:00",
        "outdoor_seating": "no",
        "phone": "+84919777703",
        "smoking": "no",
        "website": "https://chaysala.com",
        "wheelchair": "yes"
      },
      "geometry": {
        "type": "Point",
        "coordinates": [
          106.6891054,
          10.7730809
        ]
      },
      "id": "node/6187223785"
    },
    {
      "type": "Feature",
      "properties": {
        "@id": "node/6188930186",
        "amenity": "restaurant",
        "name": "Phở Nguyên"
      },
      "geometry": {
        "type": "Point",
        "coordinates": [
          106.6238729,
          10.7961044
        ]
      },
      "id": "node/6188930186"
    },
    {
      "type": "Feature",
      "properties": {
        "@id": "node/6188930285",
        "amenity": "restaurant",
        "name": "Cơm Tấm Tú Mập"
      },
      "geometry": {
        "type": "Point",
        "coordinates": [
          106.6445816,
          10.7932346
        ]
      },
      "id": "node/6188930285"
    },
    {
      "type": "Feature",
      "properties": {
        "@id": "node/6197458386",
        "amenity": "restaurant",
        "internet_access": "wlan",
        "name": "Bún Đậu Nhà Làm Home Made",
        "name:en": "DauHomemade",
        "name:he": "מסעדה מיוחדת"
      },
      "geometry": {
        "type": "Point",
        "coordinates": [
          106.6925751,
          10.7697154
        ]
      },
      "id": "node/6197458386"
    },
    {
      "type": "Feature",
      "properties": {
        "@id": "node/6202766785",
        "amenity": "restaurant",
        "name": "Sup Cua Hanh"
      },
      "geometry": {
        "type": "Point",
        "coordinates": [
          106.7003836,
          10.7678228
        ]
      },
      "id": "node/6202766785"
    },
    {
      "type": "Feature",
      "properties": {
        "@id": "node/6203333885",
        "amenity": "restaurant",
        "name": "nhà hàng bún bò nam bộ"
      },
      "geometry": {
        "type": "Point",
        "coordinates": [
          106.699275,
          10.7688924
        ]
      },
      "id": "node/6203333885"
    },
    {
      "type": "Feature",
      "properties": {
        "@id": "node/6205235785",
        "amenity": "restaurant",
        "name": "Nhà Hàng Sushi Sun"
      },
      "geometry": {
        "type": "Point",
        "coordinates": [
          106.6914365,
          10.7644905
        ]
      },
      "id": "node/6205235785"
    },
    {
      "type": "Feature",
      "properties": {
        "@id": "node/6220729003",
        "amenity": "restaurant",
        "artwork_type": "sculpture",
        "cuisine": "italian",
        "name": "Nhà Hàng Ý Capricciosa",
        "tourism": "artwork"
      },
      "geometry": {
        "type": "Point",
        "coordinates": [
          106.7212314,
          10.7947358
        ]
      },
      "id": "node/6220729003"
    },
    {
      "type": "Feature",
      "properties": {
        "@id": "node/6220729004",
        "amenity": "restaurant",
        "cuisine": "HK",
        "name": "Nhà Hàng MK"
      },
      "geometry": {
        "type": "Point",
        "coordinates": [
          106.7219333,
          10.7951159
        ]
      },
      "id": "node/6220729004"
    },
    {
      "type": "Feature",
      "properties": {
        "@id": "node/6220746301",
        "amenity": "restaurant",
        "cuisine": "japanese",
        "name": "Nhà Hàng Nhật Kohaku"
      },
      "geometry": {
        "type": "Point",
        "coordinates": [
          106.7217936,
          10.794757
        ]
      },
      "id": "node/6220746301"
    },
    {
      "type": "Feature",
      "properties": {
        "@id": "node/6228024787",
        "amenity": "restaurant",
        "name": "Quán Phở 36"
      },
      "geometry": {
        "type": "Point",
        "coordinates": [
          106.6779339,
          10.7838758
        ]
      },
      "id": "node/6228024787"
    },
    {
      "type": "Feature",
      "properties": {
        "@id": "node/6235215186",
        "addr:housenumber": "39",
        "addr:street": "Lý Tự Trọng",
        "amenity": "restaurant",
        "cuisine": "vietnamese",
        "email": "contact@quan-bui.com",
        "name": "Quán Bụi",
        "name:en": "QUÁN BỤI - Bistro (1st Floor)",
        "opening_hours": "Mo-Su 08:00-23:00",
        "phone": "+84 28 3602 2241",
        "website": "https://quan-bui.com"
      },
      "geometry": {
        "type": "Point",
        "coordinates": [
          106.7022879,
          10.7791849
        ]
      },
      "id": "node/6235215186"
    },
    {
      "type": "Feature",
      "properties": {
        "@id": "node/6235238286",
        "addr:housenumber": "44",
        "addr:street": "Dong Du Street",
        "amenity": "restaurant",
        "cuisine": "vietnamese",
        "internet_access": "wlan",
        "name:en": "Phat’s Dumpling House (2nd floor)",
        "opening_hours": "Mo-Su 11:00-01:00",
        "phone": "+84902 311 337",
        "website": "http://phatsdumplinghouse.com"
      },
      "geometry": {
        "type": "Point",
        "coordinates": [
          106.7050701,
          10.7763608
        ]
      },
      "id": "node/6235238286"
    },
    {
      "type": "Feature",
      "properties": {
        "@id": "node/6235509186",
        "addr:housenumber": "27/6",
        "addr:street": "Nguyễn Bỉnh Khiêm",
        "amenity": "restaurant",
        "name:en": "Rehad café"
      },
      "geometry": {
        "type": "Point",
        "coordinates": [
          106.7027182,
          10.7890658
        ]
      },
      "id": "node/6235509186"
    },
    {
      "type": "Feature",
      "properties": {
        "@id": "node/6239864586",
        "addr:city": "Hồ Chí Minh",
        "addr:district": "2",
        "addr:housenumber": "479",
        "addr:street": "Nguyễn Thị Định",
        "addr:subdistrict": "Cát Lái",
        "amenity": "restaurant",
        "cuisine": "vietnamese",
        "diet:vegan": "yes",
        "diet:vegetarian": "only",
        "indoor_seating": "yes",
        "name": "Quán Cơm Chay Thanh Trai",
        "outdoor_seating": "no"
      },
      "geometry": {
        "type": "Point",
        "coordinates": [
          106.7640732,
          10.7784299
        ]
      },
      "id": "node/6239864586"
    },
    {
      "type": "Feature",
      "properties": {
        "@id": "node/6252354289",
        "amenity": "restaurant",
        "name": "Nhà Hàng Kim Hiển"
      },
      "geometry": {
        "type": "Point",
        "coordinates": [
          106.6958688,
          10.7922708
        ]
      },
      "id": "node/6252354289"
    },
    {
      "type": "Feature",
      "properties": {
        "@id": "node/6259592485",
        "addr:housenumber": "42",
        "addr:postcode": "70000",
        "addr:street": "Lý Tự Trọng",
        "amenity": "restaurant",
        "check_date": "2025-08-21",
        "contact:instagram": "https://www.instagram.com/pokesaigon",
        "cuisine": "poke;hawaiian",
        "internet_access": "wlan",
        "internet_access:fee": "customers",
        "level": "1",
        "name": "Nhà Hàng Poke Saigon",
        "opening_hours": "Mo-Fr 10:00-21:00",
        "payment:cards": "no",
        "payment:cash": "yes",
        "payment:credit_cards": "no",
        "payment:debit_cards": "no",
        "phone": "+84 902474388"
      },
      "geometry": {
        "type": "Point",
        "coordinates": [
          106.7000639,
          10.7772881
        ]
      },
      "id": "node/6259592485"
    },
    {
      "type": "Feature",
      "properties": {
        "@id": "node/6259606086",
        "addr:housenumber": "12-14",
        "addr:street": "Nguyễn Thiệp",
        "amenity": "restaurant",
        "name": "Nhà Hàng Secret Cottage Café Dining"
      },
      "geometry": {
        "type": "Point",
        "coordinates": [
          106.7033247,
          10.7752236
        ]
      },
      "id": "node/6259606086"
    },
    {
      "type": "Feature",
      "properties": {
        "@id": "node/6261162885",
        "amenity": "restaurant",
        "name": "Cơm Chay Thiên Ý"
      },
      "geometry": {
        "type": "Point",
        "coordinates": [
          106.6763068,
          10.7299304
        ]
      },
      "id": "node/6261162885"
    },
    {
      "type": "Feature",
      "properties": {
        "@id": "node/6276236486",
        "amenity": "restaurant",
        "name": "Quán Ăn Mì Quảng"
      },
      "geometry": {
        "type": "Point",
        "coordinates": [
          106.6989388,
          10.7891129
        ]
      },
      "id": "node/6276236486"
    },
    {
      "type": "Feature",
      "properties": {
        "@id": "node/6284329285",
        "amenity": "restaurant"
      },
      "geometry": {
        "type": "Point",
        "coordinates": [
          106.6647261,
          10.807514
        ]
      },
      "id": "node/6284329285"
    },
    {
      "type": "Feature",
      "properties": {
        "@id": "node/6300904389",
        "addr:housenumber": "91",
        "addr:street": "Hai Bà Trưng",
        "amenity": "restaurant",
        "check_date": "30-07-2025",
        "cuisine": "vietnamese",
        "internet_access": "wlan",
        "name": "Nhà Hàng Gánh",
        "opening_hours": "10:00-22:00"
      },
      "geometry": {
        "type": "Point",
        "coordinates": [
          106.7042485,
          10.7772353
        ]
      },
      "id": "node/6300904389"
    },
    {
      "type": "Feature",
      "properties": {
        "@id": "node/6308018236",
        "amenity": "restaurant",
        "name": "Phở Hùng"
      },
      "geometry": {
        "type": "Point",
        "coordinates": [
          106.6834375,
          10.768855
        ]
      },
      "id": "node/6308018236"
    },
    {
      "type": "Feature",
      "properties": {
        "@id": "node/6313521886",
        "addr:housenumber": "379",
        "addr:postcode": "700000",
        "addr:street": "Đường Vĩnh Viễn",
        "amenity": "restaurant",
        "cuisine": "vietnamese",
        "name": "Quán Ốc 379",
        "name:en": "Bistrol Snails.Clams.Crab 379",
        "name:vi": "Quán Ốc 379",
        "opening_hours": "Mo-Su 18:00-22:00",
        "phone": "+84933179139",
        "website": "https://quanoc379.business.site/"
      },
      "geometry": {
        "type": "Point",
        "coordinates": [
          106.6651827,
          10.7631075
        ]
      },
      "id": "node/6313521886"
    },
    {
      "type": "Feature",
      "properties": {
        "@id": "node/6315288826",
        "amenity": "restaurant",
        "name": "Nhà Hàng Halal Amin"
      },
      "geometry": {
        "type": "Point",
        "coordinates": [
          106.6968134,
          10.7716774
        ]
      },
      "id": "node/6315288826"
    },
    {
      "type": "Feature",
      "properties": {
        "@id": "node/6315351601",
        "amenity": "restaurant"
      },
      "geometry": {
        "type": "Point",
        "coordinates": [
          106.6921032,
          10.7713331
        ]
      },
      "id": "node/6315351601"
    },
    {
      "type": "Feature",
      "properties": {
        "@id": "node/6315352814",
        "amenity": "restaurant"
      },
      "geometry": {
        "type": "Point",
        "coordinates": [
          106.6991931,
          10.7738679
        ]
      },
      "id": "node/6315352814"
    },
    {
      "type": "Feature",
      "properties": {
        "@id": "node/6315352817",
        "addr:housenumber": "178",
        "addr:street": "Đường Pasteur",
        "amenity": "restaurant",
        "name:en": "Chiyoda Sushi"
      },
      "geometry": {
        "type": "Point",
        "coordinates": [
          106.6984734,
          10.7782374
        ]
      },
      "id": "node/6315352817"
    },
    {
      "type": "Feature",
      "properties": {
        "@id": "node/6315388812",
        "amenity": "restaurant",
        "name:en": "Shang Garden"
      },
      "geometry": {
        "type": "Point",
        "coordinates": [
          106.6890134,
          10.7692531
        ]
      },
      "id": "node/6315388812"
    },
    {
      "type": "Feature",
      "properties": {
        "@id": "node/6315388827",
        "amenity": "restaurant"
      },
      "geometry": {
        "type": "Point",
        "coordinates": [
          106.6965137,
          10.7658835
        ]
      },
      "id": "node/6315388827"
    },
    {
      "type": "Feature",
      "properties": {
        "@id": "node/6315388866",
        "addr:housenumber": "201",
        "amenity": "restaurant"
      },
      "geometry": {
        "type": "Point",
        "coordinates": [
          106.6880507,
          10.7660634
        ]
      },
      "id": "node/6315388866"
    },
    {
      "type": "Feature",
      "properties": {
        "@id": "node/6315388882",
        "addr:housenumber": "21",
        "addr:street": "Đường Cống Quỳnh",
        "amenity": "restaurant"
      },
      "geometry": {
        "type": "Point",
        "coordinates": [
          106.6904819,
          10.7635012
        ]
      },
      "id": "node/6315388882"
    },
    {
      "type": "Feature",
      "properties": {
        "@id": "node/6315390286",
        "amenity": "restaurant"
      },
      "geometry": {
        "type": "Point",
        "coordinates": [
          106.6685154,
          10.7801563
        ]
      },
      "id": "node/6315390286"
    },
    {
      "type": "Feature",
      "properties": {
        "@id": "node/6315390302",
        "amenity": "restaurant"
      },
      "geometry": {
        "type": "Point",
        "coordinates": [
          106.6904194,
          10.7634116
        ]
      },
      "id": "node/6315390302"
    },
    {
      "type": "Feature",
      "properties": {
        "@id": "node/6315390418",
        "amenity": "restaurant"
      },
      "geometry": {
        "type": "Point",
        "coordinates": [
          106.6951484,
          10.8077346
        ]
      },
      "id": "node/6315390418"
    },
    {
      "type": "Feature",
      "properties": {
        "@id": "node/6315390420",
        "amenity": "restaurant"
      },
      "geometry": {
        "type": "Point",
        "coordinates": [
          106.7005419,
          10.8189418
        ]
      },
      "id": "node/6315390420"
    },
    {
      "type": "Feature",
      "properties": {
        "@id": "node/6315390424",
        "amenity": "restaurant",
        "name:en": "Vegetarian"
      },
      "geometry": {
        "type": "Point",
        "coordinates": [
          106.7006442,
          10.8190219
        ]
      },
      "id": "node/6315390424"
    },
    {
      "type": "Feature",
      "properties": {
        "@id": "node/6315390427",
        "amenity": "restaurant"
      },
      "geometry": {
        "type": "Point",
        "coordinates": [
          106.6945446,
          10.7924115
        ]
      },
      "id": "node/6315390427"
    },
    {
      "type": "Feature",
      "properties": {
        "@id": "node/6315390434",
        "amenity": "restaurant",
        "name": "Pho Hien"
      },
      "geometry": {
        "type": "Point",
        "coordinates": [
          106.6873551,
          10.7641797
        ]
      },
      "id": "node/6315390434"
    },
    {
      "type": "Feature",
      "properties": {
        "@id": "node/6315390441",
        "amenity": "restaurant",
        "name:de": "Japanisch"
      },
      "geometry": {
        "type": "Point",
        "coordinates": [
          106.6904568,
          10.7627165
        ]
      },
      "id": "node/6315390441"
    },
    {
      "type": "Feature",
      "properties": {
        "@id": "node/6315390445",
        "amenity": "restaurant"
      },
      "geometry": {
        "type": "Point",
        "coordinates": [
          106.6906517,
          10.764041
        ]
      },
      "id": "node/6315390445"
    },
    {
      "type": "Feature",
      "properties": {
        "@id": "node/6315671609",
        "amenity": "restaurant",
        "name:en": "Street food"
      },
      "geometry": {
        "type": "Point",
        "coordinates": [
          106.688726,
          10.7679004
        ]
      },
      "id": "node/6315671609"
    },
    {
      "type": "Feature",
      "properties": {
        "@id": "node/6315671610",
        "amenity": "restaurant",
        "description": "1 dish menu, set of pork, rice, tofu, some meat and herbs. fish & soya saice",
        "name": "bún đậu cầu gõ"
      },
      "geometry": {
        "type": "Point",
        "coordinates": [
          106.6886656,
          10.7677691
        ]
      },
      "id": "node/6315671610"
    },
    {
      "type": "Feature",
      "properties": {
        "@id": "node/6315672422",
        "amenity": "restaurant"
      },
      "geometry": {
        "type": "Point",
        "coordinates": [
          106.6757972,
          10.758246
        ]
      },
      "id": "node/6315672422"
    },
    {
      "type": "Feature",
      "properties": {
        "@id": "node/6315672442",
        "amenity": "restaurant"
      },
      "geometry": {
        "type": "Point",
        "coordinates": [
          106.6829849,
          10.7608321
        ]
      },
      "id": "node/6315672442"
    },
    {
      "type": "Feature",
      "properties": {
        "@id": "node/6315672472",
        "amenity": "restaurant"
      },
      "geometry": {
        "type": "Point",
        "coordinates": [
          106.6992581,
          10.7882654
        ]
      },
      "id": "node/6315672472"
    },
    {
      "type": "Feature",
      "properties": {
        "@id": "node/6315672476",
        "amenity": "restaurant",
        "name": "The Gangs"
      },
      "geometry": {
        "type": "Point",
        "coordinates": [
          106.6976742,
          10.7865809
        ]
      },
      "id": "node/6315672476"
    },
    {
      "type": "Feature",
      "properties": {
        "@id": "node/6315672785",
        "amenity": "restaurant"
      },
      "geometry": {
        "type": "Point",
        "coordinates": [
          106.6946649,
          10.7658428
        ]
      },
      "id": "node/6315672785"
    },
    {
      "type": "Feature",
      "properties": {
        "@id": "node/6315672786",
        "amenity": "restaurant",
        "name:en": "Sushi"
      },
      "geometry": {
        "type": "Point",
        "coordinates": [
          106.6945983,
          10.7656312
        ]
      },
      "id": "node/6315672786"
    },
    {
      "type": "Feature",
      "properties": {
        "@id": "node/6315672796",
        "amenity": "restaurant",
        "name": "Quán Thịt Nướng Hàn Quốc"
      },
      "geometry": {
        "type": "Point",
        "coordinates": [
          106.6948596,
          10.7685768
        ]
      },
      "id": "node/6315672796"
    },
    {
      "type": "Feature",
      "properties": {
        "@id": "node/6315672798",
        "amenity": "restaurant",
        "name:en": "Street food"
      },
      "geometry": {
        "type": "Point",
        "coordinates": [
          106.6886435,
          10.7679478
        ]
      },
      "id": "node/6315672798"
    },
    {
      "type": "Feature",
      "properties": {
        "@id": "node/6315672819",
        "amenity": "restaurant"
      },
      "geometry": {
        "type": "Point",
        "coordinates": [
          106.6805301,
          10.7601716
        ]
      },
      "id": "node/6315672819"
    },
    {
      "type": "Feature",
      "properties": {
        "@id": "node/6315672824",
        "amenity": "restaurant"
      },
      "geometry": {
        "type": "Point",
        "coordinates": [
          106.6835291,
          10.7599937
        ]
      },
      "id": "node/6315672824"
    },
    {
      "type": "Feature",
      "properties": {
        "@id": "node/6315672836",
        "amenity": "restaurant"
      },
      "geometry": {
        "type": "Point",
        "coordinates": [
          106.6979738,
          10.786078
        ]
      },
      "id": "node/6315672836"
    },
    {
      "type": "Feature",
      "properties": {
        "@id": "node/6315672859",
        "amenity": "restaurant"
      },
      "geometry": {
        "type": "Point",
        "coordinates": [
          106.6850342,
          10.7730777
        ]
      },
      "id": "node/6315672859"
    },
    {
      "type": "Feature",
      "properties": {
        "@id": "node/6315672872",
        "amenity": "restaurant"
      },
      "geometry": {
        "type": "Point",
        "coordinates": [
          106.6644629,
          10.7745071
        ]
      },
      "id": "node/6315672872"
    },
    {
      "type": "Feature",
      "properties": {
        "@id": "node/6315672873",
        "amenity": "restaurant"
      },
      "geometry": {
        "type": "Point",
        "coordinates": [
          106.6640468,
          10.7750676
        ]
      },
      "id": "node/6315672873"
    },
    {
      "type": "Feature",
      "properties": {
        "@id": "node/6315672876",
        "amenity": "restaurant"
      },
      "geometry": {
        "type": "Point",
        "coordinates": [
          106.6635764,
          10.7762135
        ]
      },
      "id": "node/6315672876"
    },
    {
      "type": "Feature",
      "properties": {
        "@id": "node/6315672879",
        "addr:housenumber": "302A",
        "addr:street": "Tô Hiến Thành",
        "amenity": "restaurant",
        "name": "Làng Nướng Nam Bộ"
      },
      "geometry": {
        "type": "Point",
        "coordinates": [
          106.6637863,
          10.7767582
        ]
      },
      "id": "node/6315672879"
    },
    {
      "type": "Feature",
      "properties": {
        "@id": "node/6315672904",
        "amenity": "restaurant"
      },
      "geometry": {
        "type": "Point",
        "coordinates": [
          106.6961788,
          10.7675621
        ]
      },
      "id": "node/6315672904"
    },
    {
      "type": "Feature",
      "properties": {
        "@id": "node/6315672906",
        "amenity": "restaurant"
      },
      "geometry": {
        "type": "Point",
        "coordinates": [
          106.6956377,
          10.7655095
        ]
      },
      "id": "node/6315672906"
    },
    {
      "type": "Feature",
      "properties": {
        "@id": "node/6315672919",
        "amenity": "restaurant"
      },
      "geometry": {
        "type": "Point",
        "coordinates": [
          106.6643746,
          10.7774173
        ]
      },
      "id": "node/6315672919"
    },
    {
      "type": "Feature",
      "properties": {
        "@id": "node/6315672939",
        "amenity": "restaurant"
      },
      "geometry": {
        "type": "Point",
        "coordinates": [
          106.6780593,
          10.7901611
        ]
      },
      "id": "node/6315672939"
    },
    {
      "type": "Feature",
      "properties": {
        "@id": "node/6315673291",
        "amenity": "restaurant"
      },
      "geometry": {
        "type": "Point",
        "coordinates": [
          106.6962516,
          10.7676321
        ]
      },
      "id": "node/6315673291"
    },
    {
      "type": "Feature",
      "properties": {
        "@id": "node/6315673294",
        "amenity": "restaurant",
        "name:en": "Food stalls"
      },
      "geometry": {
        "type": "Point",
        "coordinates": [
          106.7014513,
          10.7818919
        ]
      },
      "id": "node/6315673294"
    },
    {
      "type": "Feature",
      "properties": {
        "@id": "node/6315673296",
        "amenity": "restaurant",
        "name:en": "Food stalls"
      },
      "geometry": {
        "type": "Point",
        "coordinates": [
          106.7004373,
          10.7717028
        ]
      },
      "id": "node/6315673296"
    },
    {
      "type": "Feature",
      "properties": {
        "@id": "node/6315673301",
        "addr:city": "Ho Chi Minh City",
        "addr:district": "Quận 1",
        "addr:housenumber": "205",
        "addr:postcode": "70000",
        "addr:province": "Thành phố Hồ Chí Minh",
        "addr:street": "Đường Calmette",
        "addr:subdistrict": "Phường Bến Thành",
        "amenity": "restaurant",
        "name": "Hai Nam Chicken Rice 海南雞飯",
        "name:zh": "海南"
      },
      "geometry": {
        "type": "Point",
        "coordinates": [
          106.6976699,
          10.7698472
        ]
      },
      "id": "node/6315673301"
    },
    {
      "type": "Feature",
      "properties": {
        "@id": "node/6315673305",
        "amenity": "restaurant"
      },
      "geometry": {
        "type": "Point",
        "coordinates": [
          106.6639331,
          10.7754378
        ]
      },
      "id": "node/6315673305"
    },
    {
      "type": "Feature",
      "properties": {
        "@id": "node/6315673310",
        "amenity": "restaurant"
      },
      "geometry": {
        "type": "Point",
        "coordinates": [
          106.6777446,
          10.7921058
        ]
      },
      "id": "node/6315673310"
    },
    {
      "type": "Feature",
      "properties": {
        "@id": "node/6315673312",
        "amenity": "restaurant"
      },
      "geometry": {
        "type": "Point",
        "coordinates": [
          106.6764474,
          10.7912203
        ]
      },
      "id": "node/6315673312"
    },
    {
      "type": "Feature",
      "properties": {
        "@id": "node/6315673315",
        "amenity": "restaurant"
      },
      "geometry": {
        "type": "Point",
        "coordinates": [
          106.6768874,
          10.791087
        ]
      },
      "id": "node/6315673315"
    },
    {
      "type": "Feature",
      "properties": {
        "@id": "node/6315676100",
        "amenity": "restaurant"
      },
      "geometry": {
        "type": "Point",
        "coordinates": [
          106.6637454,
          10.7759309
        ]
      },
      "id": "node/6315676100"
    },
    {
      "type": "Feature",
      "properties": {
        "@id": "node/6315679785",
        "amenity": "restaurant"
      },
      "geometry": {
        "type": "Point",
        "coordinates": [
          106.6990233,
          10.7851178
        ]
      },
      "id": "node/6315679785"
    },
    {
      "type": "Feature",
      "properties": {
        "@id": "node/6315680989",
        "amenity": "restaurant"
      },
      "geometry": {
        "type": "Point",
        "coordinates": [
          106.6821444,
          10.7853571
        ]
      },
      "id": "node/6315680989"
    },
    {
      "type": "Feature",
      "properties": {
        "@id": "node/6315681000",
        "amenity": "restaurant"
      },
      "geometry": {
        "type": "Point",
        "coordinates": [
          106.6853873,
          10.7601551
        ]
      },
      "id": "node/6315681000"
    },
    {
      "type": "Feature",
      "properties": {
        "@id": "node/6315683496",
        "amenity": "restaurant"
      },
      "geometry": {
        "type": "Point",
        "coordinates": [
          106.6911895,
          10.7725424
        ]
      },
      "id": "node/6315683496"
    },
    {
      "type": "Feature",
      "properties": {
        "@id": "node/6315685093",
        "amenity": "restaurant"
      },
      "geometry": {
        "type": "Point",
        "coordinates": [
          106.6791775,
          10.7870206
        ]
      },
      "id": "node/6315685093"
    },
    {
      "type": "Feature",
      "properties": {
        "@id": "node/6315685100",
        "amenity": "restaurant"
      },
      "geometry": {
        "type": "Point",
        "coordinates": [
          106.6854439,
          10.7837564
        ]
      },
      "id": "node/6315685100"
    },
    {
      "type": "Feature",
      "properties": {
        "@id": "node/6315685101",
        "amenity": "restaurant"
      },
      "geometry": {
        "type": "Point",
        "coordinates": [
          106.6878379,
          10.781989
        ]
      },
      "id": "node/6315685101"
    },
    {
      "type": "Feature",
      "properties": {
        "@id": "node/6315685102",
        "amenity": "restaurant",
        "name": "Chang Thai Cafe & Bistro"
      },
      "geometry": {
        "type": "Point",
        "coordinates": [
          106.6899191,
          10.7800964
        ]
      },
      "id": "node/6315685102"
    },
    {
      "type": "Feature",
      "properties": {
        "@id": "node/6315685104",
        "amenity": "restaurant",
        "name": "Nhà Hàng Cơm Quê Mười Khó"
      },
      "geometry": {
        "type": "Point",
        "coordinates": [
          106.6909072,
          10.7788584
        ]
      },
      "id": "node/6315685104"
    },
    {
      "type": "Feature",
      "properties": {
        "@id": "node/6315685196",
        "amenity": "restaurant",
        "name": "Nhà Hàng Marukame Udon & Tempura"
      },
      "geometry": {
        "type": "Point",
        "coordinates": [
          106.6956522,
          10.7728885
        ]
      },
      "id": "node/6315685196"
    },
    {
      "type": "Feature",
      "properties": {
        "@id": "node/6315685201",
        "amenity": "restaurant"
      },
      "geometry": {
        "type": "Point",
        "coordinates": [
          106.694572,
          10.7602416
        ]
      },
      "id": "node/6315685201"
    },
    {
      "type": "Feature",
      "properties": {
        "@id": "node/6315685286",
        "amenity": "restaurant"
      },
      "geometry": {
        "type": "Point",
        "coordinates": [
          106.6795605,
          10.786282
        ]
      },
      "id": "node/6315685286"
    },
    {
      "type": "Feature",
      "properties": {
        "@id": "node/6315685287",
        "amenity": "restaurant"
      },
      "geometry": {
        "type": "Point",
        "coordinates": [
          106.6806545,
          10.7861555
        ]
      },
      "id": "node/6315685287"
    },
    {
      "type": "Feature",
      "properties": {
        "@id": "node/6315685288",
        "amenity": "restaurant"
      },
      "geometry": {
        "type": "Point",
        "coordinates": [
          106.6820924,
          10.7853885
        ]
      },
      "id": "node/6315685288"
    },
    {
      "type": "Feature",
      "properties": {
        "@id": "node/6315685388",
        "amenity": "restaurant"
      },
      "geometry": {
        "type": "Point",
        "coordinates": [
          106.6786287,
          10.7873281
        ]
      },
      "id": "node/6315685388"
    },
    {
      "type": "Feature",
      "properties": {
        "@id": "node/6315685390",
        "amenity": "restaurant"
      },
      "geometry": {
        "type": "Point",
        "coordinates": [
          106.6807471,
          10.7860952
        ]
      },
      "id": "node/6315685390"
    },
    {
      "type": "Feature",
      "properties": {
        "@id": "node/6315685393",
        "amenity": "restaurant",
        "name:en": "Saigon Pho"
      },
      "geometry": {
        "type": "Point",
        "coordinates": [
          106.6850717,
          10.7839643
        ]
      },
      "id": "node/6315685393"
    },
    {
      "type": "Feature",
      "properties": {
        "@id": "node/6315685997",
        "amenity": "restaurant",
        "name:en": "Saigon special"
      },
      "geometry": {
        "type": "Point",
        "coordinates": [
          106.7045734,
          10.7703986
        ]
      },
      "id": "node/6315685997"
    },
    {
      "type": "Feature",
      "properties": {
        "@id": "node/6315686006",
        "amenity": "restaurant"
      },
      "geometry": {
        "type": "Point",
        "coordinates": [
          106.681182,
          10.7646323
        ]
      },
      "id": "node/6315686006"
    },
    {
      "type": "Feature",
      "properties": {
        "@id": "node/6315686187",
        "amenity": "restaurant"
      },
      "geometry": {
        "type": "Point",
        "coordinates": [
          106.6859804,
          10.7833608
        ]
      },
      "id": "node/6315686187"
    },
    {
      "type": "Feature",
      "properties": {
        "@id": "node/6315686297",
        "amenity": "restaurant"
      },
      "geometry": {
        "type": "Point",
        "coordinates": [
          106.6915028,
          10.7621137
        ]
      },
      "id": "node/6315686297"
    },
    {
      "type": "Feature",
      "properties": {
        "@id": "node/6315686299",
        "amenity": "restaurant"
      },
      "geometry": {
        "type": "Point",
        "coordinates": [
          106.6896774,
          10.7660174
        ]
      },
      "id": "node/6315686299"
    },
    {
      "type": "Feature",
      "properties": {
        "@id": "node/6315686508",
        "amenity": "restaurant"
      },
      "geometry": {
        "type": "Point",
        "coordinates": [
          106.6975829,
          10.7680207
        ]
      },
      "id": "node/6315686508"
    },
    {
      "type": "Feature",
      "properties": {
        "@id": "node/6315686586",
        "amenity": "restaurant"
      },
      "geometry": {
        "type": "Point",
        "coordinates": [
          106.690911,
          10.7765889
        ]
      },
      "id": "node/6315686586"
    },
    {
      "type": "Feature",
      "properties": {
        "@id": "node/6315686587",
        "amenity": "restaurant"
      },
      "geometry": {
        "type": "Point",
        "coordinates": [
          106.6916727,
          10.7622173
        ]
      },
      "id": "node/6315686587"
    },
    {
      "type": "Feature",
      "properties": {
        "@id": "node/6315686592",
        "amenity": "restaurant"
      },
      "geometry": {
        "type": "Point",
        "coordinates": [
          106.6798801,
          10.7637338
        ]
      },
      "id": "node/6315686592"
    },
    {
      "type": "Feature",
      "properties": {
        "@id": "node/6315686593",
        "amenity": "restaurant",
        "name:en": "Mr. Bistek"
      },
      "geometry": {
        "type": "Point",
        "coordinates": [
          106.6806499,
          10.7642055
        ]
      },
      "id": "node/6315686593"
    },
    {
      "type": "Feature",
      "properties": {
        "@id": "node/6315686594",
        "amenity": "restaurant"
      },
      "geometry": {
        "type": "Point",
        "coordinates": [
          106.6814154,
          10.7649218
        ]
      },
      "id": "node/6315686594"
    },
    {
      "type": "Feature",
      "properties": {
        "@id": "node/6315686596",
        "amenity": "restaurant"
      },
      "geometry": {
        "type": "Point",
        "coordinates": [
          106.6855945,
          10.7677446
        ]
      },
      "id": "node/6315686596"
    },
    {
      "type": "Feature",
      "properties": {
        "@id": "node/6315686601",
        "amenity": "restaurant"
      },
      "geometry": {
        "type": "Point",
        "coordinates": [
          106.6673787,
          10.797186
        ]
      },
      "id": "node/6315686601"
    },
    {
      "type": "Feature",
      "properties": {
        "@id": "node/6315686602",
        "amenity": "restaurant"
      },
      "geometry": {
        "type": "Point",
        "coordinates": [
          106.6669889,
          10.7951655
        ]
      },
      "id": "node/6315686602"
    },
    {
      "type": "Feature",
      "properties": {
        "@id": "node/6315686788",
        "amenity": "restaurant"
      },
      "geometry": {
        "type": "Point",
        "coordinates": [
          106.6889455,
          10.7806901
        ]
      },
      "id": "node/6315686788"
    },
    {
      "type": "Feature",
      "properties": {
        "@id": "node/6315686790",
        "amenity": "restaurant"
      },
      "geometry": {
        "type": "Point",
        "coordinates": [
          106.6961272,
          10.7618253
        ]
      },
      "id": "node/6315686790"
    },
    {
      "type": "Feature",
      "properties": {
        "@id": "node/6315686791",
        "amenity": "restaurant"
      },
      "geometry": {
        "type": "Point",
        "coordinates": [
          106.6928187,
          10.7608941
        ]
      },
      "id": "node/6315686791"
    },
    {
      "type": "Feature",
      "properties": {
        "@id": "node/6315686793",
        "amenity": "restaurant"
      },
      "geometry": {
        "type": "Point",
        "coordinates": [
          106.6919323,
          10.7616083
        ]
      },
      "id": "node/6315686793"
    },
    {
      "type": "Feature",
      "properties": {
        "@id": "node/6315686794",
        "amenity": "restaurant"
      },
      "geometry": {
        "type": "Point",
        "coordinates": [
          106.6913057,
          10.7623938
        ]
      },
      "id": "node/6315686794"
    },
    {
      "type": "Feature",
      "properties": {
        "@id": "node/6315686990",
        "amenity": "restaurant"
      },
      "geometry": {
        "type": "Point",
        "coordinates": [
          106.6910064,
          10.7765251
        ]
      },
      "id": "node/6315686990"
    },
    {
      "type": "Feature",
      "properties": {
        "@id": "node/6315686995",
        "amenity": "restaurant"
      },
      "geometry": {
        "type": "Point",
        "coordinates": [
          106.6927133,
          10.7609983
        ]
      },
      "id": "node/6315686995"
    },
    {
      "type": "Feature",
      "properties": {
        "@id": "node/6315686997",
        "amenity": "restaurant"
      },
      "geometry": {
        "type": "Point",
        "coordinates": [
          106.6915501,
          10.7622896
        ]
      },
      "id": "node/6315686997"
    },
    {
      "type": "Feature",
      "properties": {
        "@id": "node/6315687004",
        "amenity": "restaurant"
      },
      "geometry": {
        "type": "Point",
        "coordinates": [
          106.6759838,
          10.7619676
        ]
      },
      "id": "node/6315687004"
    },
    {
      "type": "Feature",
      "properties": {
        "@id": "node/6315687013",
        "amenity": "restaurant"
      },
      "geometry": {
        "type": "Point",
        "coordinates": [
          106.6812865,
          10.7647423
        ]
      },
      "id": "node/6315687013"
    },
    {
      "type": "Feature",
      "properties": {
        "@id": "node/6315687014",
        "amenity": "restaurant",
        "name": "Nhà Hàng Phúc An Khang"
      },
      "geometry": {
        "type": "Point",
        "coordinates": [
          106.6820352,
          10.7653975
        ]
      },
      "id": "node/6315687014"
    },
    {
      "type": "Feature",
      "properties": {
        "@id": "node/6315687793",
        "addr:housenumber": "5",
        "addr:street": "Đường Nguyễn Chí Thanh",
        "air_conditioning": "yes",
        "amenity": "restaurant",
        "check_date": "2025-05-29",
        "cuisine": "vietnamese",
        "diet:gluten_free": "yes",
        "diet:vegan": "yes",
        "diet:vegetarian": "only",
        "indoor_seating": "yes",
        "name": "Buddha Chay",
        "outdoor_seating": "no",
        "phone": "+84888303000",
        "smoking": "no",
        "wheelchair": "no"
      },
      "geometry": {
        "type": "Point",
        "coordinates": [
          106.6730074,
          10.7606123
        ]
      },
      "id": "node/6315687793"
    },
    {
      "type": "Feature",
      "properties": {
        "@id": "node/6315687802",
        "amenity": "restaurant"
      },
      "geometry": {
        "type": "Point",
        "coordinates": [
          106.6675831,
          10.7917884
        ]
      },
      "id": "node/6315687802"
    },
    {
      "type": "Feature",
      "properties": {
        "@id": "node/6315687819",
        "amenity": "restaurant",
        "name": "Nhà Hàng - Không Thể Thiếu Nhau"
      },
      "geometry": {
        "type": "Point",
        "coordinates": [
          106.6979588,
          10.7770498
        ]
      },
      "id": "node/6315687819"
    },
    {
      "type": "Feature",
      "properties": {
        "@id": "node/6315687997",
        "amenity": "restaurant"
      },
      "geometry": {
        "type": "Point",
        "coordinates": [
          106.6675659,
          10.7989975
        ]
      },
      "id": "node/6315687997"
    },
    {
      "type": "Feature",
      "properties": {
        "@id": "node/6315688001",
        "amenity": "restaurant"
      },
      "geometry": {
        "type": "Point",
        "coordinates": [
          106.6670086,
          10.7950264
        ]
      },
      "id": "node/6315688001"
    },
    {
      "type": "Feature",
      "properties": {
        "@id": "node/6315688285",
        "amenity": "restaurant",
        "name:en": "King of Crab"
      },
      "geometry": {
        "type": "Point",
        "coordinates": [
          106.6942514,
          10.7600321
        ]
      },
      "id": "node/6315688285"
    },
    {
      "type": "Feature",
      "properties": {
        "@id": "node/6315688485",
        "amenity": "restaurant"
      },
      "geometry": {
        "type": "Point",
        "coordinates": [
          106.6937914,
          10.7599351
        ]
      },
      "id": "node/6315688485"
    },
    {
      "type": "Feature",
      "properties": {
        "@id": "node/6315688487",
        "amenity": "restaurant",
        "name": "Co Hoa"
      },
      "geometry": {
        "type": "Point",
        "coordinates": [
          106.6714475,
          10.7588745
        ]
      },
      "id": "node/6315688487"
    },
    {
      "type": "Feature",
      "properties": {
        "@id": "node/6315688595",
        "amenity": "restaurant"
      },
      "geometry": {
        "type": "Point",
        "coordinates": [
          106.6825433,
          10.7664547
        ]
      },
      "id": "node/6315688595"
    },
    {
      "type": "Feature",
      "properties": {
        "@id": "node/6315688891",
        "amenity": "restaurant",
        "name": "Nhà hàng 241"
      },
      "geometry": {
        "type": "Point",
        "coordinates": [
          106.6839392,
          10.7668464
        ]
      },
      "id": "node/6315688891"
    },
    {
      "type": "Feature",
      "properties": {
        "@id": "node/6315689089",
        "addr:housenumber": "176",
        "addr:street": "Đặng Văn Ngữ",
        "amenity": "restaurant",
        "name": "Cá Viên Chiên 176"
      },
      "geometry": {
        "type": "Point",
        "coordinates": [
          106.6669301,
          10.7911552
        ]
      },
      "id": "node/6315689089"
    },
    {
      "type": "Feature",
      "properties": {
        "@id": "node/6315689093",
        "amenity": "restaurant",
        "name:en": "The drunken pot"
      },
      "geometry": {
        "type": "Point",
        "coordinates": [
          106.6960287,
          10.7712574
        ]
      },
      "id": "node/6315689093"
    },
    {
      "type": "Feature",
      "properties": {
        "@id": "node/6315690586",
        "amenity": "restaurant"
      },
      "geometry": {
        "type": "Point",
        "coordinates": [
          106.683554,
          10.7668202
        ]
      },
      "id": "node/6315690586"
    },
    {
      "type": "Feature",
      "properties": {
        "@id": "node/6315690595",
        "amenity": "restaurant",
        "name:en": "Sushi"
      },
      "geometry": {
        "type": "Point",
        "coordinates": [
          106.6748476,
          10.76785
        ]
      },
      "id": "node/6315690595"
    },
    {
      "type": "Feature",
      "properties": {
        "@id": "node/6315691987",
        "amenity": "restaurant"
      },
      "geometry": {
        "type": "Point",
        "coordinates": [
          106.667059,
          10.7951425
        ]
      },
      "id": "node/6315691987"
    },
    {
      "type": "Feature",
      "properties": {
        "@id": "node/6315698885",
        "amenity": "restaurant",
        "name:en": "Vegdys"
      },
      "geometry": {
        "type": "Point",
        "coordinates": [
          106.6961696,
          10.7712554
        ]
      },
      "id": "node/6315698885"
    },
    {
      "type": "Feature",
      "properties": {
        "@id": "node/6318161303",
        "amenity": "restaurant",
        "name:en": "Kissho"
      },
      "geometry": {
        "type": "Point",
        "coordinates": [
          106.7050353,
          10.7732264
        ]
      },
      "id": "node/6318161303"
    },
    {
      "type": "Feature",
      "properties": {
        "@id": "node/6318161304",
        "amenity": "restaurant",
        "name:en": "Hem12"
      },
      "geometry": {
        "type": "Point",
        "coordinates": [
          106.7053767,
          10.7729151
        ]
      },
      "id": "node/6318161304"
    },
    {
      "type": "Feature",
      "properties": {
        "@id": "node/6318161306",
        "amenity": "restaurant",
        "name:en": "Mon"
      },
      "geometry": {
        "type": "Point",
        "coordinates": [
          106.7051257,
          10.7715565
        ]
      },
      "id": "node/6318161306"
    },
    {
      "type": "Feature",
      "properties": {
        "@id": "node/6318167688",
        "amenity": "restaurant"
      },
      "geometry": {
        "type": "Point",
        "coordinates": [
          106.7054509,
          10.7716209
        ]
      },
      "id": "node/6318167688"
    },
    {
      "type": "Feature",
      "properties": {
        "@id": "node/6319115311",
        "amenity": "restaurant",
        "name": "Khè - Food Garden"
      },
      "geometry": {
        "type": "Point",
        "coordinates": [
          106.6882248,
          10.7675628
        ]
      },
      "id": "node/6319115311"
    },
    {
      "type": "Feature",
      "properties": {
        "@id": "node/6319115314",
        "amenity": "restaurant"
      },
      "geometry": {
        "type": "Point",
        "coordinates": [
          106.6880225,
          10.7678387
        ]
      },
      "id": "node/6319115314"
    },
    {
      "type": "Feature",
      "properties": {
        "@id": "node/6319115321",
        "amenity": "restaurant"
      },
      "geometry": {
        "type": "Point",
        "coordinates": [
          106.687439,
          10.7681728
        ]
      },
      "id": "node/6319115321"
    },
    {
      "type": "Feature",
      "properties": {
        "@id": "node/6319115333",
        "amenity": "restaurant"
      },
      "geometry": {
        "type": "Point",
        "coordinates": [
          106.6866835,
          10.7681358
        ]
      },
      "id": "node/6319115333"
    },
    {
      "type": "Feature",
      "properties": {
        "@id": "node/6319115342",
        "amenity": "restaurant"
      },
      "geometry": {
        "type": "Point",
        "coordinates": [
          106.6980757,
          10.7685468
        ]
      },
      "id": "node/6319115342"
    },
    {
      "type": "Feature",
      "properties": {
        "@id": "node/6319115344",
        "amenity": "restaurant",
        "name:en": "Secret house"
      },
      "geometry": {
        "type": "Point",
        "coordinates": [
          106.6978882,
          10.7687406
        ]
      },
      "id": "node/6319115344"
    },
    {
      "type": "Feature",
      "properties": {
        "@id": "node/6319115349",
        "amenity": "restaurant"
      },
      "geometry": {
        "type": "Point",
        "coordinates": [
          106.6932832,
          10.7653259
        ]
      },
      "id": "node/6319115349"
    },
    {
      "type": "Feature",
      "properties": {
        "@id": "node/6328934385",
        "amenity": "restaurant",
        "cuisine": "vietnamese",
        "internet_access": "wlan",
        "name": "Quán Bụi",
        "name:en": "traditional Vietnamese dining",
        "name:ru": "Вьетнамский Ресторан"
      },
      "geometry": {
        "type": "Point",
        "coordinates": [
          106.702824,
          10.7852403
        ]
      },
      "id": "node/6328934385"
    },
    {
      "type": "Feature",
      "properties": {
        "@id": "node/6339272285",
        "amenity": "restaurant"
      },
      "geometry": {
        "type": "Point",
        "coordinates": [
          106.7049639,
          10.7717156
        ]
      },
      "id": "node/6339272285"
    },
    {
      "type": "Feature",
      "properties": {
        "@id": "node/6341024086",
        "addr:housenumber": "8",
        "addr:street": "Thủ Khoa Huân",
        "amenity": "restaurant",
        "cuisine": "italian;japanese",
        "internet_access": "wlan",
        "name": "Cửa Hàng Pizza 4P's",
        "name:en": "Pizza 4P’s Ben Thanh",
        "opening_hours": "Mo-Sa 10:00-02:00; Su 10:00-23:00",
        "phone": "+842836220500",
        "website": "https://pizza4ps.com/"
      },
      "geometry": {
        "type": "Point",
        "coordinates": [
          106.6976926,
          10.7734232
        ]
      },
      "id": "node/6341024086"
    },
    {
      "type": "Feature",
      "properties": {
        "@id": "node/6342504985",
        "amenity": "restaurant",
        "name": "Nhà Hàng Italiani Homemade Pizza"
      },
      "geometry": {
        "type": "Point",
        "coordinates": [
          106.6934199,
          10.7714995
        ]
      },
      "id": "node/6342504985"
    },
    {
      "type": "Feature",
      "properties": {
        "@id": "node/6345357685",
        "addr:housenumber": "151",
        "addr:street": "Hai Bà Trưng",
        "amenity": "restaurant",
        "cuisine": "italian;pizza;japanese",
        "internet_access": "wlan",
        "name:en": "Pizza 4P’s Hai Ba Trung",
        "opening_hours": "Mo-Su 10:00-23:00",
        "phone": "02836220500",
        "website": "https://pizza4ps.com"
      },
      "geometry": {
        "type": "Point",
        "coordinates": [
          106.6971985,
          10.7833039
        ]
      },
      "id": "node/6345357685"
    },
    {
      "type": "Feature",
      "properties": {
        "@id": "node/6345475485",
        "addr:housenumber": "136/11",
        "addr:street": "Đường Lê Thánh Tôn",
        "amenity": "restaurant",
        "check_date": "2025-11-15",
        "name:fr": "Cocotte"
      },
      "geometry": {
        "type": "Point",
        "coordinates": [
          106.6980978,
          10.7738501
        ]
      },
      "id": "node/6345475485"
    },
    {
      "type": "Feature",
      "properties": {
        "@id": "node/6346506385",
        "addr:housenumber": "đường 182",
        "addr:street": "Đường Lã Xuân Oai",
        "amenity": "restaurant",
        "name": "Nhà Hàng Quán Lúa",
        "name:fr": "Lua"
      },
      "geometry": {
        "type": "Point",
        "coordinates": [
          106.7921997,
          10.835612
        ]
      },
      "id": "node/6346506385"
    },
    {
      "type": "Feature",
      "properties": {
        "@id": "node/6351529885",
        "amenity": "restaurant",
        "name:en": "Pizza 4p‘s"
      },
      "geometry": {
        "type": "Point",
        "coordinates": [
          106.6976776,
          10.7732816
        ]
      },
      "id": "node/6351529885"
    },
    {
      "type": "Feature",
      "properties": {
        "@id": "node/6372334486",
        "addr:housenumber": "4",
        "addr:postcode": "700000",
        "addr:street": "Hẻm 233 Nguyễn Trãi",
        "amenity": "restaurant",
        "cuisine": "vietnamese",
        "internet_access": "wlan",
        "name": "Nem Nướng Oanh Vy",
        "opening_hours": "Mo-Su 10:00-22:00",
        "phone": "+84 90 918 74 16"
      },
      "geometry": {
        "type": "Point",
        "coordinates": [
          106.6877956,
          10.7646006
        ]
      },
      "id": "node/6372334486"
    },
    {
      "type": "Feature",
      "properties": {
        "@id": "node/6388617835",
        "amenity": "restaurant",
        "name": "Quán 003"
      },
      "geometry": {
        "type": "Point",
        "coordinates": [
          106.6919486,
          10.7548497
        ]
      },
      "id": "node/6388617835"
    },
    {
      "type": "Feature",
      "properties": {
        "@id": "node/6388617994",
        "amenity": "restaurant",
        "name": "Hải sản Thiên Ngọc;Bún đậu Phố Cổ"
      },
      "geometry": {
        "type": "Point",
        "coordinates": [
          106.6919352,
          10.755042
        ]
      },
      "id": "node/6388617994"
    },
    {
      "type": "Feature",
      "properties": {
        "@id": "node/6404031187",
        "amenity": "restaurant",
        "name:en": "Alsham restaurant"
      },
      "geometry": {
        "type": "Point",
        "coordinates": [
          106.6963927,
          10.7621125
        ]
      },
      "id": "node/6404031187"
    },
    {
      "type": "Feature",
      "properties": {
        "@id": "node/6417909889",
        "amenity": "restaurant",
        "internet_access": "wlan",
        "name:en": "The Other Place"
      },
      "geometry": {
        "type": "Point",
        "coordinates": [
          106.7032848,
          10.7720039
        ]
      },
      "id": "node/6417909889"
    },
    {
      "type": "Feature",
      "properties": {
        "@id": "node/6440607785",
        "addr:street": "Gò Dầu",
        "amenity": "restaurant",
        "name": "Quán Chính ký Mì Gia"
      },
      "geometry": {
        "type": "Point",
        "coordinates": [
          106.6282175,
          10.7955927
        ]
      },
      "id": "node/6440607785"
    },
    {
      "type": "Feature",
      "properties": {
        "@id": "node/6482078686",
        "amenity": "restaurant",
        "name:en": "great local spot"
      },
      "geometry": {
        "type": "Point",
        "coordinates": [
          106.6831486,
          10.7852475
        ]
      },
      "id": "node/6482078686"
    },
    {
      "type": "Feature",
      "properties": {
        "@id": "node/6512253808",
        "amenity": "restaurant",
        "name": "Nhà Hàng Hoa Viên Brauhaus",
        "name:en": "Hoa Vien Brauhaus"
      },
      "geometry": {
        "type": "Point",
        "coordinates": [
          106.6991774,
          10.7859602
        ]
      },
      "id": "node/6512253808"
    },
    {
      "type": "Feature",
      "properties": {
        "@id": "node/6512253809",
        "amenity": "restaurant",
        "name:en": "Pho Thanh Binh"
      },
      "geometry": {
        "type": "Point",
        "coordinates": [
          106.7002136,
          10.785328
        ]
      },
      "id": "node/6512253809"
    },
    {
      "type": "Feature",
      "properties": {
        "@id": "node/6515032409",
        "addr:city": "Hồ Chí Minh",
        "addr:district": "2",
        "addr:housenumber": "709",
        "addr:street": "Nguyễn Thị Định",
        "addr:subdistrict": "Cát Lái",
        "amenity": "restaurant",
        "name": "Nhà Hàng Tiệc Cưới Minh Anh"
      },
      "geometry": {
        "type": "Point",
        "coordinates": [
          106.7701975,
          10.7739075
        ]
      },
      "id": "node/6515032409"
    },
    {
      "type": "Feature",
      "properties": {
        "@id": "node/6520653292",
        "addr:housenumber": "86E",
        "addr:street": "Song Hành",
        "amenity": "restaurant",
        "cuisine": "vietnamese;grill",
        "name": "Nhà Hàng Bo Tơ Hồng Đào"
      },
      "geometry": {
        "type": "Point",
        "coordinates": [
          106.7450753,
          10.8014323
        ]
      },
      "id": "node/6520653292"
    },
    {
      "type": "Feature",
      "properties": {
        "@id": "node/6520653685",
        "addr:housenumber": "512",
        "addr:street": "Đường Nguyễn Thị Minh Khai",
        "amenity": "restaurant",
        "cuisine": "vietnamese;seafood",
        "name": "Nhà Hàng Út Cà Mau"
      },
      "geometry": {
        "type": "Point",
        "coordinates": [
          106.6823741,
          10.7659641
        ]
      },
      "id": "node/6520653685"
    },
    {
      "type": "Feature",
      "properties": {
        "@id": "node/6520653689",
        "amenity": "restaurant",
        "name": "Nhà Hàng Vườn Biển"
      },
      "geometry": {
        "type": "Point",
        "coordinates": [
          106.6874827,
          10.7823951
        ]
      },
      "id": "node/6520653689"
    },
    {
      "type": "Feature",
      "properties": {
        "@id": "node/6520653690",
        "addr:housenumber": "179A",
        "addr:street": "Đường 3 Tháng 2",
        "amenity": "restaurant",
        "name": "Bánh Cuốn Thiên Hương"
      },
      "geometry": {
        "type": "Point",
        "coordinates": [
          106.6753279,
          10.7722006
        ]
      },
      "id": "node/6520653690"
    },
    {
      "type": "Feature",
      "properties": {
        "@id": "node/6520653697",
        "addr:housenumber": "10AB",
        "addr:street": "Thái Văn Lung",
        "amenity": "restaurant",
        "cuisine": "steak_house;brazilian",
        "name": "Nhà Hàng RIO"
      },
      "geometry": {
        "type": "Point",
        "coordinates": [
          106.7041192,
          10.7797521
        ]
      },
      "id": "node/6520653697"
    },
    {
      "type": "Feature",
      "properties": {
        "@id": "node/6520653701",
        "addr:housenumber": "513/28-30",
        "addr:street": "Gia Phú",
        "amenity": "restaurant",
        "cuisine": "chinese",
        "name": "Quán Ăn Gia Phú"
      },
      "geometry": {
        "type": "Point",
        "coordinates": [
          106.646506,
          10.7427986
        ]
      },
      "id": "node/6520653701"
    },
    {
      "type": "Feature",
      "properties": {
        "@id": "node/6520653710",
        "amenity": "restaurant",
        "cuisine": "asian",
        "name": "Quán Thiên Thiên Sủi Cảo"
      },
      "geometry": {
        "type": "Point",
        "coordinates": [
          106.6526298,
          10.7581063
        ]
      },
      "id": "node/6520653710"
    },
    {
      "type": "Feature",
      "properties": {
        "@id": "node/6520661987",
        "addr:housenumber": "106",
        "addr:street": "Cao Thắng",
        "amenity": "restaurant",
        "name": "Nhà Hàng Ba Con Cừu"
      },
      "geometry": {
        "type": "Point",
        "coordinates": [
          106.6794545,
          10.7724078
        ]
      },
      "id": "node/6520661987"
    },
    {
      "type": "Feature",
      "properties": {
        "@id": "node/6520661989",
        "addr:housenumber": "624",
        "addr:street": "Đường Lạc Long Quân",
        "amenity": "restaurant",
        "cuisine": "vietnamese;seafood",
        "name": "Nhà Hàng Sky Garden BBQ"
      },
      "geometry": {
        "type": "Point",
        "coordinates": [
          106.6479596,
          10.7739421
        ]
      },
      "id": "node/6520661989"
    },
    {
      "type": "Feature",
      "properties": {
        "@id": "node/6520661990",
        "amenity": "restaurant",
        "cuisine": "chinese"
      },
      "geometry": {
        "type": "Point",
        "coordinates": [
          106.6741393,
          10.7573619
        ]
      },
      "id": "node/6520661990"
    },
    {
      "type": "Feature",
      "properties": {
        "@id": "node/6520661991",
        "addr:street": "Hẻm 433 Lê Đại Hành",
        "amenity": "restaurant",
        "cuisine": "seafood;grill",
        "name": "Nhà Hàng Hai Lùn"
      },
      "geometry": {
        "type": "Point",
        "coordinates": [
          106.65255,
          10.7677103
        ]
      },
      "id": "node/6520661991"
    },
    {
      "type": "Feature",
      "properties": {
        "@id": "node/6520661998",
        "addr:housenumber": "132",
        "addr:street": "Đường Calmette",
        "amenity": "restaurant",
        "cuisine": "burger",
        "name:en": "Marcel",
        "opening_hours": "Tu-Su 12:00-22:00"
      },
      "geometry": {
        "type": "Point",
        "coordinates": [
          106.6985113,
          10.7689437
        ]
      },
      "id": "node/6520661998"
    },
    {
      "type": "Feature",
      "properties": {
        "@id": "node/6520666986",
        "amenity": "restaurant",
        "cuisine": "japanese",
        "name": "Sushi Hokkaido Sachi - Nguyễn Đình Chiểu"
      },
      "geometry": {
        "type": "Point",
        "coordinates": [
          106.6916709,
          10.7803652
        ]
      },
      "id": "node/6520666986"
    },
    {
      "type": "Feature",
      "properties": {
        "@id": "node/6520666989",
        "addr:housenumber": "117",
        "addr:street": "Nguyễn Ðình Chiểu",
        "amenity": "restaurant",
        "cuisine": "malaysian",
        "name": "Nhà Hàng Founder Bak Kut Teh"
      },
      "geometry": {
        "type": "Point",
        "coordinates": [
          106.6896614,
          10.7779146
        ]
      },
      "id": "node/6520666989"
    },
    {
      "type": "Feature",
      "properties": {
        "@id": "node/6534620920",
        "amenity": "restaurant",
        "name": "Nhà Hàng Shamoji"
      },
      "geometry": {
        "type": "Point",
        "coordinates": [
          106.7026895,
          10.7745701
        ]
      },
      "id": "node/6534620920"
    },
    {
      "type": "Feature",
      "properties": {
        "@id": "node/6549014888",
        "addr:housenumber": "48/01",
        "addr:postcode": "700000",
        "addr:street": "Xuân Thuỷ",
        "amenity": "restaurant",
        "name": "Cửa Hàng Pizza 4P's",
        "name:en": "Pizza 4P's",
        "name:fr": "Pizza 4P's",
        "name:vi": "Pizza 4P's",
        "opening_hours": "Mo-Su 10:00-22:30",
        "phone": "+84 28 3622 0500",
        "website": "https://pizza4ps.com/"
      },
      "geometry": {
        "type": "Point",
        "coordinates": [
          106.7308607,
          10.8026438
        ]
      },
      "id": "node/6549014888"
    },
    {
      "type": "Feature",
      "properties": {
        "@id": "node/6556702787",
        "amenity": "restaurant",
        "cuisine": "vietnamese",
        "name": "Nhà Làm Phở"
      },
      "geometry": {
        "type": "Point",
        "coordinates": [
          106.6906117,
          10.7634989
        ]
      },
      "id": "node/6556702787"
    },
    {
      "type": "Feature",
      "properties": {
        "@id": "node/6576935962",
        "amenity": "restaurant",
        "name": "Quán Cơm Tâm Mộc"
      },
      "geometry": {
        "type": "Point",
        "coordinates": [
          106.6978834,
          10.7745395
        ]
      },
      "id": "node/6576935962"
    },
    {
      "type": "Feature",
      "properties": {
        "@id": "node/6576947723",
        "amenity": "restaurant",
        "name:en": "Dai Duong"
      },
      "geometry": {
        "type": "Point",
        "coordinates": [
          106.6833598,
          10.7690425
        ]
      },
      "id": "node/6576947723"
    },
    {
      "type": "Feature",
      "properties": {
        "@id": "node/6585659185",
        "addr:housenumber": "1-3",
        "addr:street": "Đường Cống Quỳnh",
        "amenity": "restaurant",
        "internet_access": "wlan",
        "name": "Lâu Bò Tí Chuột",
        "phone": "0908907375"
      },
      "geometry": {
        "type": "Point",
        "coordinates": [
          106.6904216,
          10.7631704
        ]
      },
      "id": "node/6585659185"
    },
    {
      "type": "Feature",
      "properties": {
        "@id": "node/6590061387",
        "amenity": "restaurant",
        "name:en": "Trang"
      },
      "geometry": {
        "type": "Point",
        "coordinates": [
          106.6837139,
          10.7696108
        ]
      },
      "id": "node/6590061387"
    },
    {
      "type": "Feature",
      "properties": {
        "@id": "node/6603231116",
        "addr:city": "Thành phố Hồ Chí MInh",
        "addr:district": "Quận 3",
        "addr:housenumber": "107",
        "addr:street": "Nguyễn Phúc Nguyên",
        "addr:subdistrict": "Phường 10",
        "amenity": "restaurant",
        "name": "Nhà Hàng Kimbap City"
      },
      "geometry": {
        "type": "Point",
        "coordinates": [
          106.680389,
          10.7794535
        ]
      },
      "id": "node/6603231116"
    },
    {
      "type": "Feature",
      "properties": {
        "@id": "node/6639606385",
        "addr:housenumber": "27",
        "addr:street": "Mạc Đĩnh Chi",
        "amenity": "restaurant",
        "name": "Elgin"
      },
      "geometry": {
        "type": "Point",
        "coordinates": [
          106.6992746,
          10.7848935
        ]
      },
      "id": "node/6639606385"
    },
    {
      "type": "Feature",
      "properties": {
        "@id": "node/6640016186",
        "amenity": "restaurant",
        "name:en": "amazing dumplings"
      },
      "geometry": {
        "type": "Point",
        "coordinates": [
          106.6697756,
          10.7524866
        ]
      },
      "id": "node/6640016186"
    },
    {
      "type": "Feature",
      "properties": {
        "@id": "node/6645617788",
        "addr:city": "Thành phố Hồ Chí Minh",
        "addr:district": "Quận 1",
        "addr:housenumber": "371D",
        "addr:street": "Đường Nguyễn Cảnh Chân",
        "addr:subdistrict": "Phường Nguyễn Cư Trinh",
        "amenity": "restaurant",
        "check_date": "2025-07-08",
        "cuisine": "vietnamese",
        "name": "Nhà hàng Ếch Xanh",
        "name:en": "Ech Xanh Restaurant",
        "opening_hours": "10:00",
        "phone": "+84 1900 633650"
      },
      "geometry": {
        "type": "Point",
        "coordinates": [
          106.6859042,
          10.7600848
        ]
      },
      "id": "node/6645617788"
    },
    {
      "type": "Feature",
      "properties": {
        "@id": "node/6646211191",
        "addr:housenumber": "437",
        "addr:street": "Trần Xuân Soạn",
        "amenity": "restaurant",
        "name": "Bánh Canh Hẹ Chả Cá Phú Yên Út Quyên"
      },
      "geometry": {
        "type": "Point",
        "coordinates": [
          106.708285,
          10.7517583
        ]
      },
      "id": "node/6646211191"
    },
    {
      "type": "Feature",
      "properties": {
        "@id": "node/6646212286",
        "addr:street": "Hẻm 210 CMTT",
        "amenity": "restaurant",
        "name": "Quán Ốc Chị Hồng",
        "name:en": "Seashell Mrs. Hong"
      },
      "geometry": {
        "type": "Point",
        "coordinates": [
          106.6785501,
          10.7803951
        ]
      },
      "id": "node/6646212286"
    },
    {
      "type": "Feature",
      "properties": {
        "@id": "node/6646463544",
        "addr:housenumber": "K44",
        "addr:street": "Đường Hoàng Diệu",
        "amenity": "restaurant",
        "name": "Nhà Hàng Uncle Tea - Dimsum"
      },
      "geometry": {
        "type": "Point",
        "coordinates": [
          106.6998257,
          10.7607643
        ]
      },
      "id": "node/6646463544"
    },
    {
      "type": "Feature",
      "properties": {
        "@id": "node/6646672506",
        "addr:housenumber": "297A",
        "addr:street": "Lý Thường Kiệt",
        "amenity": "restaurant",
        "name": "Quán Cơm Tấm Xe Lửa"
      },
      "geometry": {
        "type": "Point",
        "coordinates": [
          106.6563046,
          10.7765184
        ]
      },
      "id": "node/6646672506"
    },
    {
      "type": "Feature",
      "properties": {
        "@id": "node/6646675191",
        "addr:city": "Thành phố Hồ Chí Minh",
        "addr:district": "Quận 5",
        "addr:housenumber": "322/15",
        "addr:street": "Đường An Dương Vương",
        "addr:subdistrict": "Phường 4",
        "amenity": "restaurant",
        "cuisine": "vietnamese",
        "name": "Gỏi cuốn Ngon Ngon"
      },
      "geometry": {
        "type": "Point",
        "coordinates": [
          106.6794454,
          10.7599404
        ]
      },
      "id": "node/6646675191"
    },
    {
      "type": "Feature",
      "properties": {
        "@id": "node/6647026485",
        "addr:housenumber": "98",
        "addr:street": "Đường Bình Thới",
        "amenity": "restaurant",
        "name": "Quán 98 - Bánh Canh Nui & Hủ Tiếu Mì"
      },
      "geometry": {
        "type": "Point",
        "coordinates": [
          106.6500879,
          10.7677746
        ]
      },
      "id": "node/6647026485"
    },
    {
      "type": "Feature",
      "properties": {
        "@id": "node/6649059287",
        "addr:housenumber": "104",
        "addr:street": "Bà Huyện Thanh Quan",
        "amenity": "restaurant",
        "name": "Bánh Cuốn Ba Miền"
      },
      "geometry": {
        "type": "Point",
        "coordinates": [
          106.6802444,
          10.7825838
        ]
      },
      "id": "node/6649059287"
    },
    {
      "type": "Feature",
      "properties": {
        "@id": "node/6649200485",
        "addr:housenumber": "126",
        "addr:street": "Đường Nguyễn Văn Khối",
        "amenity": "restaurant",
        "name": "Quán Cơm Tấm Cây Khế 3"
      },
      "geometry": {
        "type": "Point",
        "coordinates": [
          106.6559085,
          10.8426478
        ]
      },
      "id": "node/6649200485"
    },
    {
      "type": "Feature",
      "properties": {
        "@id": "node/6649311085",
        "addr:housenumber": "330",
        "addr:street": "Đường Phan Văn Trị",
        "amenity": "restaurant",
        "name": "Tiệm Bún Xào Chay Sa Đéc"
      },
      "geometry": {
        "type": "Point",
        "coordinates": [
          106.6952017,
          10.8177969
        ]
      },
      "id": "node/6649311085"
    },
    {
      "type": "Feature",
      "properties": {
        "@id": "node/6652322685",
        "addr:street": "Chu Mạnh Trinh",
        "amenity": "restaurant",
        "name": "Bánh Cuốn Thanh Trì Phương",
        "name:vi": "Bánh cuốn Thanh Trì Hà Nội Phương"
      },
      "geometry": {
        "type": "Point",
        "coordinates": [
          106.7039723,
          10.7823573
        ]
      },
      "id": "node/6652322685"
    },
    {
      "type": "Feature",
      "properties": {
        "@id": "node/6660468885",
        "addr:housenumber": "18T",
        "addr:street": "Tân Chánh Hiệp 18",
        "amenity": "restaurant",
        "name": "Quán Bánh Canh Cá Lóc"
      },
      "geometry": {
        "type": "Point",
        "coordinates": [
          106.6182764,
          10.8648466
        ]
      },
      "id": "node/6660468885"
    },
    {
      "type": "Feature",
      "properties": {
        "@id": "node/6665027390",
        "amenity": "restaurant",
        "name": "Trúc Lâm"
      },
      "geometry": {
        "type": "Point",
        "coordinates": [
          106.6063851,
          10.8841091
        ]
      },
      "id": "node/6665027390"
    },
    {
      "type": "Feature",
      "properties": {
        "@id": "node/6665817929",
        "addr:housenumber": "47B",
        "addr:street": "Đường D5",
        "amenity": "restaurant",
        "name": "Nhà Hàng Lá Mía"
      },
      "geometry": {
        "type": "Point",
        "coordinates": [
          106.714535,
          10.806175
        ]
      },
      "id": "node/6665817929"
    },
    {
      "type": "Feature",
      "properties": {
        "@id": "node/6666386707",
        "amenity": "restaurant",
        "name": "Nhà Hàng Vịt Chiên Tuyến Số 1"
      },
      "geometry": {
        "type": "Point",
        "coordinates": [
          106.6784391,
          10.7831945
        ]
      },
      "id": "node/6666386707"
    },
    {
      "type": "Feature",
      "properties": {
        "@id": "node/6666386708",
        "amenity": "restaurant",
        "name": "Nhà Hàng Cơm Bắc"
      },
      "geometry": {
        "type": "Point",
        "coordinates": [
          106.6784659,
          10.7830048
        ]
      },
      "id": "node/6666386708"
    },
    {
      "type": "Feature",
      "properties": {
        "@id": "node/6669294585",
        "addr:housenumber": "594",
        "addr:street": "Đường Cách Mạng Tháng Tám",
        "amenity": "restaurant",
        "name": "Nhà Hàng Don Chicken"
      },
      "geometry": {
        "type": "Point",
        "coordinates": [
          106.6658667,
          10.7864194
        ]
      },
      "id": "node/6669294585"
    },
    {
      "type": "Feature",
      "properties": {
        "@id": "node/6669294586",
        "addr:housenumber": "278",
        "addr:street": "Lê Văn Sỹ",
        "amenity": "restaurant",
        "name": "Quán Mực 280"
      },
      "geometry": {
        "type": "Point",
        "coordinates": [
          106.6800562,
          10.7867091
        ]
      },
      "id": "node/6669294586"
    },
    {
      "type": "Feature",
      "properties": {
        "@id": "node/6669294685",
        "addr:housenumber": "227",
        "addr:street": "Đường Tô Hiến Thành",
        "amenity": "restaurant",
        "name": "Cửa Hàng TeeKa Milktea"
      },
      "geometry": {
        "type": "Point",
        "coordinates": [
          106.6672354,
          10.7793165
        ]
      },
      "id": "node/6669294685"
    },
    {
      "type": "Feature",
      "properties": {
        "@id": "node/6679924185",
        "amenity": "restaurant",
        "name:en": "Dinner with Op"
      },
      "geometry": {
        "type": "Point",
        "coordinates": [
          106.6946266,
          10.7660425
        ]
      },
      "id": "node/6679924185"
    },
    {
      "type": "Feature",
      "properties": {
        "@id": "node/6680120386",
        "addr:housenumber": "92",
        "addr:street": "Đường Bàn Cờ",
        "amenity": "restaurant",
        "name": "Cơm Chay Hòa Hảo"
      },
      "geometry": {
        "type": "Point",
        "coordinates": [
          106.6792575,
          10.7708322
        ]
      },
      "id": "node/6680120386"
    },
    {
      "type": "Feature",
      "properties": {
        "@id": "node/6680120387",
        "addr:housenumber": "469",
        "addr:street": "Tô Ký",
        "amenity": "restaurant",
        "name": "Bánh Canh Cá Lóc Ba Duy"
      },
      "geometry": {
        "type": "Point",
        "coordinates": [
          106.6196333,
          10.8573839
        ]
      },
      "id": "node/6680120387"
    },
    {
      "type": "Feature",
      "properties": {
        "@id": "node/6681094687",
        "addr:city": "Thành phố Hồ Chí Minh",
        "addr:district": "Quận 1",
        "addr:housenumber": "17",
        "addr:street": "Hàn Thuyên",
        "addr:subdistrict": "Bến Nghé",
        "amenity": "restaurant",
        "cuisine": "italian_pizza;pizza",
        "internet_access": "wlan",
        "name": "Italiani's Pizza Han Thuyen",
        "name:en": "Italiani's Homemade Pizzas",
        "opening_hours": "Mon-Sun 11:00- 21:45",
        "phone": "0909974992",
        "website": "https://italianis.vn/"
      },
      "geometry": {
        "type": "Point",
        "coordinates": [
          106.6981831,
          10.7788383
        ]
      },
      "id": "node/6681094687"
    },
    {
      "type": "Feature",
      "properties": {
        "@id": "node/6684340385",
        "addr:housenumber": "27",
        "addr:street": "Nguyễn Văn Lạc",
        "amenity": "restaurant",
        "name": "Cô Ba Quán"
      },
      "geometry": {
        "type": "Point",
        "coordinates": [
          106.7096827,
          10.7943375
        ]
      },
      "id": "node/6684340385"
    },
    {
      "type": "Feature",
      "properties": {
        "@id": "node/6690808887",
        "amenity": "restaurant",
        "brand": "Phở 24",
        "brand:wikidata": "Q63863118",
        "cuisine": "vietnamese;noodle",
        "name": "Phở 24",
        "name:en": "Pho 24",
        "name:vi": "Phở 24"
      },
      "geometry": {
        "type": "Point",
        "coordinates": [
          106.7019753,
          10.7779136
        ]
      },
      "id": "node/6690808887"
    },
    {
      "type": "Feature",
      "properties": {
        "@id": "node/6690830385",
        "addr:city": "Thành phố Hồ Chí Minh",
        "addr:district": "Quận 1",
        "addr:housenumber": "4/7",
        "addr:street": "Đường Trần Ðình Xu",
        "amenity": "restaurant",
        "diet:vegetarian": "only",
        "name": "Quán Chay Chị Củ",
        "phone": "+84 0936 32 3351"
      },
      "geometry": {
        "type": "Point",
        "coordinates": [
          106.6921641,
          10.7592259
        ]
      },
      "id": "node/6690830385"
    },
    {
      "type": "Feature",
      "properties": {
        "@id": "node/6691715385",
        "addr:city": "Ho Chi Minh",
        "addr:district": "District 2",
        "addr:housenumber": "số 16",
        "addr:street": "Đường số 43",
        "addr:subdistrict": "Thảo Điền",
        "air_conditioning": "yes",
        "amenity": "restaurant",
        "cuisine": "french;crepe",
        "diet:gluten_free": "yes",
        "internet_access": "wlan",
        "name": "Nhà Hàng La Crêperie",
        "opening_hours": "Tu-Su 11:00-22:00",
        "outdoor_seating": "yes",
        "phone": "+84796456803",
        "reservation": "yes",
        "website": "https://lacreperie.com.cn/en/la-creperie-hcmc/"
      },
      "geometry": {
        "type": "Point",
        "coordinates": [
          106.7298772,
          10.8069002
        ]
      },
      "id": "node/6691715385"
    },
    {
      "type": "Feature",
      "properties": {
        "@id": "node/6696540886",
        "amenity": "restaurant",
        "name:en": "Little streetfood stall - Broken Rice with steak (25.000 Dong)"
      },
      "geometry": {
        "type": "Point",
        "coordinates": [
          106.6997383,
          10.7770806
        ]
      },
      "id": "node/6696540886"
    },
    {
      "type": "Feature",
      "properties": {
        "@id": "node/6697676386",
        "addr:housenumber": "100B",
        "addr:street": "Thích Quảng Đức",
        "amenity": "restaurant",
        "name": "Bò Lá Lốt Hoa Trang"
      },
      "geometry": {
        "type": "Point",
        "coordinates": [
          106.6810097,
          10.8063819
        ]
      },
      "id": "node/6697676386"
    },
    {
      "type": "Feature",
      "properties": {
        "@id": "node/6699136385",
        "amenity": "restaurant",
        "name": "Bún Bò Huế Đông Ba"
      },
      "geometry": {
        "type": "Point",
        "coordinates": [
          106.6953077,
          10.7743939
        ]
      },
      "id": "node/6699136385"
    },
    {
      "type": "Feature",
      "properties": {
        "@id": "node/6709865203",
        "addr:street": "Nguyễn Siêu",
        "amenity": "restaurant",
        "cuisine": "french;vietnamese",
        "internet_access": "wlan",
        "name": "Nhà Hàng Le Corto"
      },
      "geometry": {
        "type": "Point",
        "coordinates": [
          106.7046314,
          10.7778906
        ]
      },
      "id": "node/6709865203"
    },
    {
      "type": "Feature",
      "properties": {
        "@id": "node/6715402685",
        "addr:housenumber": "E008",
        "addr:street": "Đường Số 6",
        "amenity": "restaurant",
        "cuisine": "vietnamese",
        "name": "Lươn Đồng Xứ Nghệ",
        "opening_hours": "Mo-Su 07:00-19:30"
      },
      "geometry": {
        "type": "Point",
        "coordinates": [
          106.7100951,
          10.7300369
        ]
      },
      "id": "node/6715402685"
    },
    {
      "type": "Feature",
      "properties": {
        "@id": "node/6724581077",
        "addr:city": "Ho Chi Minh City",
        "addr:district": "Quận 6",
        "addr:housenumber": "311",
        "addr:street": "Đường Lê Quang Sung",
        "addr:subdistrict": "Phường 6",
        "amenity": "restaurant",
        "cuisine": "vietnamese",
        "name": "Lâm Phát Ký"
      },
      "geometry": {
        "type": "Point",
        "coordinates": [
          106.6428245,
          10.7515102
        ]
      },
      "id": "node/6724581077"
    },
    {
      "type": "Feature",
      "properties": {
        "@id": "node/6725178464",
        "addr:street": "Đường Hòa Bình",
        "amenity": "restaurant",
        "cuisine": "pizza",
        "name": "Domino's Pizza",
        "not:brand:wikidata": "Q839466"
      },
      "geometry": {
        "type": "Point",
        "coordinates": [
          106.6407815,
          10.7674083
        ]
      },
      "id": "node/6725178464"
    },
    {
      "type": "Feature",
      "properties": {
        "@id": "node/6743834885",
        "addr:housenumber": "352",
        "addr:street": "Đường Nguyễn Trãi",
        "amenity": "restaurant",
        "name": "Bánh Tằm Bì Đồng Tháp"
      },
      "geometry": {
        "type": "Point",
        "coordinates": [
          106.6735592,
          10.7554922
        ]
      },
      "id": "node/6743834885"
    },
    {
      "type": "Feature",
      "properties": {
        "@id": "node/6749023685",
        "addr:housenumber": "15/7",
        "addr:street": "Lê Thánh Tôn",
        "amenity": "restaurant",
        "cuisine": "japanese;sushi",
        "internet_access": "wlan",
        "name:en": "Yuugatei Mutsumian Restaurant",
        "opening_hours": "Mo-Su 10:00-22:00",
        "phone": "+842838248457"
      },
      "geometry": {
        "type": "Point",
        "coordinates": [
          106.7054102,
          10.7809545
        ]
      },
      "id": "node/6749023685"
    },
    {
      "type": "Feature",
      "properties": {
        "@id": "node/6775582687",
        "addr:housenumber": "120 bis",
        "addr:street": "Nguyễn Ðình Chiểu",
        "amenity": "restaurant",
        "cuisine": "korean",
        "name:en": "SumoBBQ"
      },
      "geometry": {
        "type": "Point",
        "coordinates": [
          106.696049,
          10.7848233
        ]
      },
      "id": "node/6775582687"
    },
    {
      "type": "Feature",
      "properties": {
        "@id": "node/6780199287",
        "amenity": "restaurant",
        "name": "Nhà Hàng Bia Bỉ Belgo -The Belgian Craft Beer Brewery",
        "name:en": "BELGO - THE BELGIAN CRAFT BEER BREWERY"
      },
      "geometry": {
        "type": "Point",
        "coordinates": [
          106.6981074,
          10.7885585
        ]
      },
      "id": "node/6780199287"
    },
    {
      "type": "Feature",
      "properties": {
        "@id": "node/6784133585",
        "addr:housenumber": "122/37/15",
        "addr:street": "Vĩnh Khánh",
        "amenity": "restaurant",
        "cuisine": "japanese",
        "name": "Nhà Hàng Sushi Ko",
        "phone": "00841222568152",
        "website": "https://www.facebook.com/SUSHI.KO.VinhKhanh/"
      },
      "geometry": {
        "type": "Point",
        "coordinates": [
          106.704794,
          10.7608436
        ]
      },
      "id": "node/6784133585"
    },
    {
      "type": "Feature",
      "properties": {
        "@id": "node/6784221685",
        "addr:housenumber": "20/16",
        "addr:street": "Đại lộ Bình Dương",
        "amenity": "restaurant",
        "name": "Suri",
        "phone": "0917373338"
      },
      "geometry": {
        "type": "Point",
        "coordinates": [
          106.6983992,
          10.8825226
        ]
      },
      "id": "node/6784221685"
    },
    {
      "type": "Feature",
      "properties": {
        "@id": "node/6786567202",
        "addr:city": "Hồ Chí Minh",
        "addr:district": "Quận 1",
        "addr:housenumber": "45",
        "addr:postcode": "700000",
        "addr:province": "Thành phố Hồ Chí Minh",
        "addr:street": "Đường Nguyễn Thái Học",
        "addr:subdistrict": "Cầu Ông Lãnh",
        "amenity": "restaurant",
        "cuisine": "hải_sản;đồ_nhật",
        "name": "Nhà Hàng Gold One 5",
        "phone": "0908 183 185",
        "website": "https://goldone.vn"
      },
      "geometry": {
        "type": "Point",
        "coordinates": [
          106.696495,
          10.7659379
        ]
      },
      "id": "node/6786567202"
    },
    {
      "type": "Feature",
      "properties": {
        "@id": "node/6789163195",
        "addr:housenumber": "98",
        "addr:street": "Đường Lê Văn Lương",
        "amenity": "restaurant",
        "name": "Quán Cơm 98"
      },
      "geometry": {
        "type": "Point",
        "coordinates": [
          106.7048936,
          10.7494016
        ]
      },
      "id": "node/6789163195"
    },
    {
      "type": "Feature",
      "properties": {
        "@id": "node/6793172413",
        "addr:housenumber": "24",
        "addr:street": "Đường Võ Văn Kiệt",
        "amenity": "restaurant",
        "name": "Quán Nhà"
      },
      "geometry": {
        "type": "Point",
        "coordinates": [
          106.7010004,
          10.7668609
        ]
      },
      "id": "node/6793172413"
    },
    {
      "type": "Feature",
      "properties": {
        "@id": "node/6794876985",
        "amenity": "restaurant",
        "name": "Bún Bò Huế Lyn"
      },
      "geometry": {
        "type": "Point",
        "coordinates": [
          106.6602369,
          10.782139
        ]
      },
      "id": "node/6794876985"
    },
    {
      "type": "Feature",
      "properties": {
        "@id": "node/6798168685",
        "addr:housenumber": "110",
        "addr:street": "Ðề Thám",
        "amenity": "restaurant",
        "cuisine": "barbecue;vietnamese;seafood",
        "name": "Nhà Hàng Thóc",
        "name:en": "Thoc"
      },
      "geometry": {
        "type": "Point",
        "coordinates": [
          106.6949607,
          10.76482
        ]
      },
      "id": "node/6798168685"
    },
    {
      "type": "Feature",
      "properties": {
        "@id": "node/6807433845",
        "amenity": "restaurant",
        "name": "Nhà Hàng El Gaucho Argentinian Steakhouse"
      },
      "geometry": {
        "type": "Point",
        "coordinates": [
          106.7478741,
          10.8018336
        ]
      },
      "id": "node/6807433845"
    },
    {
      "type": "Feature",
      "properties": {
        "@id": "node/6810846688",
        "addr:housenumber": "8a/11b1",
        "addr:street": "Thái Văn Lung",
        "amenity": "restaurant",
        "name:en": "Torisho",
        "opening_hours": "Mo-Sa 17:00-23:30",
        "phone": "02838221485"
      },
      "geometry": {
        "type": "Point",
        "coordinates": [
          106.7049462,
          10.7797191
        ]
      },
      "id": "node/6810846688"
    },
    {
      "type": "Feature",
      "properties": {
        "@id": "node/6810864286",
        "addr:housenumber": "133",
        "addr:street": "Bắc Hải",
        "amenity": "restaurant",
        "cuisine": "vietnamese",
        "internet_access": "wlan",
        "name": "Hủ Tiếu Mực Như Ý"
      },
      "geometry": {
        "type": "Point",
        "coordinates": [
          106.6630404,
          10.7843341
        ]
      },
      "id": "node/6810864286"
    },
    {
      "type": "Feature",
      "properties": {
        "@id": "node/6811490378",
        "addr:housenumber": "129A",
        "addr:street": "Hòa Hưng",
        "amenity": "restaurant"
      },
      "geometry": {
        "type": "Point",
        "coordinates": [
          106.6722076,
          10.7783235
        ]
      },
      "id": "node/6811490378"
    },
    {
      "type": "Feature",
      "properties": {
        "@id": "node/6834326989",
        "amenity": "restaurant",
        "diet:vegetarian": "only",
        "name": "Nhà Hàng Cơm Chay"
      },
      "geometry": {
        "type": "Point",
        "coordinates": [
          106.6787439,
          10.7776667
        ]
      },
      "id": "node/6834326989"
    },
    {
      "type": "Feature",
      "properties": {
        "@id": "node/6834339185",
        "amenity": "restaurant",
        "name": "Quán Bò Né"
      },
      "geometry": {
        "type": "Point",
        "coordinates": [
          106.679548,
          10.778864
        ]
      },
      "id": "node/6834339185"
    },
    {
      "type": "Feature",
      "properties": {
        "@id": "node/6834339285",
        "amenity": "restaurant",
        "name": "Nhà Hàng True Beef"
      },
      "geometry": {
        "type": "Point",
        "coordinates": [
          106.6791688,
          10.777461
        ]
      },
      "id": "node/6834339285"
    },
    {
      "type": "Feature",
      "properties": {
        "@id": "node/6865433985",
        "amenity": "restaurant",
        "name:en": "The Mach House"
      },
      "geometry": {
        "type": "Point",
        "coordinates": [
          106.7006022,
          10.775207
        ]
      },
      "id": "node/6865433985"
    },
    {
      "type": "Feature",
      "properties": {
        "@id": "node/6873078789",
        "amenity": "restaurant",
        "name": "Surf Shak (burger)"
      },
      "geometry": {
        "type": "Point",
        "coordinates": [
          106.7321369,
          10.8056356
        ]
      },
      "id": "node/6873078789"
    },
    {
      "type": "Feature",
      "properties": {
        "@id": "node/6873081186",
        "amenity": "restaurant",
        "name": "Nhà Hàng Hương Vy II"
      },
      "geometry": {
        "type": "Point",
        "coordinates": [
          106.6944222,
          10.7682101
        ]
      },
      "id": "node/6873081186"
    },
    {
      "type": "Feature",
      "properties": {
        "@id": "node/6873083887",
        "amenity": "restaurant",
        "name": "Nhà Hàng Fruicy"
      },
      "geometry": {
        "type": "Point",
        "coordinates": [
          106.719173,
          10.7908725
        ]
      },
      "id": "node/6873083887"
    },
    {
      "type": "Feature",
      "properties": {
        "@id": "node/6873083888",
        "amenity": "restaurant",
        "name": "Bún Chả Que Tre Bà Bảy"
      },
      "geometry": {
        "type": "Point",
        "coordinates": [
          106.6993762,
          10.7689734
        ]
      },
      "id": "node/6873083888"
    },
    {
      "type": "Feature",
      "properties": {
        "@id": "node/6873083988",
        "amenity": "restaurant",
        "name": "Nhà Hàng Mai Xuân Canh"
      },
      "geometry": {
        "type": "Point",
        "coordinates": [
          106.7005031,
          10.779395
        ]
      },
      "id": "node/6873083988"
    },
    {
      "type": "Feature",
      "properties": {
        "@id": "node/6877271685",
        "amenity": "restaurant",
        "internet_access": "wlan",
        "name:en": "Vo Roof Garden"
      },
      "geometry": {
        "type": "Point",
        "coordinates": [
          106.7040143,
          10.7741771
        ]
      },
      "id": "node/6877271685"
    },
    {
      "type": "Feature",
      "properties": {
        "@id": "node/6908092700",
        "amenity": "restaurant",
        "brand": "Buffalo Wild Wings",
        "brand:wikidata": "Q509255",
        "brand:wikipedia": "en:Buffalo Wild Wings",
        "cuisine": "wings",
        "name": "Buffalo Wild Wings"
      },
      "geometry": {
        "type": "Point",
        "coordinates": [
          106.7371802,
          10.8038845
        ]
      },
      "id": "node/6908092700"
    },
    {
      "type": "Feature",
      "properties": {
        "@id": "node/6908092704",
        "amenity": "restaurant",
        "cuisine": "american",
        "name": "Eddie's New York Diner"
      },
      "geometry": {
        "type": "Point",
        "coordinates": [
          106.7352153,
          10.8061409
        ]
      },
      "id": "node/6908092704"
    },
    {
      "type": "Feature",
      "properties": {
        "@id": "node/6908092705",
        "addr:housenumber": "84",
        "addr:street": "Xuân Thuỷ",
        "amenity": "restaurant",
        "contact:facebook": "dfedvietnam",
        "contact:instagram": "dfvietnam",
        "cuisine": "mexican",
        "email": "INFO@DFED.VN",
        "name": "District Federal",
        "opening_hours": "Mo-Su 11:00-21:30",
        "outdoor_seating": "yes",
        "phone": "0982762869",
        "self_service": "no",
        "website": "https://dfed.vn/df/",
        "website:menu": "https://dfed.vn/df/#section-2077"
      },
      "geometry": {
        "type": "Point",
        "coordinates": [
          106.7341857,
          10.8035553
        ]
      },
      "id": "node/6908092705"
    },
    {
      "type": "Feature",
      "properties": {
        "@id": "node/6912030999",
        "addr:housenumber": "33",
        "addr:street": "Nguyễn Trung Trực",
        "amenity": "restaurant",
        "cuisine": "vietnamese",
        "name": "Quán Ăn Ruông"
      },
      "geometry": {
        "type": "Point",
        "coordinates": [
          106.6979121,
          10.7749562
        ]
      },
      "id": "node/6912030999"
    },
    {
      "type": "Feature",
      "properties": {
        "@id": "node/6916024808",
        "addr:ward": "Phường An Khánh",
        "amenity": "restaurant",
        "name": "Nhà Hàng Ụt Ụt"
      },
      "geometry": {
        "type": "Point",
        "coordinates": [
          106.7323648,
          10.8034407
        ]
      },
      "id": "node/6916024808"
    },
    {
      "type": "Feature",
      "properties": {
        "@id": "node/6924913985",
        "amenity": "restaurant",
        "name": "Nhà Hàng Little Viet",
        "name:en": "No",
        "name:fr": "No"
      },
      "geometry": {
        "type": "Point",
        "coordinates": [
          106.6919054,
          10.7721763
        ]
      },
      "id": "node/6924913985"
    },
    {
      "type": "Feature",
      "properties": {
        "@id": "node/6938708385",
        "amenity": "restaurant",
        "name:en": "Chatean fusion Cuision"
      },
      "geometry": {
        "type": "Point",
        "coordinates": [
          106.6868943,
          10.7859104
        ]
      },
      "id": "node/6938708385"
    },
    {
      "type": "Feature",
      "properties": {
        "@id": "node/6939510232",
        "amenity": "restaurant",
        "cuisine": "vietnamese;thai;korean;noodles;international",
        "diet:vegetarian": "yes",
        "name": "Nhà Hàng - Cà Phê Lâm"
      },
      "geometry": {
        "type": "Point",
        "coordinates": [
          106.6910786,
          10.7659753
        ]
      },
      "id": "node/6939510232"
    },
    {
      "type": "Feature",
      "properties": {
        "@id": "node/6952929585",
        "amenity": "restaurant",
        "name": "Nhà Hàng Anjisen Ramen"
      },
      "geometry": {
        "type": "Point",
        "coordinates": [
          106.6962802,
          10.7850823
        ]
      },
      "id": "node/6952929585"
    },
    {
      "type": "Feature",
      "properties": {
        "@id": "node/6952929587",
        "addr:housenumber": "88",
        "addr:street": "Mạc Đĩnh Chi",
        "amenity": "restaurant",
        "name": "Quán Ăn Bún Thịt Nướng"
      },
      "geometry": {
        "type": "Point",
        "coordinates": [
          106.6962102,
          10.7878849
        ]
      },
      "id": "node/6952929587"
    },
    {
      "type": "Feature",
      "properties": {
        "@id": "node/6952929685",
        "addr:housenumber": "17A",
        "addr:street": "Đường Nguyễn Thị Minh Khai",
        "amenity": "restaurant",
        "name": "Bánh Cuốn Hồng Hạnh"
      },
      "geometry": {
        "type": "Point",
        "coordinates": [
          106.7003797,
          10.7854466
        ]
      },
      "id": "node/6952929685"
    },
    {
      "type": "Feature",
      "properties": {
        "@id": "node/6954329249",
        "amenity": "restaurant",
        "cuisine": "vietnamese",
        "name": "Phở Bình"
      },
      "geometry": {
        "type": "Point",
        "coordinates": [
          106.6836803,
          10.7687998
        ]
      },
      "id": "node/6954329249"
    },
    {
      "type": "Feature",
      "properties": {
        "@id": "node/6959713185",
        "addr:housenumber": "51/9A",
        "addr:street": "Cao Thắng",
        "amenity": "restaurant",
        "name": "Quán Mèo Mập"
      },
      "geometry": {
        "type": "Point",
        "coordinates": [
          106.6811389,
          10.7700723
        ]
      },
      "id": "node/6959713185"
    },
    {
      "type": "Feature",
      "properties": {
        "@id": "node/6973301694",
        "amenity": "restaurant",
        "cuisine": "indian",
        "name": "Nhà Hàng Shanti Indian Cuisine"
      },
      "geometry": {
        "type": "Point",
        "coordinates": [
          106.6893396,
          10.7670963
        ]
      },
      "id": "node/6973301694"
    },
    {
      "type": "Feature",
      "properties": {
        "@id": "node/6986680086",
        "amenity": "restaurant",
        "name": "Quán Bún Chả Hà Nội"
      },
      "geometry": {
        "type": "Point",
        "coordinates": [
          106.689265,
          10.7753468
        ]
      },
      "id": "node/6986680086"
    },
    {
      "type": "Feature",
      "properties": {
        "@id": "node/6997746585",
        "addr:housenumber": "74/1",
        "addr:street": "Phạm Viết Chánh",
        "amenity": "restaurant",
        "diet:vegetarian": "yes",
        "name": "Nhà Hàng Here & Now",
        "name:en": "Here & Now Vegetarian (Restaurant & coffee)",
        "opening_hours": "Mo-Su 09:00-21:00",
        "website": "https://hereandnowvietnam.com/vi/dat-ban"
      },
      "geometry": {
        "type": "Point",
        "coordinates": [
          106.7109547,
          10.7898332
        ]
      },
      "id": "node/6997746585"
    },
    {
      "type": "Feature",
      "properties": {
        "@id": "node/7003724795",
        "amenity": "restaurant",
        "name": "Phở Chùa Lạng Sơn"
      },
      "geometry": {
        "type": "Point",
        "coordinates": [
          106.7041679,
          10.7427473
        ]
      },
      "id": "node/7003724795"
    },
    {
      "type": "Feature",
      "properties": {
        "@id": "node/7003724797",
        "amenity": "restaurant",
        "name": "Nhà Hàng Đồ Chay",
        "name:en": "vegetarian food"
      },
      "geometry": {
        "type": "Point",
        "coordinates": [
          106.6893943,
          10.8041704
        ]
      },
      "id": "node/7003724797"
    },
    {
      "type": "Feature",
      "properties": {
        "@id": "node/7010660485",
        "amenity": "restaurant",
        "cuisine": "indian",
        "name:en": "Musa - Indian Goat Curry",
        "opening_hours": "Mo-Su 09:00-23:00",
        "phone": "+842838339167"
      },
      "geometry": {
        "type": "Point",
        "coordinates": [
          106.6741717,
          10.7596162
        ]
      },
      "id": "node/7010660485"
    },
    {
      "type": "Feature",
      "properties": {
        "@id": "node/7016524157",
        "addr:city": "Hồ Chí Minh",
        "addr:district": "Bình Tân",
        "addr:housenumber": "1",
        "addr:street": "Đường số 17A",
        "addr:subdistrict": "Khu phố 11",
        "amenity": "restaurant",
        "name": "Nhà Hàng Lẩu Mắm Bà Dú"
      },
      "geometry": {
        "type": "Point",
        "coordinates": [
          106.6126471,
          10.7429836
        ]
      },
      "id": "node/7016524157"
    },
    {
      "type": "Feature",
      "properties": {
        "@id": "node/7016589846",
        "addr:city": "Hồ Chí Minh",
        "addr:district": "Bình Tân",
        "addr:housenumber": "1",
        "addr:street": "Đường số 17A",
        "addr:subdistrict": "Bình Trị Đông B",
        "amenity": "restaurant",
        "cuisine": "international",
        "name": "Nhà Hàng Hương Vị Bốn Phương"
      },
      "geometry": {
        "type": "Point",
        "coordinates": [
          106.6125302,
          10.7429942
        ]
      },
      "id": "node/7016589846"
    },
    {
      "type": "Feature",
      "properties": {
        "@id": "node/7016589847",
        "addr:city": "Hồ Chí Minh",
        "addr:district": "Bình Tân",
        "addr:housenumber": "1",
        "addr:street": "Đường số 17A",
        "addr:subdistrict": "Bình Trị Đông B",
        "amenity": "restaurant",
        "name": "Nhà Hàng Kichi Kichi"
      },
      "geometry": {
        "type": "Point",
        "coordinates": [
          106.6121465,
          10.7430727
        ]
      },
      "id": "node/7016589847"
    },
    {
      "type": "Feature",
      "properties": {
        "@id": "node/7016589848",
        "addr:city": "Hồ Chí Minh",
        "addr:district": "Bình Tân",
        "addr:housenumber": "1",
        "addr:street": "Đường số 17A",
        "addr:subdistrict": "Bình Trị Đông B",
        "amenity": "restaurant",
        "brand": "Pizza Hut",
        "brand:wikidata": "Q191615",
        "brand:wikipedia": "en:Pizza Hut",
        "cuisine": "pizza",
        "name": "Pizza Hut"
      },
      "geometry": {
        "type": "Point",
        "coordinates": [
          106.6127114,
          10.7428967
        ]
      },
      "id": "node/7016589848"
    },
    {
      "type": "Feature",
      "properties": {
        "@id": "node/7016628652",
        "addr:city": "Hồ Chí Minh",
        "addr:district": "Bình Tân",
        "addr:housenumber": "1",
        "addr:street": "Đường số 17A",
        "addr:subdistrict": "Bình Trị Đông B",
        "amenity": "restaurant",
        "name": "Nhà Hàng Mamalu"
      },
      "geometry": {
        "type": "Point",
        "coordinates": [
          106.6122814,
          10.7427712
        ]
      },
      "id": "node/7016628652"
    },
    {
      "type": "Feature",
      "properties": {
        "@id": "node/7016628653",
        "addr:city": "Hồ Chí Minh",
        "addr:district": "Bình Tân",
        "addr:housenumber": "1",
        "addr:street": "Đường số 17A",
        "addr:subdistrict": "Bình Trị Đông B",
        "amenity": "restaurant",
        "name": "Nhà Hàng Truly Việt"
      },
      "geometry": {
        "type": "Point",
        "coordinates": [
          106.6129532,
          10.7430273
        ]
      },
      "id": "node/7016628653"
    },
    {
      "type": "Feature",
      "properties": {
        "@id": "node/7016628654",
        "addr:city": "Hồ Chí Minh",
        "addr:district": "Bình Tân",
        "addr:housenumber": "1",
        "addr:street": "Đường số 17A",
        "addr:subdistrict": "Bình Trị Đông B",
        "amenity": "restaurant",
        "name": "Nhà Hàng Meiwei"
      },
      "geometry": {
        "type": "Point",
        "coordinates": [
          106.6122845,
          10.743011
        ]
      },
      "id": "node/7016628654"
    },
    {
      "type": "Feature",
      "properties": {
        "@id": "node/7016628655",
        "addr:city": "Hồ Chí Minh",
        "addr:district": "Bình Tân",
        "addr:housenumber": "1",
        "addr:street": "Đường số 17A",
        "addr:subdistrict": "Bình Trị Đông B",
        "amenity": "restaurant",
        "name": "Tasaki BBQ"
      },
      "geometry": {
        "type": "Point",
        "coordinates": [
          106.6125511,
          10.7431086
        ]
      },
      "id": "node/7016628655"
    },
    {
      "type": "Feature",
      "properties": {
        "@id": "node/7016628656",
        "addr:city": "Hồ Chí Minh",
        "addr:district": "Bình Tân",
        "addr:housenumber": "1",
        "addr:street": "Đường số 17A",
        "addr:subdistrict": "Bình Trị Đông B",
        "amenity": "restaurant",
        "cuisine": "vietnamese",
        "name": "Nhà Hàng Wrap&Roll"
      },
      "geometry": {
        "type": "Point",
        "coordinates": [
          106.6123078,
          10.7428775
        ]
      },
      "id": "node/7016628656"
    },
    {
      "type": "Feature",
      "properties": {
        "@id": "node/7016628657",
        "addr:city": "Hồ Chí Minh",
        "addr:district": "Bình Tân",
        "addr:housenumber": "1",
        "addr:street": "Đường số 17A",
        "addr:subdistrict": "Bình Trị Đông B",
        "amenity": "restaurant",
        "cuisine": "thai",
        "name": "Thai Express"
      },
      "geometry": {
        "type": "Point",
        "coordinates": [
          106.6124337,
          10.7427913
        ]
      },
      "id": "node/7016628657"
    },
    {
      "type": "Feature",
      "properties": {
        "@id": "node/7016628659",
        "addr:city": "Hồ Chí Minh",
        "addr:district": "Bình Tân",
        "addr:housenumber": "1",
        "addr:street": "Đường số 17A",
        "addr:subdistrict": "Bình Trị Đông B",
        "amenity": "restaurant",
        "cuisine": "japanese",
        "name": "Nhà Hàng Sushi Kei"
      },
      "geometry": {
        "type": "Point",
        "coordinates": [
          106.6127331,
          10.7429788
        ]
      },
      "id": "node/7016628659"
    },
    {
      "type": "Feature",
      "properties": {
        "@id": "node/7016628660",
        "addr:city": "Hồ Chí Minh",
        "addr:district": "Bình Tân",
        "addr:housenumber": "1",
        "addr:street": "Đường số 17A",
        "addr:subdistrict": "Bình Trị Đông B",
        "amenity": "restaurant",
        "name": "Sumo BBQ"
      },
      "geometry": {
        "type": "Point",
        "coordinates": [
          106.6123639,
          10.7427623
        ]
      },
      "id": "node/7016628660"
    },
    {
      "type": "Feature",
      "properties": {
        "@id": "node/7016628661",
        "addr:city": "Hồ Chí Minh",
        "addr:district": "Bình Tân",
        "addr:housenumber": "1",
        "addr:street": "Đường số 17A",
        "addr:subdistrict": "Bình Trị Đông B",
        "amenity": "restaurant",
        "cuisine": "japanese",
        "name": "Sukiya"
      },
      "geometry": {
        "type": "Point",
        "coordinates": [
          106.6123998,
          10.7431161
        ]
      },
      "id": "node/7016628661"
    },
    {
      "type": "Feature",
      "properties": {
        "@id": "node/7016628662",
        "addr:city": "Hồ Chí Minh",
        "addr:district": "Bình Tân",
        "addr:housenumber": "1",
        "addr:street": "Đường số 17A",
        "addr:subdistrict": "Bình Trị Đông B",
        "amenity": "restaurant",
        "name": "Nhà Hàng Shabu Ya"
      },
      "geometry": {
        "type": "Point",
        "coordinates": [
          106.6127776,
          10.7428747
        ]
      },
      "id": "node/7016628662"
    },
    {
      "type": "Feature",
      "properties": {
        "@id": "node/7016628663",
        "addr:city": "Hồ Chí Minh",
        "addr:district": "Bình Tân",
        "addr:housenumber": "1",
        "addr:street": "Đường số 17A",
        "addr:subdistrict": "Bình Trị Đông B",
        "amenity": "restaurant",
        "cuisine": "korean",
        "name": "Nhà Hàng Seol Garden"
      },
      "geometry": {
        "type": "Point",
        "coordinates": [
          106.6127541,
          10.7433737
        ]
      },
      "id": "node/7016628663"
    },
    {
      "type": "Feature",
      "properties": {
        "@id": "node/7016628664",
        "addr:city": "Hồ Chí Minh",
        "addr:district": "Bình Tân",
        "addr:housenumber": "1",
        "addr:street": "Đường số 17A",
        "addr:subdistrict": "Bình Trị Đông B",
        "amenity": "restaurant",
        "name": "Nhà Hàng Redsun"
      },
      "geometry": {
        "type": "Point",
        "coordinates": [
          106.6123298,
          10.7431074
        ]
      },
      "id": "node/7016628664"
    },
    {
      "type": "Feature",
      "properties": {
        "@id": "node/7016628666",
        "addr:city": "Hồ Chí Minh",
        "addr:district": "Bình Tân",
        "addr:housenumber": "1",
        "addr:street": "Đường số 17A",
        "addr:subdistrict": "Bình Trị Đông B",
        "amenity": "restaurant",
        "brand": "MK Restaurants",
        "brand:wikidata": "Q62075359",
        "cuisine": "thai",
        "name": "Nhà Hàng MK"
      },
      "geometry": {
        "type": "Point",
        "coordinates": [
          106.6126558,
          10.7428039
        ]
      },
      "id": "node/7016628666"
    },
    {
      "type": "Feature",
      "properties": {
        "@id": "node/7016628667",
        "addr:city": "Hồ Chí Minh",
        "addr:district": "Bình Tân",
        "addr:housenumber": "1",
        "addr:street": "Đường số 17A",
        "addr:subdistrict": "Bình Trị Đông B",
        "amenity": "restaurant",
        "cuisine": "japanese",
        "name": "Nhà Hàng Marukame Udon"
      },
      "geometry": {
        "type": "Point",
        "coordinates": [
          106.612827,
          10.7429077
        ]
      },
      "id": "node/7016628667"
    },
    {
      "type": "Feature",
      "properties": {
        "@id": "node/7016628669",
        "addr:city": "Hồ Chí Minh",
        "addr:district": "Bình Tân",
        "addr:housenumber": "1",
        "addr:street": "Đường số 17A",
        "addr:subdistrict": "Bình Trị Đông B",
        "amenity": "restaurant",
        "cuisine": "lao",
        "name": "Nhà Hàng Khao Lao"
      },
      "geometry": {
        "type": "Point",
        "coordinates": [
          106.6130278,
          10.7430743
        ]
      },
      "id": "node/7016628669"
    },
    {
      "type": "Feature",
      "properties": {
        "@id": "node/7016628671",
        "addr:city": "Hồ Chí Minh",
        "addr:district": "Bình Tân",
        "addr:housenumber": "1",
        "addr:street": "Đường số 17A",
        "addr:subdistrict": "Bình Trị Đông B",
        "amenity": "restaurant",
        "name": "Nhà Hàng HuTong"
      },
      "geometry": {
        "type": "Point",
        "coordinates": [
          106.6122062,
          10.7430598
        ]
      },
      "id": "node/7016628671"
    },
    {
      "type": "Feature",
      "properties": {
        "@id": "node/7016628672",
        "addr:city": "Hồ Chí Minh",
        "addr:district": "Bình Tân",
        "addr:housenumber": "1",
        "addr:street": "Đường số 17A",
        "addr:subdistrict": "Bình Trị Đông B",
        "amenity": "restaurant",
        "name": "Nhà Hàng Hotpot"
      },
      "geometry": {
        "type": "Point",
        "coordinates": [
          106.6129254,
          10.7432982
        ]
      },
      "id": "node/7016628672"
    },
    {
      "type": "Feature",
      "properties": {
        "@id": "node/7016628674",
        "addr:city": "Hồ Chí Minh",
        "addr:district": "Bình Tân",
        "addr:housenumber": "1",
        "addr:street": "Đường số 17A",
        "addr:subdistrict": "Bình Trị Đông B",
        "amenity": "restaurant",
        "name": "Nhà Hàng Gogi House"
      },
      "geometry": {
        "type": "Point",
        "coordinates": [
          106.6128442,
          10.7434587
        ]
      },
      "id": "node/7016628674"
    },
    {
      "type": "Feature",
      "properties": {
        "@id": "node/7016628675",
        "addr:city": "Hồ Chí Minh",
        "addr:district": "Bình Tân",
        "addr:housenumber": "1",
        "addr:street": "Đường số 17A",
        "addr:subdistrict": "Bình Trị Đông B",
        "amenity": "restaurant",
        "name": "Cửa Hàng Bud's Ice Cream"
      },
      "geometry": {
        "type": "Point",
        "coordinates": [
          106.6128195,
          10.7431722
        ]
      },
      "id": "node/7016628675"
    },
    {
      "type": "Feature",
      "properties": {
        "@id": "node/7016671338",
        "addr:city": "Hồ Chí Minh",
        "addr:district": "Bình Tân",
        "addr:housenumber": "1",
        "addr:street": "Đường số 17A",
        "addr:subdistrict": "Bình Trị Đông B",
        "amenity": "restaurant",
        "name": "Nhà Hàng Bamboo Dimsum"
      },
      "geometry": {
        "type": "Point",
        "coordinates": [
          106.6128162,
          10.7430828
        ]
      },
      "id": "node/7016671338"
    },
    {
      "type": "Feature",
      "properties": {
        "@id": "node/7016671339",
        "addr:city": "Hồ Chí Minh",
        "addr:district": "Bình Tân",
        "addr:housenumber": "1",
        "addr:street": "Đường số 17A",
        "addr:subdistrict": "Bình Trị Đông B",
        "amenity": "restaurant",
        "name": "Nhà Hàng Bangkok House"
      },
      "geometry": {
        "type": "Point",
        "coordinates": [
          106.6123973,
          10.7430213
        ]
      },
      "id": "node/7016671339"
    },
    {
      "type": "Feature",
      "properties": {
        "@id": "node/7016671340",
        "addr:city": "Hồ Chí Minh",
        "addr:district": "Bình Tân",
        "addr:housenumber": "1",
        "addr:street": "Đường số 17A",
        "addr:subdistrict": "Bình Trị Đông B",
        "amenity": "restaurant",
        "name": "King BBQ Buffet"
      },
      "geometry": {
        "type": "Point",
        "coordinates": [
          106.6126318,
          10.7428509
        ]
      },
      "id": "node/7016671340"
    },
    {
      "type": "Feature",
      "properties": {
        "@id": "node/7017476728",
        "addr:city": "Thành phố Hồ Chí Minh",
        "addr:district": "Phú Nhuận",
        "addr:housenumber": "242 - 244",
        "addr:street": "Phan Xích Long",
        "addr:subdistrict": "Phường 7",
        "amenity": "restaurant",
        "cuisine": "japanese",
        "name": "Nhà Hàng Tokyo Deli"
      },
      "geometry": {
        "type": "Point",
        "coordinates": [
          106.6894961,
          10.7980321
        ]
      },
      "id": "node/7017476728"
    },
    {
      "type": "Feature",
      "properties": {
        "@id": "node/7017490804",
        "addr:city": "Ho Chi Minh City",
        "addr:district": "Phú Nhuận",
        "addr:housenumber": "430",
        "addr:street": "Phan Xích Long",
        "addr:subdistrict": "phường 2",
        "air_conditioning": "no",
        "amenity": "restaurant",
        "changing_table": "no",
        "cuisine": "vietnamese",
        "diet:gluten_free": "yes",
        "diet:halal": "yes",
        "diet:vegan": "yes",
        "diet:vegetarian": "only",
        "indoor_seating": "yes",
        "name": "Quán Cơm Chay 27",
        "opening_hours": "Mo-Su 07:00-20:00",
        "outdoor_seating": "no",
        "payment:credit_cards": "no",
        "payment:debit_cards": "no",
        "phone": "+84909533083",
        "smoking": "no",
        "wheelchair": "yes"
      },
      "geometry": {
        "type": "Point",
        "coordinates": [
          106.6845785,
          10.8005665
        ]
      },
      "id": "node/7017490804"
    },
    {
      "type": "Feature",
      "properties": {
        "@id": "node/7017490805",
        "addr:city": "Ho Chi Minh City",
        "addr:district": "Phú Nhuận",
        "addr:housenumber": "432",
        "addr:street": "Phan Xích Long",
        "addr:subdistrict": "phường 2",
        "amenity": "restaurant",
        "cuisine": "chicken;fried_chicken",
        "name": "Otoke Chicken"
      },
      "geometry": {
        "type": "Point",
        "coordinates": [
          106.6844872,
          10.8006214
        ]
      },
      "id": "node/7017490805"
    },
    {
      "type": "Feature",
      "properties": {
        "@id": "node/7017596607",
        "addr:city": "Ho Chi Minh City",
        "addr:district": "Quận Phú Nhuận",
        "addr:housenumber": "137",
        "addr:street": "Phan Đăng Lưu",
        "addr:subdistrict": "phường 2",
        "amenity": "restaurant",
        "name": "Nhà Hàng ZooZoo Deluxy"
      },
      "geometry": {
        "type": "Point",
        "coordinates": [
          106.6842,
          10.8028322
        ]
      },
      "id": "node/7017596607"
    },
    {
      "type": "Feature",
      "properties": {
        "@id": "node/7017888850",
        "addr:district": "Quận 7",
        "addr:housenumber": "133",
        "addr:street": "Nguyễn Đức Cảnh",
        "addr:subdistrict": "Phường Tân Phong",
        "amenity": "restaurant",
        "cuisine": "japanese",
        "name": "Shamoji Robata Yaki"
      },
      "geometry": {
        "type": "Point",
        "coordinates": [
          106.7089121,
          10.7240083
        ]
      },
      "id": "node/7017888850"
    },
    {
      "type": "Feature",
      "properties": {
        "@id": "node/7017888851",
        "addr:district": "11",
        "addr:housenumber": "5",
        "addr:street": "Hẻm 235 Tạ Uyên",
        "addr:subdistrict": "6",
        "amenity": "restaurant",
        "cuisine": "chinese",
        "name": "Quán Ăn Sủi Cảo Chú Phương"
      },
      "geometry": {
        "type": "Point",
        "coordinates": [
          106.6527205,
          10.7587299
        ]
      },
      "id": "node/7017888851"
    },
    {
      "type": "Feature",
      "properties": {
        "@id": "node/7017888853",
        "addr:district": "Quận 10",
        "addr:housenumber": "280",
        "addr:street": "Đường Nguyễn Tri Phương",
        "addr:subdistrict": "Phường 4",
        "amenity": "restaurant",
        "name": "Chè Thái Lan 280"
      },
      "geometry": {
        "type": "Point",
        "coordinates": [
          106.6684262,
          10.7623001
        ]
      },
      "id": "node/7017888853"
    },
    {
      "type": "Feature",
      "properties": {
        "@id": "node/7017888854",
        "addr:district": "Quận 10",
        "addr:housenumber": "288",
        "addr:street": "Đường Nguyễn Tri Phương",
        "addr:subdistrict": "Phường 4",
        "amenity": "restaurant",
        "cuisine": "vietnamese",
        "name": "Phở Hùng - Nguyễn Tri Phương"
      },
      "geometry": {
        "type": "Point",
        "coordinates": [
          106.6684,
          10.7624433
        ]
      },
      "id": "node/7017888854"
    },
    {
      "type": "Feature",
      "properties": {
        "@id": "node/7017888860",
        "addr:district": "Bình Thạnh",
        "addr:housenumber": "84",
        "addr:street": "Nguyễn Văn Lạc",
        "addr:subdistrict": "Phường 19",
        "amenity": "restaurant",
        "cuisine": "chinese",
        "name": "Tiệm Mì Hữu Ký"
      },
      "geometry": {
        "type": "Point",
        "coordinates": [
          106.7089215,
          10.7923214
        ]
      },
      "id": "node/7017888860"
    },
    {
      "type": "Feature",
      "properties": {
        "@id": "node/7018341886",
        "addr:city": "Ho Chi Minh City",
        "addr:district": "6",
        "addr:housenumber": "546",
        "addr:postcode": "70000",
        "addr:province": "Thành phố Hồ Chí Minh",
        "addr:street": "Đường An Dương Vương",
        "addr:subdistrict": "10",
        "amenity": "restaurant",
        "cuisine": "thai",
        "name": "Thyty thailan",
        "opening_hours": "Mo-Su 12:00-22:00",
        "phone": "+84986916513",
        "website": "https://www.facebook.com/profile.php?id=100064189778312"
      },
      "geometry": {
        "type": "Point",
        "coordinates": [
          106.6237697,
          10.7425916
        ]
      },
      "id": "node/7018341886"
    },
    {
      "type": "Feature",
      "properties": {
        "@id": "node/7018371466",
        "addr:district": "Quận 1",
        "addr:housenumber": "34",
        "addr:street": "Đường Cô Bắc",
        "addr:subdistrict": "Cầu Ông Lãnh",
        "amenity": "restaurant",
        "name": "Hủ Tiếu Thành Đạt - Cô Bắc"
      },
      "geometry": {
        "type": "Point",
        "coordinates": [
          106.6956594,
          10.7657017
        ]
      },
      "id": "node/7018371466"
    },
    {
      "type": "Feature",
      "properties": {
        "@id": "node/7018371481",
        "addr:district": "Bình Thạnh",
        "addr:housenumber": "1",
        "addr:street": "Huỳnh Mẫn Đạt",
        "addr:subdistrict": "Phường 19",
        "amenity": "restaurant",
        "cuisine": "chinese",
        "name": "Lương Ký Mì Gia",
        "opening_hours": "Mo-Su 15:00-22:00"
      },
      "geometry": {
        "type": "Point",
        "coordinates": [
          106.7089558,
          10.7918935
        ]
      },
      "id": "node/7018371481"
    },
    {
      "type": "Feature",
      "properties": {
        "@id": "node/7023013389",
        "amenity": "restaurant",
        "cuisine": "vietnamese",
        "name": "Hủ Tiếu Mì Hỷ Hào"
      },
      "geometry": {
        "type": "Point",
        "coordinates": [
          106.7002338,
          10.7632196
        ]
      },
      "id": "node/7023013389"
    },
    {
      "type": "Feature",
      "properties": {
        "@id": "node/7023023685",
        "amenity": "restaurant",
        "name": "Quán Bún Mắm 144"
      },
      "geometry": {
        "type": "Point",
        "coordinates": [
          106.7002611,
          10.7574411
        ]
      },
      "id": "node/7023023685"
    },
    {
      "type": "Feature",
      "properties": {
        "@id": "node/7023024085",
        "amenity": "restaurant",
        "name": "Mì Quảng Phan"
      },
      "geometry": {
        "type": "Point",
        "coordinates": [
          106.6987798,
          10.7594098
        ]
      },
      "id": "node/7023024085"
    },
    {
      "type": "Feature",
      "properties": {
        "@id": "node/7023364485",
        "amenity": "restaurant",
        "name": "Quán Bún Bò Huế - Vinh Hiền"
      },
      "geometry": {
        "type": "Point",
        "coordinates": [
          106.6999017,
          10.7612594
        ]
      },
      "id": "node/7023364485"
    },
    {
      "type": "Feature",
      "properties": {
        "@id": "node/7035981285",
        "amenity": "restaurant",
        "cuisine": "vietnamese",
        "diet:vegan": "yes",
        "name:en": "COM CHAY CHAN NHU 2"
      },
      "geometry": {
        "type": "Point",
        "coordinates": [
          106.6947766,
          10.7652837
        ]
      },
      "id": "node/7035981285"
    },
    {
      "type": "Feature",
      "properties": {
        "@id": "node/7041626589",
        "amenity": "restaurant",
        "cuisine": "vietnamese",
        "name": "Phở Muslim"
      },
      "geometry": {
        "type": "Point",
        "coordinates": [
          106.687285,
          10.7576354
        ]
      },
      "id": "node/7041626589"
    },
    {
      "type": "Feature",
      "properties": {
        "@id": "node/7041928949",
        "amenity": "restaurant",
        "name": "King BBQ Buffet"
      },
      "geometry": {
        "type": "Point",
        "coordinates": [
          106.7036929,
          10.7725419
        ]
      },
      "id": "node/7041928949"
    },
    {
      "type": "Feature",
      "properties": {
        "@id": "node/7059458185",
        "addr:street": "Nguyễn Ư Dĩ",
        "amenity": "restaurant",
        "name:en": "Tea Avenue"
      },
      "geometry": {
        "type": "Point",
        "coordinates": [
          106.7411144,
          10.8058991
        ]
      },
      "id": "node/7059458185"
    },
    {
      "type": "Feature",
      "properties": {
        "@id": "node/7059458285",
        "amenity": "restaurant",
        "diet:vegan": "yes",
        "diet:vegetarian": "only",
        "name": "Nhà Hàng Hum Vegetarian",
        "name:en": "Hum garden and restaurant"
      },
      "geometry": {
        "type": "Point",
        "coordinates": [
          106.7441455,
          10.804141
        ]
      },
      "id": "node/7059458285"
    },
    {
      "type": "Feature",
      "properties": {
        "@id": "node/7081572269",
        "amenity": "restaurant",
        "name": "Star Cafe"
      },
      "geometry": {
        "type": "Point",
        "coordinates": [
          106.6622082,
          10.8150935
        ]
      },
      "id": "node/7081572269"
    },
    {
      "type": "Feature",
      "properties": {
        "@id": "node/7084165785",
        "amenity": "restaurant",
        "cuisine": "japanese",
        "internet_access": "wlan",
        "name": "Nhà Hàng Nhật Manmaru"
      },
      "geometry": {
        "type": "Point",
        "coordinates": [
          106.6956305,
          10.7882694
        ]
      },
      "id": "node/7084165785"
    },
    {
      "type": "Feature",
      "properties": {
        "@id": "node/7088116685",
        "amenity": "restaurant",
        "internet_access": "wlan",
        "name": "Nhà Hàng - Bar Evita",
        "name:en": "Evita Bar",
        "name:vi": "Evita Bar"
      },
      "geometry": {
        "type": "Point",
        "coordinates": [
          106.7313521,
          10.811653
        ]
      },
      "id": "node/7088116685"
    },
    {
      "type": "Feature",
      "properties": {
        "@id": "node/7095767685",
        "amenity": "restaurant",
        "name": "PHU24",
        "opening_hours": "24/7"
      },
      "geometry": {
        "type": "Point",
        "coordinates": [
          106.6994147,
          10.7883681
        ]
      },
      "id": "node/7095767685"
    },
    {
      "type": "Feature",
      "properties": {
        "@id": "node/7095767785",
        "amenity": "restaurant",
        "name": "Nhà Hàng Bum Cha",
        "opening_hours": "24/7"
      },
      "geometry": {
        "type": "Point",
        "coordinates": [
          106.7011029,
          10.7900228
        ]
      },
      "id": "node/7095767785"
    },
    {
      "type": "Feature",
      "properties": {
        "@id": "node/7095985685",
        "addr:housenumber": "179D",
        "addr:street": "Hẻm 179 Hai Bà Trưng",
        "amenity": "restaurant",
        "name:en": "Zo Saigon",
        "opening_hours": "Mo-Su 10:30-14:00, 17:00-23:00",
        "phone": "02862874079"
      },
      "geometry": {
        "type": "Point",
        "coordinates": [
          106.6944442,
          10.7851153
        ]
      },
      "id": "node/7095985685"
    },
    {
      "type": "Feature",
      "properties": {
        "@id": "node/7098325786",
        "addr:housenumber": "4a",
        "addr:street": "Nguyễn Bỉnh Khiêm",
        "amenity": "restaurant",
        "cuisine": "vietnamese;international",
        "name:en": "Liu Do 2"
      },
      "geometry": {
        "type": "Point",
        "coordinates": [
          106.7034522,
          10.7887402
        ]
      },
      "id": "node/7098325786"
    },
    {
      "type": "Feature",
      "properties": {
        "@id": "node/7098326385",
        "addr:housenumber": "121",
        "addr:street": "Nguyễn Bỉnh Khiêm",
        "amenity": "restaurant",
        "cuisine": "vietnamese",
        "name:en": "Phu24",
        "phone": "02836365750",
        "website": "https://www.pho24.com.vn"
      },
      "geometry": {
        "type": "Point",
        "coordinates": [
          106.6999448,
          10.7918847
        ]
      },
      "id": "node/7098326385"
    },
    {
      "type": "Feature",
      "properties": {
        "@id": "node/7104240157",
        "amenity": "restaurant",
        "name": "Quán Cơm 123"
      },
      "geometry": {
        "type": "Point",
        "coordinates": [
          106.7526081,
          10.7946714
        ]
      },
      "id": "node/7104240157"
    },
    {
      "type": "Feature",
      "properties": {
        "@id": "node/7105232886",
        "amenity": "restaurant",
        "name:en": "Baba’s Kitchen"
      },
      "geometry": {
        "type": "Point",
        "coordinates": [
          106.6904484,
          10.7655321
        ]
      },
      "id": "node/7105232886"
    },
    {
      "type": "Feature",
      "properties": {
        "@id": "node/7109127688",
        "amenity": "restaurant",
        "name:en": "Manmaru Japanese Restaurant, good food reasonable price"
      },
      "geometry": {
        "type": "Point",
        "coordinates": [
          106.6954207,
          10.7728682
        ]
      },
      "id": "node/7109127688"
    },
    {
      "type": "Feature",
      "properties": {
        "@id": "node/7112231585",
        "amenity": "restaurant",
        "name": "Nhà Hàng Nanna's"
      },
      "geometry": {
        "type": "Point",
        "coordinates": [
          106.6934409,
          10.7692421
        ]
      },
      "id": "node/7112231585"
    },
    {
      "type": "Feature",
      "properties": {
        "@id": "node/7121874588",
        "addr:housenumber": "10",
        "addr:street": "Nguyễn Tri Phương",
        "air_conditioning": "yes",
        "amenity": "restaurant",
        "contact:facebook": "bepxanhanduyen",
        "contact:website": "https://www.bepxanhanduyen.com",
        "cuisine": "chinese",
        "diet:vegan": "yes",
        "diet:vegetarian": "yes",
        "indoor_seating": "yes",
        "internet_access": "wlan",
        "name": "Nhà Hàng Chay An Duyên",
        "name:en": "An Duyen Vegetarian",
        "opening_hours": "Mo-Su 10:00-14:00,17:00-21:30",
        "outdoor_seating": "no",
        "phone": "+84 28 2212 9947",
        "smoking": "no",
        "wheelchair": "limited"
      },
      "geometry": {
        "type": "Point",
        "coordinates": [
          106.6695873,
          10.7513543
        ]
      },
      "id": "node/7121874588"
    },
    {
      "type": "Feature",
      "properties": {
        "@id": "node/7124090286",
        "amenity": "restaurant",
        "name": "Quán Cơm Tấm Bụi SG"
      },
      "geometry": {
        "type": "Point",
        "coordinates": [
          106.6915329,
          10.790824
        ]
      },
      "id": "node/7124090286"
    },
    {
      "type": "Feature",
      "properties": {
        "@id": "node/7128373385",
        "addr:housenumber": "41B",
        "addr:street": "Đường Tôn Thất Tùng",
        "amenity": "restaurant",
        "cuisine": "sushi;japanese",
        "internet_access": "wlan",
        "name:en": "Sushi Wagao",
        "opening_hours": "Mo-Su 11:00-22:00",
        "phone": "0902705125",
        "website": "https://www.facebook.com/sushiwagao"
      },
      "geometry": {
        "type": "Point",
        "coordinates": [
          106.6873236,
          10.7711365
        ]
      },
      "id": "node/7128373385"
    },
    {
      "type": "Feature",
      "properties": {
        "@id": "node/7142636885",
        "amenity": "restaurant",
        "name": "Nhà Hàng Dê Ba Hơn"
      },
      "geometry": {
        "type": "Point",
        "coordinates": [
          106.6117602,
          10.7477198
        ]
      },
      "id": "node/7142636885"
    },
    {
      "type": "Feature",
      "properties": {
        "@id": "node/7144525963",
        "amenity": "restaurant",
        "name": "Nhà Hàng Downtown Steakhouse"
      },
      "geometry": {
        "type": "Point",
        "coordinates": [
          106.7042278,
          10.7740005
        ]
      },
      "id": "node/7144525963"
    },
    {
      "type": "Feature",
      "properties": {
        "@id": "node/7144527854",
        "amenity": "restaurant",
        "name:en": "USSR",
        "name:ru": "СССР",
        "name:vi": "Nhà Hàng & Cà Phê CCCP"
      },
      "geometry": {
        "type": "Point",
        "coordinates": [
          106.7003624,
          10.7916599
        ]
      },
      "id": "node/7144527854"
    },
    {
      "type": "Feature",
      "properties": {
        "@id": "node/7144539506",
        "amenity": "restaurant",
        "name": "Nhà Hàng 48 Bistro"
      },
      "geometry": {
        "type": "Point",
        "coordinates": [
          106.7183252,
          10.7282553
        ]
      },
      "id": "node/7144539506"
    },
    {
      "type": "Feature",
      "properties": {
        "@id": "node/7144558627",
        "amenity": "restaurant",
        "name": "Nhà Hàng - Cà Phê Lá Vàng"
      },
      "geometry": {
        "type": "Point",
        "coordinates": [
          106.6912985,
          10.7661639
        ]
      },
      "id": "node/7144558627"
    },
    {
      "type": "Feature",
      "properties": {
        "@id": "node/7144562726",
        "amenity": "restaurant",
        "name": "Nhà Hàng Tê Tê & Phê Quán"
      },
      "geometry": {
        "type": "Point",
        "coordinates": [
          106.6979008,
          10.7888308
        ]
      },
      "id": "node/7144562726"
    },
    {
      "type": "Feature",
      "properties": {
        "@id": "node/7144564242",
        "amenity": "restaurant",
        "name": "Nhà Hàng Funny Beef"
      },
      "geometry": {
        "type": "Point",
        "coordinates": [
          106.7042153,
          10.7741495
        ]
      },
      "id": "node/7144564242"
    },
    {
      "type": "Feature",
      "properties": {
        "@id": "node/7144702185",
        "amenity": "restaurant",
        "cuisine": "vietnamese",
        "internet_access": "wlan",
        "name": "Bún Chả Hồ Gươm"
      },
      "geometry": {
        "type": "Point",
        "coordinates": [
          106.7039146,
          10.7724791
        ]
      },
      "id": "node/7144702185"
    },
    {
      "type": "Feature",
      "properties": {
        "@id": "node/7144993913",
        "addr:city": "Ho Chi Minh City",
        "addr:district": "D1",
        "addr:housenumber": "130",
        "addr:street": "Ton That Dam",
        "addr:subdistrict": "Bến Nghé",
        "amenity": "restaurant",
        "cuisine": "fish_and_chips",
        "delivery": "yes",
        "email": "orderfood@union-jacks.co",
        "name": "Nhà Hàng Union Jack's Fish & Chips",
        "opening_hours": "Mo-Su 18:00+",
        "phone": "+84 76 7286183",
        "takeaway": "yes",
        "website": "https://union-jacks.co/"
      },
      "geometry": {
        "type": "Point",
        "coordinates": [
          106.7025314,
          10.7730705
        ]
      },
      "id": "node/7144993913"
    },
    {
      "type": "Feature",
      "properties": {
        "@id": "node/7149191085",
        "addr:housenumber": "7",
        "addr:street": "Thủ Khoa Huân",
        "amenity": "restaurant",
        "name": "Nhà Hàng Soul Bến Thành"
      },
      "geometry": {
        "type": "Point",
        "coordinates": [
          106.6975865,
          10.7731967
        ]
      },
      "id": "node/7149191085"
    },
    {
      "type": "Feature",
      "properties": {
        "@id": "node/7151907386",
        "addr:housenumber": "31",
        "addr:street": "Trương Định",
        "amenity": "restaurant",
        "cuisine": "vietnamese",
        "name": "Quán Phở 1954"
      },
      "geometry": {
        "type": "Point",
        "coordinates": [
          106.6961063,
          10.7718726
        ]
      },
      "id": "node/7151907386"
    },
    {
      "type": "Feature",
      "properties": {
        "@id": "node/7178342885",
        "addr:housenumber": "90",
        "addr:street": "Nguyễn Văn Thủ",
        "amenity": "restaurant",
        "name": "Nhà Hàng El Camino Korean Tacos"
      },
      "geometry": {
        "type": "Point",
        "coordinates": [
          106.6979385,
          10.7889453
        ]
      },
      "id": "node/7178342885"
    },
    {
      "type": "Feature",
      "properties": {
        "@id": "node/7178358890",
        "addr:housenumber": "193",
        "addr:street": "Hai Bà Trưng",
        "amenity": "restaurant",
        "name": "Nhà Hàng Ngon Villa Saigon"
      },
      "geometry": {
        "type": "Point",
        "coordinates": [
          106.6936699,
          10.7856978
        ]
      },
      "id": "node/7178358890"
    },
    {
      "type": "Feature",
      "properties": {
        "@id": "node/7206055885",
        "amenity": "restaurant",
        "cuisine": "vietnamese",
        "name": "Quán ăn gia đình 79",
        "name:en": "Restaurant 79"
      },
      "geometry": {
        "type": "Point",
        "coordinates": [
          106.6957721,
          10.7635434
        ]
      },
      "id": "node/7206055885"
    },
    {
      "type": "Feature",
      "properties": {
        "@id": "node/7216115222",
        "amenity": "restaurant",
        "cuisine": "vietnamese;asian;sandwich",
        "diet:dairy_free": "yes",
        "diet:gluten_free": "yes",
        "diet:lacto_vegetarian": "no",
        "diet:lactose_free": "yes",
        "diet:ovo_vegetarian": "only",
        "diet:pescetarian": "no",
        "diet:vegan": "only",
        "diet:vegetarian": "only",
        "internet_access": "wlan",
        "internet_access:fee": "no",
        "name": "Nhà Hàng Âu Lạc - Healthy World",
        "opening_hours": "Mo-Su 10:00-22:00",
        "takeaway": "yes",
        "toilets": "yes"
      },
      "geometry": {
        "type": "Point",
        "coordinates": [
          106.6913019,
          10.7700134
        ]
      },
      "id": "node/7216115222"
    },
    {
      "type": "Feature",
      "properties": {
        "@id": "node/7239177092",
        "addr:city": "Thành phố Hồ Chí Minh",
        "addr:district": "Quận 1",
        "addr:housenumber": "20",
        "addr:street": "Đường Trần Ðình Xu",
        "amenity": "restaurant",
        "cuisine": "vietnamese",
        "diet:lacto_vegetarian": "no",
        "diet:ovo_vegetarian": "yes",
        "diet:pescetarian": "no",
        "diet:vegan": "only",
        "diet:vegetarian": "yes",
        "name": "Quán Chay 20",
        "old_name:en": "Chay Na Toi Vegan",
        "takeaway": "yes",
        "toilets": "yes",
        "toilets:access": "customers",
        "wheelchair": "limited"
      },
      "geometry": {
        "type": "Point",
        "coordinates": [
          106.692266,
          10.7592442
        ]
      },
      "id": "node/7239177092"
    },
    {
      "type": "Feature",
      "properties": {
        "@id": "node/7239180058",
        "amenity": "restaurant",
        "cuisine": "vietnamese",
        "diet:vegan": "yes",
        "diet:vegetarian": "yes",
        "name": "Tiệm Cơm Chay Pháp Hoa",
        "smoking": "yes",
        "takeaway": "yes",
        "toilets": "yes",
        "wheelchair": "limited"
      },
      "geometry": {
        "type": "Point",
        "coordinates": [
          106.6880568,
          10.7632075
        ]
      },
      "id": "node/7239180058"
    },
    {
      "type": "Feature",
      "properties": {
        "@id": "node/7243393485",
        "addr:housenumber": "152",
        "addr:postcode": "700000",
        "addr:street": "Bùi Thị Xuân",
        "amenity": "restaurant",
        "internet_access": "wlan",
        "name": "Hủ Tíu Đức Minh"
      },
      "geometry": {
        "type": "Point",
        "coordinates": [
          106.663892,
          10.7957211
        ]
      },
      "id": "node/7243393485"
    },
    {
      "type": "Feature",
      "properties": {
        "@id": "node/7258203786",
        "amenity": "restaurant",
        "cuisine": "indian",
        "internet_access": "wlan",
        "name": "Nhà Hàng Ấn Độ Gujarat"
      },
      "geometry": {
        "type": "Point",
        "coordinates": [
          106.6909915,
          10.7673132
        ]
      },
      "id": "node/7258203786"
    },
    {
      "type": "Feature",
      "properties": {
        "@id": "node/7281809985",
        "addr:street": "28/35 Phạm Huy Thông",
        "amenity": "restaurant",
        "name": "Nhà Hàng Món Ngon Nhà Nấu"
      },
      "geometry": {
        "type": "Point",
        "coordinates": [
          106.6829738,
          10.832839
        ]
      },
      "id": "node/7281809985"
    },
    {
      "type": "Feature",
      "properties": {
        "@id": "node/7296228485",
        "amenity": "restaurant",
        "name:fr": "L’Usine"
      },
      "geometry": {
        "type": "Point",
        "coordinates": [
          106.7040637,
          10.7796805
        ]
      },
      "id": "node/7296228485"
    },
    {
      "type": "Feature",
      "properties": {
        "@id": "node/7418418085",
        "amenity": "restaurant",
        "name": "Bánh Canh Ghẹ Tuyết Thu"
      },
      "geometry": {
        "type": "Point",
        "coordinates": [
          106.6545955,
          10.7966503
        ]
      },
      "id": "node/7418418085"
    },
    {
      "type": "Feature",
      "properties": {
        "@id": "node/7485163485",
        "addr:housenumber": "264",
        "addr:street": "Bến Bãi Sậy",
        "amenity": "restaurant",
        "name": "Kungfu Mì Kéo Lộc Ký",
        "opening_hours": "Mo-Su 06:30-22:00",
        "phone": "+84 93 827 62 33"
      },
      "geometry": {
        "type": "Point",
        "coordinates": [
          106.642449,
          10.7467142
        ]
      },
      "id": "node/7485163485"
    },
    {
      "type": "Feature",
      "properties": {
        "@id": "node/7501164408",
        "amenity": "restaurant",
        "name": "Căn tin"
      },
      "geometry": {
        "type": "Point",
        "coordinates": [
          106.7037068,
          10.7820571
        ]
      },
      "id": "node/7501164408"
    },
    {
      "type": "Feature",
      "properties": {
        "@id": "node/7502330326",
        "amenity": "restaurant",
        "brand": "Phở 24",
        "brand:wikidata": "Q63863118",
        "cuisine": "vietnamese;noodle",
        "name": "Phở 24",
        "name:en": "Pho 24",
        "name:vi": "Phở 24"
      },
      "geometry": {
        "type": "Point",
        "coordinates": [
          106.6996747,
          10.7771167
        ]
      },
      "id": "node/7502330326"
    },
    {
      "type": "Feature",
      "properties": {
        "@id": "node/7502711473",
        "amenity": "restaurant",
        "name": "Ốc Vân"
      },
      "geometry": {
        "type": "Point",
        "coordinates": [
          106.6971119,
          10.7718561
        ]
      },
      "id": "node/7502711473"
    },
    {
      "type": "Feature",
      "properties": {
        "@id": "node/7502711476",
        "amenity": "restaurant",
        "name": "Nhà Hàng Haji Idris"
      },
      "geometry": {
        "type": "Point",
        "coordinates": [
          106.6969744,
          10.7717777
        ]
      },
      "id": "node/7502711476"
    },
    {
      "type": "Feature",
      "properties": {
        "@id": "node/7502711477",
        "amenity": "restaurant",
        "name": "Nhà Hàng Haji Osman"
      },
      "geometry": {
        "type": "Point",
        "coordinates": [
          106.6969067,
          10.7717408
        ]
      },
      "id": "node/7502711477"
    },
    {
      "type": "Feature",
      "properties": {
        "@id": "node/7502711481",
        "amenity": "restaurant",
        "name": "Nhà Hàng Musakariem"
      },
      "geometry": {
        "type": "Point",
        "coordinates": [
          106.6967243,
          10.771617
        ]
      },
      "id": "node/7502711481"
    },
    {
      "type": "Feature",
      "properties": {
        "@id": "node/7503285135",
        "amenity": "restaurant",
        "name": "Quán Cơm Halal",
        "name:en": "Kedai makan Halal"
      },
      "geometry": {
        "type": "Point",
        "coordinates": [
          106.7014537,
          10.7699602
        ]
      },
      "id": "node/7503285135"
    },
    {
      "type": "Feature",
      "properties": {
        "@id": "node/7503285303",
        "amenity": "restaurant",
        "name": "Quán Cơm Gà Hải Nam"
      },
      "geometry": {
        "type": "Point",
        "coordinates": [
          106.7004318,
          10.7700564
        ]
      },
      "id": "node/7503285303"
    },
    {
      "type": "Feature",
      "properties": {
        "@id": "node/7513022959",
        "amenity": "restaurant",
        "name": "Nhà Hàng Đồng Nhân"
      },
      "geometry": {
        "type": "Point",
        "coordinates": [
          106.7026178,
          10.7734311
        ]
      },
      "id": "node/7513022959"
    },
    {
      "type": "Feature",
      "properties": {
        "@id": "node/7513029992",
        "amenity": "restaurant",
        "cuisine": "grill",
        "name": "Nhà Hàng Kyu Shige"
      },
      "geometry": {
        "type": "Point",
        "coordinates": [
          106.7022993,
          10.7731525
        ]
      },
      "id": "node/7513029992"
    },
    {
      "type": "Feature",
      "properties": {
        "@id": "node/7529106290",
        "amenity": "restaurant",
        "name": "Nhà Hàng IPPUDO",
        "name:en": "IPPUDO Le Thanh Ton"
      },
      "geometry": {
        "type": "Point",
        "coordinates": [
          106.7038529,
          10.7797911
        ]
      },
      "id": "node/7529106290"
    },
    {
      "type": "Feature",
      "properties": {
        "@id": "node/7529106343",
        "amenity": "restaurant",
        "name": "Nhà Hàng Shang Palace"
      },
      "geometry": {
        "type": "Point",
        "coordinates": [
          106.7038268,
          10.7807397
        ]
      },
      "id": "node/7529106343"
    },
    {
      "type": "Feature",
      "properties": {
        "@id": "node/7529106380",
        "amenity": "restaurant",
        "name": "Nhà Hàng Zen"
      },
      "geometry": {
        "type": "Point",
        "coordinates": [
          106.705009,
          10.7814234
        ]
      },
      "id": "node/7529106380"
    },
    {
      "type": "Feature",
      "properties": {
        "@id": "node/7529106460",
        "addr:housenumber": "2A",
        "addr:street": "Lê Thánh Tôn",
        "amenity": "restaurant",
        "name": "Nhà Hàng Katsu"
      },
      "geometry": {
        "type": "Point",
        "coordinates": [
          106.7059216,
          10.7821981
        ]
      },
      "id": "node/7529106460"
    },
    {
      "type": "Feature",
      "properties": {
        "@id": "node/7529106461",
        "amenity": "restaurant",
        "name": "Nhà Hàng Bishin"
      },
      "geometry": {
        "type": "Point",
        "coordinates": [
          106.7058901,
          10.7823364
        ]
      },
      "id": "node/7529106461"
    },
    {
      "type": "Feature",
      "properties": {
        "@id": "node/7529106466",
        "amenity": "restaurant",
        "name": "Nhà Hàng Riêu Cá Chép"
      },
      "geometry": {
        "type": "Point",
        "coordinates": [
          106.705707,
          10.782478
        ]
      },
      "id": "node/7529106466"
    },
    {
      "type": "Feature",
      "properties": {
        "@id": "node/7529106702",
        "amenity": "restaurant"
      },
      "geometry": {
        "type": "Point",
        "coordinates": [
          106.7028458,
          10.783557
        ]
      },
      "id": "node/7529106702"
    },
    {
      "type": "Feature",
      "properties": {
        "@id": "node/7535619142",
        "amenity": "restaurant",
        "cuisine": "vietnamese",
        "name": "Nhà Hàng Truly Việt"
      },
      "geometry": {
        "type": "Point",
        "coordinates": [
          106.6963065,
          10.7718587
        ]
      },
      "id": "node/7535619142"
    },
    {
      "type": "Feature",
      "properties": {
        "@id": "node/7547320585",
        "addr:housenumber": "13",
        "addr:street": "Tống Hữu Định",
        "amenity": "restaurant",
        "cuisine": "french",
        "name:fr": "Le Bacoulos",
        "phone": "+842835194058"
      },
      "geometry": {
        "type": "Point",
        "coordinates": [
          106.7329403,
          10.8060312
        ]
      },
      "id": "node/7547320585"
    },
    {
      "type": "Feature",
      "properties": {
        "@id": "node/7564874143",
        "amenity": "restaurant",
        "cuisine": "sushi",
        "name": "Sushi To"
      },
      "geometry": {
        "type": "Point",
        "coordinates": [
          106.7444236,
          10.8012108
        ]
      },
      "id": "node/7564874143"
    },
    {
      "type": "Feature",
      "properties": {
        "@id": "node/7649842685",
        "amenity": "restaurant",
        "cuisine": "italian;vietnamese",
        "diet:vegetarian": "yes",
        "name": "Nhà Hàng Prem Bistro & Cafe"
      },
      "geometry": {
        "type": "Point",
        "coordinates": [
          106.690433,
          10.7787296
        ]
      },
      "id": "node/7649842685"
    },
    {
      "type": "Feature",
      "properties": {
        "@id": "node/7656520585",
        "amenity": "restaurant",
        "name": "Nhà Hàng Tràm chim"
      },
      "geometry": {
        "type": "Point",
        "coordinates": [
          106.6149006,
          10.7455143
        ]
      },
      "id": "node/7656520585"
    },
    {
      "type": "Feature",
      "properties": {
        "@id": "node/7686942401",
        "addr:city": "Thành phố Hồ Chí Minh",
        "addr:district": "Quận 4",
        "addr:housenumber": "58",
        "addr:postcode": "70000",
        "addr:province": "Ho Chi Minh",
        "addr:street": "Đường Hoàng Diệu",
        "addr:subdistrict": "Phường 12",
        "amenity": "restaurant",
        "cuisine": "italian;vietnamese",
        "delivery": "yes",
        "internet_access": "yes",
        "name": "Quán Ăn Cô Tư",
        "opening_hours": "Mo-Fr 08:00-17:00",
        "opening_hours:covid19": "Mo-Sa 07:00-13:00",
        "phone": "070 342 6506",
        "reservation": "yes"
      },
      "geometry": {
        "type": "Point",
        "coordinates": [
          106.7059021,
          10.7647004
        ]
      },
      "id": "node/7686942401"
    },
    {
      "type": "Feature",
      "properties": {
        "@id": "node/7733490485",
        "addr:housenumber": "29",
        "addr:street": "Nguyễn Bá Lân",
        "amenity": "restaurant",
        "cuisine": "barbecue;burger;grill;pasta",
        "name:en": "Butcher"
      },
      "geometry": {
        "type": "Point",
        "coordinates": [
          106.7360752,
          10.8038416
        ]
      },
      "id": "node/7733490485"
    },
    {
      "type": "Feature",
      "properties": {
        "@id": "node/7733580985",
        "amenity": "restaurant",
        "cuisine": "korean",
        "name": "Nhà Hàng The Street - BBQ & Beer",
        "name:en": "The Street - BBQ & Beer"
      },
      "geometry": {
        "type": "Point",
        "coordinates": [
          106.6894166,
          10.7866761
        ]
      },
      "id": "node/7733580985"
    },
    {
      "type": "Feature",
      "properties": {
        "@id": "node/7759763869",
        "amenity": "restaurant",
        "cuisine": "steak_house",
        "name": "Nhà Hàng Nam Sơn Beefsteaks"
      },
      "geometry": {
        "type": "Point",
        "coordinates": [
          106.6926726,
          10.7819618
        ]
      },
      "id": "node/7759763869"
    },
    {
      "type": "Feature",
      "properties": {
        "@id": "node/7783820686",
        "addr:housenumber": "27",
        "addr:street": "Đường Trần Quang Long, Phường 19, Bình Thạnh",
        "amenity": "restaurant",
        "name:fr": "Café Tartine Saigon"
      },
      "geometry": {
        "type": "Point",
        "coordinates": [
          106.7116321,
          10.7917374
        ]
      },
      "id": "node/7783820686"
    },
    {
      "type": "Feature",
      "properties": {
        "@id": "node/7784316986",
        "amenity": "restaurant",
        "name": "Nhà Hàng Menya Takeichi & Yakitori Shindo"
      },
      "geometry": {
        "type": "Point",
        "coordinates": [
          106.6908274,
          10.7696694
        ]
      },
      "id": "node/7784316986"
    },
    {
      "type": "Feature",
      "properties": {
        "@id": "node/7784326085",
        "amenity": "restaurant",
        "name": "Nhà Hàng Lẩu Cua Đồng"
      },
      "geometry": {
        "type": "Point",
        "coordinates": [
          106.6913491,
          10.7762701
        ]
      },
      "id": "node/7784326085"
    },
    {
      "type": "Feature",
      "properties": {
        "@id": "node/7784326185",
        "amenity": "restaurant",
        "name": "Nhà Hàng Salad"
      },
      "geometry": {
        "type": "Point",
        "coordinates": [
          106.6902052,
          10.7744988
        ]
      },
      "id": "node/7784326185"
    },
    {
      "type": "Feature",
      "properties": {
        "@id": "node/7793104522",
        "addr:city": "Thành phố Hồ Chí Minh",
        "addr:housenumber": "34",
        "addr:street": "Mê Linh",
        "addr:subdistrict": "Phường 19",
        "amenity": "restaurant",
        "cuisine": "sushi;sashimi;japanese",
        "name": "Sushi Gõ",
        "opening_hours": "Mo-Su 10:00-22:00",
        "opening_hours:covid19": "restricted"
      },
      "geometry": {
        "type": "Point",
        "coordinates": [
          106.7095502,
          10.7893608
        ]
      },
      "id": "node/7793104522"
    },
    {
      "type": "Feature",
      "properties": {
        "@id": "node/7798632394",
        "addr:city": "Phường An Bình",
        "addr:province": "Bình Dương",
        "addr:street": "Nguyễn Tri Phương",
        "addr:subdistrict": "Dĩ An",
        "amenity": "restaurant",
        "name": "Kiếm Thẻ Caò",
        "opening_hours": "24/7",
        "phone": "0378544082",
        "website": "https://kiemthecaofree.com/"
      },
      "geometry": {
        "type": "Point",
        "coordinates": [
          106.7592056,
          10.8824611
        ]
      },
      "id": "node/7798632394"
    },
    {
      "type": "Feature",
      "properties": {
        "@id": "node/7800081069",
        "addr:city": "TP HCM",
        "addr:housename": "Quán Chay Cát Huệ",
        "addr:housenumber": "49",
        "amenity": "restaurant",
        "cuisine": "vietnamese",
        "name": "Quán Chay Cát Huệ",
        "website": "https://www.facebook.com/amthucchaycathue/?ref=page_internal"
      },
      "geometry": {
        "type": "Point",
        "coordinates": [
          106.7188757,
          10.801633
        ]
      },
      "id": "node/7800081069"
    },
    {
      "type": "Feature",
      "properties": {
        "@id": "node/7803311787",
        "amenity": "restaurant",
        "name": "QA-Út Hiên -Lý Thái Tổ-Ấp Cát Lái- Đại Phước-"
      },
      "geometry": {
        "type": "Point",
        "coordinates": [
          106.7940511,
          10.7525473
        ]
      },
      "id": "node/7803311787"
    },
    {
      "type": "Feature",
      "properties": {
        "@id": "node/7810212986",
        "amenity": "restaurant",
        "name": "Cháo Ếch Singapore"
      },
      "geometry": {
        "type": "Point",
        "coordinates": [
          106.6881981,
          10.7695678
        ]
      },
      "id": "node/7810212986"
    },
    {
      "type": "Feature",
      "properties": {
        "@id": "node/7820749285",
        "amenity": "restaurant",
        "name": "Nhà Hàng Kichi Kichi"
      },
      "geometry": {
        "type": "Point",
        "coordinates": [
          106.691692,
          10.7804743
        ]
      },
      "id": "node/7820749285"
    },
    {
      "type": "Feature",
      "properties": {
        "@id": "node/7834113885",
        "addr:housenumber": "15/14",
        "addr:street": "Nguyễn Thị Minh Khai",
        "amenity": "restaurant",
        "cuisine": "italian",
        "name": "Nhà Hàng The 7P",
        "name:vi": "The 70M Pasta & Steak"
      },
      "geometry": {
        "type": "Point",
        "coordinates": [
          106.7010816,
          10.7851277
        ]
      },
      "id": "node/7834113885"
    },
    {
      "type": "Feature",
      "properties": {
        "@id": "node/7860122293",
        "addr:city": "Hồ Chí Minh",
        "addr:district": "Nhà Bè",
        "addr:housenumber": "22-24",
        "addr:postcode": "700000",
        "addr:province": "Nhà Bè",
        "addr:street": "khu căn hộ The Park Residence - Nguyễn Hữu Thọ",
        "addr:subdistrict": "Phước Kiển",
        "air_conditioning": "yes",
        "amenity": "restaurant",
        "cuisine": "vietnamese;coffee_shop",
        "delivery": "yes",
        "name": "Nhà Hàng Green Foods",
        "opening_hours": "Mo-Su 08:00-22:00",
        "phone": "028 3535 0201",
        "takeaway": "yes",
        "website": "https://green-foods-restaurant.business.site/"
      },
      "geometry": {
        "type": "Point",
        "coordinates": [
          106.7077717,
          10.7114353
        ]
      },
      "id": "node/7860122293"
    },
    {
      "type": "Feature",
      "properties": {
        "@id": "node/7874182385",
        "addr:street": "Hẻm 282 Bùi Hữu Nghĩa",
        "amenity": "restaurant",
        "name": "Quán Ốc Mắm Sữa",
        "name:en": "snail"
      },
      "geometry": {
        "type": "Point",
        "coordinates": [
          106.7007502,
          10.8006097
        ]
      },
      "id": "node/7874182385"
    },
    {
      "type": "Feature",
      "properties": {
        "@id": "node/7934391903",
        "addr:city": "Hồ Chí Minh",
        "addr:district": "Quận 7",
        "addr:housenumber": "31-33 Khu Him Lam Khu Him Lam",
        "addr:street": "Đường Nguyễn Thị Thập",
        "addr:subdistrict": "Tân Hưng",
        "amenity": "restaurant",
        "name": "Nhà hàng Tokyo Deli"
      },
      "geometry": {
        "type": "Point",
        "coordinates": [
          106.6990024,
          10.7405616
        ]
      },
      "id": "node/7934391903"
    },
    {
      "type": "Feature",
      "properties": {
        "@id": "node/7944770285",
        "amenity": "restaurant",
        "name": "Nhà Hàng Hotspot Story"
      },
      "geometry": {
        "type": "Point",
        "coordinates": [
          106.6564135,
          10.7544659
        ]
      },
      "id": "node/7944770285"
    },
    {
      "type": "Feature",
      "properties": {
        "@id": "node/7944770286",
        "amenity": "restaurant",
        "name": "Nhà Hàng Hotspot"
      },
      "geometry": {
        "type": "Point",
        "coordinates": [
          106.6898873,
          10.7760845
        ]
      },
      "id": "node/7944770286"
    },
    {
      "type": "Feature",
      "properties": {
        "@id": "node/8022703212",
        "addr:city": "Ho Chi Minh City",
        "addr:district": "Bình Thạnh",
        "addr:housenumber": "46",
        "addr:postcode": "700000",
        "addr:province": "ho chi minh",
        "addr:street": "Phạm Viết Chánh",
        "addr:subdistrict": "Phường 19",
        "amenity": "restaurant",
        "cuisine": "burger",
        "name": "Nhà Hàng Chuck's Burgers PVC",
        "opening_hours": "Mo-Su 10:00-22:00",
        "phone": "+84902119530",
        "website": "https://www.cburgers.com/"
      },
      "geometry": {
        "type": "Point",
        "coordinates": [
          106.7105063,
          10.790156
        ]
      },
      "id": "node/8022703212"
    },
    {
      "type": "Feature",
      "properties": {
        "@id": "node/8032750057",
        "amenity": "restaurant"
      },
      "geometry": {
        "type": "Point",
        "coordinates": [
          106.6876229,
          10.7865798
        ]
      },
      "id": "node/8032750057"
    },
    {
      "type": "Feature",
      "properties": {
        "@id": "node/8032750095",
        "amenity": "restaurant"
      },
      "geometry": {
        "type": "Point",
        "coordinates": [
          106.6849346,
          10.7890236
        ]
      },
      "id": "node/8032750095"
    },
    {
      "type": "Feature",
      "properties": {
        "@id": "node/8038997289",
        "amenity": "restaurant",
        "name": "Hải Sản Nha Trang"
      },
      "geometry": {
        "type": "Point",
        "coordinates": [
          106.7194157,
          10.8233291
        ]
      },
      "id": "node/8038997289"
    },
    {
      "type": "Feature",
      "properties": {
        "@id": "node/8038997489",
        "amenity": "restaurant",
        "name": "Thố - Nhà Hàng Ẩm Thực"
      },
      "geometry": {
        "type": "Point",
        "coordinates": [
          106.719602,
          10.8217497
        ]
      },
      "id": "node/8038997489"
    },
    {
      "type": "Feature",
      "properties": {
        "@id": "node/8038997586",
        "amenity": "restaurant",
        "name": "Lẩu Dê Thanh Bình"
      },
      "geometry": {
        "type": "Point",
        "coordinates": [
          106.719371,
          10.8234577
        ]
      },
      "id": "node/8038997586"
    },
    {
      "type": "Feature",
      "properties": {
        "@id": "node/8043836585",
        "addr:housenumber": "10",
        "addr:street": "Đường Số 37",
        "amenity": "restaurant",
        "name:fr": "Au Repère - Saigon"
      },
      "geometry": {
        "type": "Point",
        "coordinates": [
          106.7264054,
          10.7860196
        ]
      },
      "id": "node/8043836585"
    },
    {
      "type": "Feature",
      "properties": {
        "@id": "node/8070906885",
        "addr:housenumber": "55/6",
        "addr:street": "Lê Thị Hồng Gấm",
        "amenity": "restaurant",
        "name:en": "Padma de Fleur"
      },
      "geometry": {
        "type": "Point",
        "coordinates": [
          106.6978493,
          10.7685984
        ]
      },
      "id": "node/8070906885"
    },
    {
      "type": "Feature",
      "properties": {
        "@id": "node/8100983474",
        "amenity": "restaurant",
        "cuisine": "rice"
      },
      "geometry": {
        "type": "Point",
        "coordinates": [
          106.6821018,
          10.7485923
        ]
      },
      "id": "node/8100983474"
    },
    {
      "type": "Feature",
      "properties": {
        "@id": "node/8100983478",
        "amenity": "restaurant",
        "cuisine": "rice",
        "name": "Cơm Tấm - Âu Dương Lân"
      },
      "geometry": {
        "type": "Point",
        "coordinates": [
          106.6820224,
          10.7479219
        ]
      },
      "id": "node/8100983478"
    },
    {
      "type": "Feature",
      "properties": {
        "@id": "node/8100983487",
        "amenity": "restaurant",
        "diet:vegetarian": "yes",
        "name": "Nhà Hàng Như Ý"
      },
      "geometry": {
        "type": "Point",
        "coordinates": [
          106.6828013,
          10.7461511
        ]
      },
      "id": "node/8100983487"
    },
    {
      "type": "Feature",
      "properties": {
        "@id": "node/8124549517",
        "addr:housenumber": "43D",
        "addr:street": "Đường số 8",
        "amenity": "restaurant",
        "name": "Nhà Hàng Ẩm Thực Nai Vàng"
      },
      "geometry": {
        "type": "Point",
        "coordinates": [
          106.7702989,
          10.8558985
        ]
      },
      "id": "node/8124549517"
    },
    {
      "type": "Feature",
      "properties": {
        "@id": "node/8149536058",
        "amenity": "restaurant",
        "name": "Nhà Hàng Bún Bò Ghẹ"
      },
      "geometry": {
        "type": "Point",
        "coordinates": [
          106.6560582,
          10.8542827
        ]
      },
      "id": "node/8149536058"
    },
    {
      "type": "Feature",
      "properties": {
        "@id": "node/8149539319",
        "amenity": "restaurant"
      },
      "geometry": {
        "type": "Point",
        "coordinates": [
          106.656916,
          10.8483209
        ]
      },
      "id": "node/8149539319"
    },
    {
      "type": "Feature",
      "properties": {
        "@id": "node/8231116117",
        "addr:housenumber": "227",
        "addr:street": "Đường Trần Văn Kiểu",
        "amenity": "restaurant",
        "internet_access": "wlan",
        "name": "Hẻm Quán"
      },
      "geometry": {
        "type": "Point",
        "coordinates": [
          106.6281008,
          10.7419766
        ]
      },
      "id": "node/8231116117"
    },
    {
      "type": "Feature",
      "properties": {
        "@id": "node/8269060739",
        "amenity": "restaurant",
        "cuisine": "korean",
        "name": "Nhà Hàng Bornga"
      },
      "geometry": {
        "type": "Point",
        "coordinates": [
          106.7216165,
          10.7947
        ]
      },
      "id": "node/8269060739"
    },
    {
      "type": "Feature",
      "properties": {
        "@id": "node/8269203797",
        "amenity": "restaurant",
        "cuisine": "vietnamese",
        "name": "Quán Cơm Tấm Cali"
      },
      "geometry": {
        "type": "Point",
        "coordinates": [
          106.7212617,
          10.7938955
        ]
      },
      "id": "node/8269203797"
    },
    {
      "type": "Feature",
      "properties": {
        "@id": "node/8296010405",
        "amenity": "restaurant",
        "name": "Nhà Hàng Don Chicken"
      },
      "geometry": {
        "type": "Point",
        "coordinates": [
          106.7222286,
          10.7915425
        ]
      },
      "id": "node/8296010405"
    },
    {
      "type": "Feature",
      "properties": {
        "@id": "node/8308532989",
        "addr:city": "Hồ Chí Minh",
        "addr:district": "7",
        "addr:housenumber": "1B",
        "addr:street": "Đường số 10",
        "addr:subdistrict": "Tan Quy",
        "amenity": "restaurant",
        "cuisine": "vietnamese",
        "diet:meat": "yes",
        "name": "Bún Đậu 3 Nàng"
      },
      "geometry": {
        "type": "Point",
        "coordinates": [
          106.7099978,
          10.7419361
        ]
      },
      "id": "node/8308532989"
    },
    {
      "type": "Feature",
      "properties": {
        "@id": "node/8482012567",
        "amenity": "restaurant"
      },
      "geometry": {
        "type": "Point",
        "coordinates": [
          106.6613985,
          10.7915338
        ]
      },
      "id": "node/8482012567"
    },
    {
      "type": "Feature",
      "properties": {
        "@id": "node/8548931468",
        "addr:district": "Quận 6",
        "addr:housenumber": "164B",
        "addr:street": "Đường Hậu Giang",
        "addr:subdistrict": "Phường 6",
        "amenity": "restaurant",
        "brand": "Pizza Hut",
        "brand:wikidata": "Q191615",
        "brand:wikipedia": "en:Pizza Hut",
        "cuisine": "pizza",
        "name": "Pizza Hut"
      },
      "geometry": {
        "type": "Point",
        "coordinates": [
          106.6440891,
          10.749873
        ]
      },
      "id": "node/8548931468"
    },
    {
      "type": "Feature",
      "properties": {
        "@id": "node/8559337917",
        "addr:street": "Bờ Bao Tân Thắng",
        "amenity": "restaurant",
        "name": "Quán Cơm Chay Thiên Ý"
      },
      "geometry": {
        "type": "Point",
        "coordinates": [
          106.6143641,
          10.7994944
        ]
      },
      "id": "node/8559337917"
    },
    {
      "type": "Feature",
      "properties": {
        "@id": "node/8570873421",
        "addr:city": "Ho Chi Minh City",
        "addr:district": "Quận 10",
        "addr:housenumber": "226",
        "addr:postcode": "72000",
        "addr:province": "Hồ Chí Minh",
        "addr:street": "Đường Nguyễn Tri Phương",
        "addr:subdistrict": "Phường 4",
        "air_conditioning": "yes",
        "amenity": "restaurant",
        "cuisine": "chicken;fast_food;korean",
        "delivery": "yes",
        "diet:meat": "yes",
        "name": "Chicken Plus Nguyễn Tri Phương",
        "opening_hours": "Mo-Su 10:00-22:00",
        "takeaway": "yes",
        "website": "https://gachienchickenplus.com"
      },
      "geometry": {
        "type": "Point",
        "coordinates": [
          106.6687167,
          10.7613537
        ]
      },
      "id": "node/8570873421"
    },
    {
      "type": "Feature",
      "properties": {
        "@id": "node/8616352717",
        "addr:housenumber": "37",
        "addr:street": "Star Hills Residence",
        "amenity": "restaurant",
        "name": "Nhà Hàng Bếp Bắc",
        "name:en": "North Vietnam Kitchen"
      },
      "geometry": {
        "type": "Point",
        "coordinates": [
          106.7251041,
          10.7290809
        ]
      },
      "id": "node/8616352717"
    },
    {
      "type": "Feature",
      "properties": {
        "@id": "node/8639796008",
        "addr:housenumber": "37",
        "addr:street": "Tống Hữu Định",
        "amenity": "restaurant",
        "cuisine": "turkish;mediterranean;malaysian;indian",
        "diet:halal": "yes",
        "name": "Pasha Garden Lounge",
        "phone": "+84 369 973 783",
        "website": "https://pashagardenlounge.com.vn/"
      },
      "geometry": {
        "type": "Point",
        "coordinates": [
          106.7346616,
          10.8066273
        ]
      },
      "id": "node/8639796008"
    },
    {
      "type": "Feature",
      "properties": {
        "@id": "node/8724303924",
        "addr:city": "Ho Chi Minh City",
        "addr:district": "10",
        "addr:housenumber": "336",
        "addr:postcode": "70000",
        "addr:province": "HoChiMinh City",
        "addr:street": "Đường Nguyễn Duy Dương",
        "addr:subdistrict": "9",
        "air_conditioning": "yes",
        "amenity": "restaurant",
        "changing_table": "no",
        "cuisine": "vietnamese",
        "currency:VND": "yes",
        "diet:gluten_free": "yes",
        "diet:halal": "yes",
        "diet:vegan": "yes",
        "diet:vegetarian": "only",
        "image": "https://i.imgur.com/jS42439.jpg",
        "indoor_seating": "yes",
        "internet_access": "wlan",
        "name": "Cơm Chay Thuyền Tịnh",
        "opening_hours": "24/7",
        "operator": "Chin Meat",
        "outdoor_seating": "no",
        "payment:cash": "yes",
        "payment:contactless": "yes",
        "payment:credit_cards": "yes",
        "payment:electronic_purses": "yes",
        "phone": "+84914145614",
        "smoking": "no",
        "website": "https://www.chinmeat.com",
        "wheelchair": "no"
      },
      "geometry": {
        "type": "Point",
        "coordinates": [
          106.6702377,
          10.764674
        ]
      },
      "id": "node/8724303924"
    },
    {
      "type": "Feature",
      "properties": {
        "@id": "node/8995806253",
        "amenity": "restaurant",
        "bench": "no",
        "name": "Bún Đậu Mắm Tôm Mạc Văn Khoa",
        "shelter": "no"
      },
      "geometry": {
        "type": "Point",
        "coordinates": [
          106.7126575,
          10.8120888
        ]
      },
      "id": "node/8995806253"
    },
    {
      "type": "Feature",
      "properties": {
        "@id": "node/9409086441",
        "air_conditioning": "yes",
        "amenity": "restaurant",
        "cuisine": "vietnamese",
        "diet:vegan": "yes",
        "diet:vegetarian": "yes",
        "indoor_seating": "yes",
        "name": "Nhà Hàng Diệu Hạnh",
        "opening_hours": "Mo-Su 08:00-21:30",
        "outdoor_seating": "no"
      },
      "geometry": {
        "type": "Point",
        "coordinates": [
          106.7258121,
          10.7669719
        ]
      },
      "id": "node/9409086441"
    },
    {
      "type": "Feature",
      "properties": {
        "@id": "node/9584652596",
        "amenity": "restaurant",
        "name": "Sushi Hokkaido Sachi - Nguyễn Trãi"
      },
      "geometry": {
        "type": "Point",
        "coordinates": [
          106.690576,
          10.7692705
        ]
      },
      "id": "node/9584652596"
    },
    {
      "type": "Feature",
      "properties": {
        "@id": "node/9584673033",
        "amenity": "restaurant",
        "name": "Quán Làng Ốc - Dương Bá Trạc"
      },
      "geometry": {
        "type": "Point",
        "coordinates": [
          106.6895503,
          10.7423839
        ]
      },
      "id": "node/9584673033"
    },
    {
      "type": "Feature",
      "properties": {
        "@id": "node/9584806604",
        "amenity": "restaurant",
        "name": "Nhà Hàng Hải Sản Rạn Biển 5"
      },
      "geometry": {
        "type": "Point",
        "coordinates": [
          106.6868855,
          10.7869111
        ]
      },
      "id": "node/9584806604"
    },
    {
      "type": "Feature",
      "properties": {
        "@id": "node/9584806610",
        "amenity": "restaurant",
        "name": "Nhà Hàng The Gangs"
      },
      "geometry": {
        "type": "Point",
        "coordinates": [
          106.6976992,
          10.7868339
        ]
      },
      "id": "node/9584806610"
    },
    {
      "type": "Feature",
      "properties": {
        "@id": "node/9584806612",
        "amenity": "restaurant",
        "name": "Ốc Ghe"
      },
      "geometry": {
        "type": "Point",
        "coordinates": [
          106.6975129,
          10.7868756
        ]
      },
      "id": "node/9584806612"
    },
    {
      "type": "Feature",
      "properties": {
        "@id": "node/9584806616",
        "amenity": "restaurant",
        "name": "Warning Zone Garden - Nguyễn Đình Chiểu"
      },
      "geometry": {
        "type": "Point",
        "coordinates": [
          106.6974554,
          10.7860954
        ]
      },
      "id": "node/9584806616"
    },
    {
      "type": "Feature",
      "properties": {
        "@id": "node/9584814611",
        "amenity": "restaurant",
        "name": "Lẩu Cá Kèo Bà Huyện 18"
      },
      "geometry": {
        "type": "Point",
        "coordinates": [
          106.6890693,
          10.7766174
        ]
      },
      "id": "node/9584814611"
    },
    {
      "type": "Feature",
      "properties": {
        "@id": "node/9584824719",
        "amenity": "restaurant",
        "name": "Warning Zone - Hai Bà Trưng"
      },
      "geometry": {
        "type": "Point",
        "coordinates": [
          106.6952273,
          10.785167
        ]
      },
      "id": "node/9584824719"
    },
    {
      "type": "Feature",
      "properties": {
        "@id": "node/9584833434",
        "amenity": "restaurant",
        "name": "Nhà Hàng Ru Nam D'or"
      },
      "geometry": {
        "type": "Point",
        "coordinates": [
          106.6989688,
          10.7792416
        ]
      },
      "id": "node/9584833434"
    },
    {
      "type": "Feature",
      "properties": {
        "@id": "node/9584833435",
        "amenity": "restaurant",
        "name": "Sushi Hokkaido Sachi - Pasteur"
      },
      "geometry": {
        "type": "Point",
        "coordinates": [
          106.6986185,
          10.7784255
        ]
      },
      "id": "node/9584833435"
    },
    {
      "type": "Feature",
      "properties": {
        "@id": "node/9584833442",
        "amenity": "restaurant",
        "name": "ZumWhere - Ngô Thời Nhiệm"
      },
      "geometry": {
        "type": "Point",
        "coordinates": [
          106.6887919,
          10.7793255
        ]
      },
      "id": "node/9584833442"
    },
    {
      "type": "Feature",
      "properties": {
        "@id": "node/9584833443",
        "air_conditioning": "yes",
        "amenity": "restaurant",
        "cuisine": "vietnamese",
        "diet:gluten_free": "yes",
        "diet:vegan": "yes",
        "diet:vegetarian": "only",
        "indoor_seating": "yes",
        "name": "Nhà Hàng Chay Garden",
        "outdoor_seating": "patio",
        "smoking": "no",
        "wheelchair": "yes"
      },
      "geometry": {
        "type": "Point",
        "coordinates": [
          106.6907115,
          10.778213
        ]
      },
      "id": "node/9584833443"
    },
    {
      "type": "Feature",
      "properties": {
        "@id": "node/9584833453",
        "amenity": "restaurant",
        "name": "Nhà Hàng Sơn Thuỷ"
      },
      "geometry": {
        "type": "Point",
        "coordinates": [
          106.6844293,
          10.7768621
        ]
      },
      "id": "node/9584833453"
    },
    {
      "type": "Feature",
      "properties": {
        "@id": "node/9584833454",
        "amenity": "restaurant",
        "name": "Nhà Hàng Biển Dương 6"
      },
      "geometry": {
        "type": "Point",
        "coordinates": [
          106.6845491,
          10.7760138
        ]
      },
      "id": "node/9584833454"
    },
    {
      "type": "Feature",
      "properties": {
        "@id": "node/9584833456",
        "amenity": "restaurant",
        "check_date": "2025-03-29",
        "name": "Nhà Hàng Lux 68"
      },
      "geometry": {
        "type": "Point",
        "coordinates": [
          106.6873936,
          10.7754415
        ]
      },
      "id": "node/9584833456"
    },
    {
      "type": "Feature",
      "properties": {
        "@id": "node/9584833468",
        "amenity": "restaurant",
        "name": "Nhà Hàng Xẻng - Mồi & Bia"
      },
      "geometry": {
        "type": "Point",
        "coordinates": [
          106.701245,
          10.7904912
        ]
      },
      "id": "node/9584833468"
    },
    {
      "type": "Feature",
      "properties": {
        "@id": "node/9584833472",
        "amenity": "restaurant",
        "cuisine": "seafood",
        "name": "Nhà Hàng Ốc Loan"
      },
      "geometry": {
        "type": "Point",
        "coordinates": [
          106.7026939,
          10.7611764
        ]
      },
      "id": "node/9584833472"
    },
    {
      "type": "Feature",
      "properties": {
        "@id": "node/9584833474",
        "amenity": "restaurant",
        "cuisine": "seafood",
        "name": "Quán Ốc Vũ"
      },
      "geometry": {
        "type": "Point",
        "coordinates": [
          106.7026723,
          10.7614355
        ]
      },
      "id": "node/9584833474"
    },
    {
      "type": "Feature",
      "properties": {
        "@id": "node/9584833475",
        "amenity": "restaurant",
        "name": "Quán Nhớ Tuyết"
      },
      "geometry": {
        "type": "Point",
        "coordinates": [
          106.7008501,
          10.7665673
        ]
      },
      "id": "node/9584833475"
    },
    {
      "type": "Feature",
      "properties": {
        "@id": "node/9584833483",
        "amenity": "restaurant",
        "name": "Warning Zone"
      },
      "geometry": {
        "type": "Point",
        "coordinates": [
          106.6989515,
          10.790053
        ]
      },
      "id": "node/9584833483"
    },
    {
      "type": "Feature",
      "properties": {
        "@id": "node/9584833492",
        "amenity": "restaurant",
        "indoor_seating": "yes",
        "name": "Nhà Hàng Hoa Viên Brauhaus",
        "outdoor_seating": "no"
      },
      "geometry": {
        "type": "Point",
        "coordinates": [
          106.6663546,
          10.8036572
        ]
      },
      "id": "node/9584833492"
    },
    {
      "type": "Feature",
      "properties": {
        "@id": "node/9584838621",
        "amenity": "restaurant",
        "name": "Xích Lô Quán"
      },
      "geometry": {
        "type": "Point",
        "coordinates": [
          106.6946896,
          10.7668787
        ]
      },
      "id": "node/9584838621"
    },
    {
      "type": "Feature",
      "properties": {
        "@id": "node/9584838622",
        "amenity": "restaurant",
        "name": "Tân Lập Quán"
      },
      "geometry": {
        "type": "Point",
        "coordinates": [
          106.6956418,
          10.7718195
        ]
      },
      "id": "node/9584838622"
    },
    {
      "type": "Feature",
      "properties": {
        "@id": "node/9584838625",
        "amenity": "restaurant",
        "name": "Nhà Hàng Matchandeul Korean BBQ"
      },
      "geometry": {
        "type": "Point",
        "coordinates": [
          106.6897956,
          10.7690243
        ]
      },
      "id": "node/9584838625"
    },
    {
      "type": "Feature",
      "properties": {
        "@id": "node/9584888584",
        "amenity": "restaurant",
        "name": "Hàng Dương Quán Quận 4"
      },
      "geometry": {
        "type": "Point",
        "coordinates": [
          106.6987722,
          10.7589186
        ]
      },
      "id": "node/9584888584"
    },
    {
      "type": "Feature",
      "properties": {
        "@id": "node/9584932183",
        "amenity": "restaurant",
        "name": "Nhà Hàng Qui Cuisine Mixology",
        "name:en": "Qui Cuisine Mixology"
      },
      "geometry": {
        "type": "Point",
        "coordinates": [
          106.7046277,
          10.7806505
        ]
      },
      "id": "node/9584932183"
    },
    {
      "type": "Feature",
      "properties": {
        "@id": "node/9585001095",
        "amenity": "restaurant",
        "name": "Nhà Hàng Làm Tí..! - BBQ & Beer"
      },
      "geometry": {
        "type": "Point",
        "coordinates": [
          106.7231619,
          10.799314
        ]
      },
      "id": "node/9585001095"
    },
    {
      "type": "Feature",
      "properties": {
        "@id": "node/9585001099",
        "amenity": "restaurant",
        "name": "Nhà hàng Tuấn Mập"
      },
      "geometry": {
        "type": "Point",
        "coordinates": [
          106.6350497,
          10.7870433
        ]
      },
      "id": "node/9585001099"
    },
    {
      "type": "Feature",
      "properties": {
        "@id": "node/9585091184",
        "amenity": "restaurant",
        "name": "Nhà Hàng Ẩm Thực Quê Nhà"
      },
      "geometry": {
        "type": "Point",
        "coordinates": [
          106.6555988,
          10.7990021
        ]
      },
      "id": "node/9585091184"
    },
    {
      "type": "Feature",
      "properties": {
        "@id": "node/9585091212",
        "amenity": "restaurant",
        "name": "Nhà Hàng Ái Huê"
      },
      "geometry": {
        "type": "Point",
        "coordinates": [
          106.659823,
          10.7520124
        ]
      },
      "id": "node/9585091212"
    },
    {
      "type": "Feature",
      "properties": {
        "@id": "node/9585117676",
        "amenity": "restaurant",
        "name": "Nhà Hàng The Gangs Hỏa Xa"
      },
      "geometry": {
        "type": "Point",
        "coordinates": [
          106.6763674,
          10.7746398
        ]
      },
      "id": "node/9585117676"
    },
    {
      "type": "Feature",
      "properties": {
        "@id": "node/9585117680",
        "amenity": "restaurant",
        "name": "Nhà Hàng Xpose Beer & Buffet",
        "name:en": "Xpose Beer Club & Buffet"
      },
      "geometry": {
        "type": "Point",
        "coordinates": [
          106.6663597,
          10.7767813
        ]
      },
      "id": "node/9585117680"
    },
    {
      "type": "Feature",
      "properties": {
        "@id": "node/9585117684",
        "amenity": "restaurant",
        "cuisine": "seafood",
        "name": "Nhà Hàng Hải Sản Phi Phố Biển"
      },
      "geometry": {
        "type": "Point",
        "coordinates": [
          106.6718356,
          10.7751823
        ]
      },
      "id": "node/9585117684"
    },
    {
      "type": "Feature",
      "properties": {
        "@id": "node/9585149606",
        "addr:housenumber": "458",
        "addr:street": "Phạm Văn Đồng",
        "amenity": "restaurant",
        "contact:facebook": "JUJUNuong",
        "cuisine": "barbecue",
        "name": "JUJU Nướng - Kzone",
        "opening_hours": "Mo-Su 15:00-23:30"
      },
      "geometry": {
        "type": "Point",
        "coordinates": [
          106.6980585,
          10.8212406
        ]
      },
      "id": "node/9585149606"
    },
    {
      "type": "Feature",
      "properties": {
        "@id": "node/9585149607",
        "amenity": "restaurant",
        "name": "Nhà Hàng 123 Zô – Quán Nướng Ngon"
      },
      "geometry": {
        "type": "Point",
        "coordinates": [
          106.6913461,
          10.8201736
        ]
      },
      "id": "node/9585149607"
    },
    {
      "type": "Feature",
      "properties": {
        "@id": "node/9585149609",
        "amenity": "restaurant",
        "name": "Quán Ốc Khánh"
      },
      "geometry": {
        "type": "Point",
        "coordinates": [
          106.7038536,
          10.7878273
        ]
      },
      "id": "node/9585149609"
    },
    {
      "type": "Feature",
      "properties": {
        "@id": "node/9585162919",
        "amenity": "restaurant",
        "name": "Nhà Hàng Mùa Vàng The Warehouse"
      },
      "geometry": {
        "type": "Point",
        "coordinates": [
          106.6650928,
          10.7786741
        ]
      },
      "id": "node/9585162919"
    },
    {
      "type": "Feature",
      "properties": {
        "@id": "node/9585162925",
        "amenity": "restaurant",
        "name": "Nhà Hàng Baozi"
      },
      "geometry": {
        "type": "Point",
        "coordinates": [
          106.7036619,
          10.7719222
        ]
      },
      "id": "node/9585162925"
    },
    {
      "type": "Feature",
      "properties": {
        "@id": "node/9585162929",
        "addr:city": "Thành phố Hồ Chí Minh",
        "addr:district": "Quận 7",
        "addr:street": "Hẻm 793/57 Trần Xuân Soạn",
        "addr:subdistrict": "Tân Hưng",
        "amenity": "restaurant",
        "name": "Nhà hàng Maison de Charme"
      },
      "geometry": {
        "type": "Point",
        "coordinates": [
          106.7011838,
          10.7468774
        ]
      },
      "id": "node/9585162929"
    },
    {
      "type": "Feature",
      "properties": {
        "@id": "node/9585162930",
        "amenity": "restaurant",
        "name": "Nhà Hàng Hương Lúa 8"
      },
      "geometry": {
        "type": "Point",
        "coordinates": [
          106.7013895,
          10.7446631
        ]
      },
      "id": "node/9585162930"
    },
    {
      "type": "Feature",
      "properties": {
        "@id": "node/9585983487",
        "addr:housenumber": "23",
        "addr:street": "Thảo Điền",
        "addr:subdistrict": "Phường Thảo Điền",
        "amenity": "restaurant",
        "bar": "yes",
        "craft": "caterer",
        "cuisine": "mediterranean",
        "diet:vegan": "yes",
        "diet:vegetarian": "yes",
        "name": "Nhà Hàng Mekong Merchant Saigon",
        "opening_hours": "07:00-23:00",
        "reservation": "yes",
        "website": "https://mekongmerchant.com/"
      },
      "geometry": {
        "type": "Point",
        "coordinates": [
          106.7375382,
          10.8033867
        ]
      },
      "id": "node/9585983487"
    },
    {
      "type": "Feature",
      "properties": {
        "@id": "node/9585983488",
        "amenity": "restaurant",
        "name": "Nhà Hàng Nướng BBQ"
      },
      "geometry": {
        "type": "Point",
        "coordinates": [
          106.7378597,
          10.8042803
        ]
      },
      "id": "node/9585983488"
    },
    {
      "type": "Feature",
      "properties": {
        "@id": "node/9585983489",
        "amenity": "restaurant",
        "name": "Nhà Hàng Bulgogi BBQ Matchandeul"
      },
      "geometry": {
        "type": "Point",
        "coordinates": [
          106.7378091,
          10.801575
        ]
      },
      "id": "node/9585983489"
    },
    {
      "type": "Feature",
      "properties": {
        "@id": "node/9585983492",
        "amenity": "restaurant",
        "name": "Nhà Hàng Maison Marou"
      },
      "geometry": {
        "type": "Point",
        "coordinates": [
          106.7345714,
          10.8036044
        ]
      },
      "id": "node/9585983492"
    },
    {
      "type": "Feature",
      "properties": {
        "@id": "node/9586251032",
        "amenity": "restaurant",
        "name": "Nhà Hàng The Vintage Emporium"
      },
      "geometry": {
        "type": "Point",
        "coordinates": [
          106.7338211,
          10.8024354
        ]
      },
      "id": "node/9586251032"
    },
    {
      "type": "Feature",
      "properties": {
        "@id": "node/9586251033",
        "amenity": "restaurant",
        "name": "Nhà Hàng L'usine"
      },
      "geometry": {
        "type": "Point",
        "coordinates": [
          106.7372651,
          10.8042358
        ]
      },
      "id": "node/9586251033"
    },
    {
      "type": "Feature",
      "properties": {
        "@id": "node/9586251034",
        "amenity": "restaurant",
        "name": "Nhà Hàng The Brix - Eatery & Bar Lounge"
      },
      "geometry": {
        "type": "Point",
        "coordinates": [
          106.7403521,
          10.8050409
        ]
      },
      "id": "node/9586251034"
    },
    {
      "type": "Feature",
      "properties": {
        "@id": "node/9586251037",
        "amenity": "restaurant",
        "cuisine": "japanese",
        "name": "Nhà Hàng Phổ Đình - Uraetei Yakiniku"
      },
      "geometry": {
        "type": "Point",
        "coordinates": [
          106.7385275,
          10.8019994
        ]
      },
      "id": "node/9586251037"
    },
    {
      "type": "Feature",
      "properties": {
        "@id": "node/9586251039",
        "air_conditioning": "yes",
        "amenity": "restaurant",
        "cuisine": "international;western;italian",
        "diet:vegan": "only",
        "diet:vegetarian": "only",
        "indoor_seating": "yes",
        "name": "Nhà Hàng Kashew Cheese Deli",
        "opening_hours": "Mo-We 09:00-20:30; Th-Su 09:00-21:30",
        "outdoor_seating": "garden"
      },
      "geometry": {
        "type": "Point",
        "coordinates": [
          106.7392197,
          10.8033937
        ]
      },
      "id": "node/9586251039"
    },
    {
      "type": "Feature",
      "properties": {
        "@id": "node/9586251043",
        "amenity": "restaurant",
        "name": "Nhà Hàng Sushi Hokkaido Sachi"
      },
      "geometry": {
        "type": "Point",
        "coordinates": [
          106.6887249,
          10.7980569
        ]
      },
      "id": "node/9586251043"
    },
    {
      "type": "Feature",
      "properties": {
        "@id": "node/9586890720",
        "amenity": "restaurant",
        "name": "Sushi Hokkaido Sachi - Đông Du"
      },
      "geometry": {
        "type": "Point",
        "coordinates": [
          106.704855,
          10.7764843
        ]
      },
      "id": "node/9586890720"
    },
    {
      "type": "Feature",
      "properties": {
        "@id": "node/9587016887",
        "amenity": "restaurant",
        "name": "Nhà Hàng Hải Sản Dim Tu Tac"
      },
      "geometry": {
        "type": "Point",
        "coordinates": [
          106.6714295,
          10.7528439
        ]
      },
      "id": "node/9587016887"
    },
    {
      "type": "Feature",
      "properties": {
        "@id": "node/9587042687",
        "addr:city": "Thành phố Hồ Chí Minh",
        "addr:district": "Phú Nhuận",
        "addr:housenumber": "202",
        "addr:street": "Hoàng Văn Thụ",
        "addr:subdistrict": "Phường 9",
        "amenity": "restaurant",
        "name": "Trung tâm Hội nghị Tiệc cưới Tân Sơn Nhất Pavillon"
      },
      "geometry": {
        "type": "Point",
        "coordinates": [
          106.6706699,
          10.8010742
        ]
      },
      "id": "node/9587042687"
    },
    {
      "type": "Feature",
      "properties": {
        "@id": "node/9587113802",
        "amenity": "restaurant",
        "name": "Godmother Bake & Brunch"
      },
      "geometry": {
        "type": "Point",
        "coordinates": [
          106.7061646,
          10.7734268
        ]
      },
      "id": "node/9587113802"
    },
    {
      "type": "Feature",
      "properties": {
        "@id": "node/9587113803",
        "amenity": "restaurant",
        "indoor_seating": "yes",
        "name": "Nhà Hàng Dim Tu Tac",
        "outdoor_seating": "no"
      },
      "geometry": {
        "type": "Point",
        "coordinates": [
          106.7043576,
          10.7755305
        ]
      },
      "id": "node/9587113803"
    },
    {
      "type": "Feature",
      "properties": {
        "@id": "node/9587113804",
        "amenity": "restaurant",
        "name": "The Running Bean - Mạc Thị Bưởi"
      },
      "geometry": {
        "type": "Point",
        "coordinates": [
          106.7048694,
          10.7752612
        ]
      },
      "id": "node/9587113804"
    },
    {
      "type": "Feature",
      "properties": {
        "@id": "node/9587113808",
        "amenity": "restaurant",
        "name": "Lạc Thái Restaurant"
      },
      "geometry": {
        "type": "Point",
        "coordinates": [
          106.7045405,
          10.7745358
        ]
      },
      "id": "node/9587113808"
    },
    {
      "type": "Feature",
      "properties": {
        "@id": "node/9587113813",
        "amenity": "restaurant",
        "name": "Kyung Bok Gung Korean Restaurant"
      },
      "geometry": {
        "type": "Point",
        "coordinates": [
          106.7045606,
          10.7771854
        ]
      },
      "id": "node/9587113813"
    },
    {
      "type": "Feature",
      "properties": {
        "@id": "node/9587246052",
        "amenity": "restaurant",
        "name": "Manwah Taiwanese Hotpot - An Dương Vương"
      },
      "geometry": {
        "type": "Point",
        "coordinates": [
          106.6716432,
          10.7569381
        ]
      },
      "id": "node/9587246052"
    },
    {
      "type": "Feature",
      "properties": {
        "@id": "node/9587252982",
        "amenity": "restaurant",
        "cuisine": "vietnamese",
        "name": "Cơm Bình Dân"
      },
      "geometry": {
        "type": "Point",
        "coordinates": [
          106.6147039,
          10.8416611
        ]
      },
      "id": "node/9587252982"
    },
    {
      "type": "Feature",
      "properties": {
        "@id": "node/9587268690",
        "amenity": "restaurant",
        "name": "Phuc Long - Sky Garden"
      },
      "geometry": {
        "type": "Point",
        "coordinates": [
          106.7065335,
          10.7324066
        ]
      },
      "id": "node/9587268690"
    },
    {
      "type": "Feature",
      "properties": {
        "@id": "node/9587268691",
        "amenity": "restaurant",
        "name": "Cửa hàng Bánh Aceline Bakery"
      },
      "geometry": {
        "type": "Point",
        "coordinates": [
          106.7065274,
          10.7335462
        ]
      },
      "id": "node/9587268691"
    },
    {
      "type": "Feature",
      "properties": {
        "@id": "node/9587268696",
        "addr:housenumber": "70",
        "addr:street": "Phạm Văn Nghị",
        "amenity": "restaurant",
        "contact:facebook": "https://www.facebook.com/bobaeviet/",
        "cuisine": "korean;chinese",
        "name": "Bảo Vật",
        "name:ko": "보배반점",
        "opening_hours": "11:00-22:00",
        "phone": "+84333290019"
      },
      "geometry": {
        "type": "Point",
        "coordinates": [
          106.7066065,
          10.7300388
        ]
      },
      "id": "node/9587268696"
    },
    {
      "type": "Feature",
      "properties": {
        "@id": "node/9587269855",
        "amenity": "restaurant",
        "name": "Jumbo Seafood"
      },
      "geometry": {
        "type": "Point",
        "coordinates": [
          106.7060951,
          10.7734792
        ]
      },
      "id": "node/9587269855"
    },
    {
      "type": "Feature",
      "properties": {
        "@id": "node/9587269856",
        "amenity": "restaurant",
        "name": "The Long @ Times Square"
      },
      "geometry": {
        "type": "Point",
        "coordinates": [
          106.7045987,
          10.7737956
        ]
      },
      "id": "node/9587269856"
    },
    {
      "type": "Feature",
      "properties": {
        "@id": "node/9587269860",
        "amenity": "restaurant",
        "cuisine": "thai",
        "name": "TukTuk Thai Bistro"
      },
      "geometry": {
        "type": "Point",
        "coordinates": [
          106.7003806,
          10.7775128
        ]
      },
      "id": "node/9587269860"
    },
    {
      "type": "Feature",
      "properties": {
        "@id": "node/9587300717",
        "amenity": "restaurant",
        "name": "Nhà hàng Hải Cảng"
      },
      "geometry": {
        "type": "Point",
        "coordinates": [
          106.6195043,
          10.7519971
        ]
      },
      "id": "node/9587300717"
    },
    {
      "type": "Feature",
      "properties": {
        "@id": "node/9587300723",
        "amenity": "restaurant",
        "name": "Nhà hàng Chim Rừng"
      },
      "geometry": {
        "type": "Point",
        "coordinates": [
          106.6149295,
          10.7484352
        ]
      },
      "id": "node/9587300723"
    },
    {
      "type": "Feature",
      "properties": {
        "@id": "node/9587300728",
        "amenity": "restaurant",
        "name": "Quán dê Đồng Cỏ"
      },
      "geometry": {
        "type": "Point",
        "coordinates": [
          106.7266449,
          10.7869989
        ]
      },
      "id": "node/9587300728"
    },
    {
      "type": "Feature",
      "properties": {
        "@id": "node/9587300729",
        "amenity": "restaurant",
        "name": "Lẩu dê SOS"
      },
      "geometry": {
        "type": "Point",
        "coordinates": [
          106.7284183,
          10.7867383
        ]
      },
      "id": "node/9587300729"
    },
    {
      "type": "Feature",
      "properties": {
        "@id": "node/9587309947",
        "amenity": "restaurant",
        "name": "Asiana Plaza - Bình Thạnh"
      },
      "geometry": {
        "type": "Point",
        "coordinates": [
          106.6914533,
          10.8032188
        ]
      },
      "id": "node/9587309947"
    },
    {
      "type": "Feature",
      "properties": {
        "@id": "node/9587329644",
        "amenity": "restaurant",
        "name": "Quán Bia Sệt"
      },
      "geometry": {
        "type": "Point",
        "coordinates": [
          106.7014673,
          10.7448271
        ]
      },
      "id": "node/9587329644"
    },
    {
      "type": "Feature",
      "properties": {
        "@id": "node/9587486340",
        "amenity": "restaurant",
        "name": "Hàng Dương Quán"
      },
      "geometry": {
        "type": "Point",
        "coordinates": [
          106.7060968,
          10.7355599
        ]
      },
      "id": "node/9587486340"
    },
    {
      "type": "Feature",
      "properties": {
        "@id": "node/9587486345",
        "amenity": "restaurant",
        "name": "Beefsteak Hai Con Bò - Nguyễn Cư Trinh"
      },
      "geometry": {
        "type": "Point",
        "coordinates": [
          106.6901925,
          10.7637701
        ]
      },
      "id": "node/9587486345"
    },
    {
      "type": "Feature",
      "properties": {
        "@id": "node/9587489376",
        "amenity": "restaurant",
        "name": "Gyu Shige Ngưu Phồn - Hồ Tùng Mậu"
      },
      "geometry": {
        "type": "Point",
        "coordinates": [
          106.7029288,
          10.7732946
        ]
      },
      "id": "node/9587489376"
    },
    {
      "type": "Feature",
      "properties": {
        "@id": "node/9587489388",
        "amenity": "restaurant",
        "name": "Jumbo Seafood"
      },
      "geometry": {
        "type": "Point",
        "coordinates": [
          106.7062496,
          10.7733489
        ]
      },
      "id": "node/9587489388"
    },
    {
      "type": "Feature",
      "properties": {
        "@id": "node/9587493563",
        "amenity": "restaurant",
        "cuisine": "vietnamese",
        "name": "Quán ăn 30 Bờ Sông"
      },
      "geometry": {
        "type": "Point",
        "coordinates": [
          106.6700386,
          10.728471
        ]
      },
      "id": "node/9587493563"
    },
    {
      "type": "Feature",
      "properties": {
        "@id": "node/9587493570",
        "amenity": "restaurant",
        "name": "Nhà hàng Sesan"
      },
      "geometry": {
        "type": "Point",
        "coordinates": [
          106.7668993,
          10.8438197
        ]
      },
      "id": "node/9587493570"
    },
    {
      "type": "Feature",
      "properties": {
        "@id": "node/9587536836",
        "amenity": "restaurant",
        "name": "BOSS Restaurant & KTV"
      },
      "geometry": {
        "type": "Point",
        "coordinates": [
          106.6899942,
          10.7387208
        ]
      },
      "id": "node/9587536836"
    },
    {
      "type": "Feature",
      "properties": {
        "@id": "node/9587618725",
        "amenity": "restaurant",
        "name": "Thiên Sơn Plaza"
      },
      "geometry": {
        "type": "Point",
        "coordinates": [
          106.7191567,
          10.7318839
        ]
      },
      "id": "node/9587618725"
    },
    {
      "type": "Feature",
      "properties": {
        "@id": "node/9587618742",
        "amenity": "restaurant",
        "name": "Asiana Plaza - Tân Phú"
      },
      "geometry": {
        "type": "Point",
        "coordinates": [
          106.6254808,
          10.7882483
        ]
      },
      "id": "node/9587618742"
    },
    {
      "type": "Feature",
      "properties": {
        "@id": "node/9587618745",
        "amenity": "restaurant",
        "name": "Nhà hàng Năm Lửa 18"
      },
      "geometry": {
        "type": "Point",
        "coordinates": [
          106.7341423,
          10.8653427
        ]
      },
      "id": "node/9587618745"
    },
    {
      "type": "Feature",
      "properties": {
        "@id": "node/9587618748",
        "amenity": "restaurant",
        "name": "Nhà hàng Vườn Lan"
      },
      "geometry": {
        "type": "Point",
        "coordinates": [
          106.6039444,
          10.8636641
        ]
      },
      "id": "node/9587618748"
    },
    {
      "type": "Feature",
      "properties": {
        "@id": "node/9587618752",
        "amenity": "restaurant",
        "name": "SSA Sports Center"
      },
      "geometry": {
        "type": "Point",
        "coordinates": [
          106.7385906,
          10.8068271
        ]
      },
      "id": "node/9587618752"
    },
    {
      "type": "Feature",
      "properties": {
        "@id": "node/9587618756",
        "amenity": "restaurant",
        "name": "Nhà hàng Bến Xưa"
      },
      "geometry": {
        "type": "Point",
        "coordinates": [
          106.6790744,
          10.853364
        ]
      },
      "id": "node/9587618756"
    },
    {
      "type": "Feature",
      "properties": {
        "@id": "node/9589471576",
        "amenity": "restaurant",
        "cuisine": "asian",
        "name": "Bún Cá Kiên Giang Hủ Tiếu Nam Vang"
      },
      "geometry": {
        "type": "Point",
        "coordinates": [
          106.7030139,
          10.737376
        ]
      },
      "id": "node/9589471576"
    },
    {
      "type": "Feature",
      "properties": {
        "@id": "node/9589471581",
        "amenity": "restaurant",
        "cuisine": "asian",
        "name": "Bún Cá Kiên Giang CN2"
      },
      "geometry": {
        "type": "Point",
        "coordinates": [
          106.6781153,
          10.769113
        ]
      },
      "id": "node/9589471581"
    },
    {
      "type": "Feature",
      "properties": {
        "@id": "node/9589471582",
        "amenity": "restaurant",
        "cuisine": "asian",
        "name": "Long Xuyên Quán 2 - Cơm Tấm Bánh Tằm Bì"
      },
      "geometry": {
        "type": "Point",
        "coordinates": [
          106.6994237,
          10.759215
        ]
      },
      "id": "node/9589471582"
    },
    {
      "type": "Feature",
      "properties": {
        "@id": "node/9593797936",
        "amenity": "restaurant",
        "name": "Làng Nướng Gió Chiều"
      },
      "geometry": {
        "type": "Point",
        "coordinates": [
          106.7302676,
          10.8266977
        ]
      },
      "id": "node/9593797936"
    },
    {
      "type": "Feature",
      "properties": {
        "@id": "node/9593797937",
        "amenity": "restaurant",
        "name": "Cây Sứ Quán - Phong Cua"
      },
      "geometry": {
        "type": "Point",
        "coordinates": [
          106.7318992,
          10.8236226
        ]
      },
      "id": "node/9593797937"
    },
    {
      "type": "Feature",
      "properties": {
        "@id": "node/9593946644",
        "addr:city": "Hồ Chí Minh",
        "addr:district": "Bình Thạnh",
        "addr:postcode": "70000",
        "addr:street": "Hẻm 401 Bình Lợi",
        "addr:subdistrict": "13",
        "amenity": "restaurant",
        "cuisine": "vietnamese",
        "name": "Nhà Hàng Hoa Lộc Vừng"
      },
      "geometry": {
        "type": "Point",
        "coordinates": [
          106.7021763,
          10.8377935
        ]
      },
      "id": "node/9593946644"
    },
    {
      "type": "Feature",
      "properties": {
        "@id": "node/9593946649",
        "amenity": "restaurant",
        "name": "Quán Hoa Viên 102"
      },
      "geometry": {
        "type": "Point",
        "coordinates": [
          106.7890457,
          10.837341
        ]
      },
      "id": "node/9593946649"
    },
    {
      "type": "Feature",
      "properties": {
        "@id": "node/9593974910",
        "amenity": "restaurant",
        "name": "Nhà Hàng Bên Sông"
      },
      "geometry": {
        "type": "Point",
        "coordinates": [
          106.7330103,
          10.8296093
        ]
      },
      "id": "node/9593974910"
    },
    {
      "type": "Feature",
      "properties": {
        "@id": "node/9645043688",
        "amenity": "restaurant",
        "cuisine": "steak_house",
        "name": "El Gaucho | Saigon Pearl"
      },
      "geometry": {
        "type": "Point",
        "coordinates": [
          106.7179119,
          10.7899674
        ]
      },
      "id": "node/9645043688"
    },
    {
      "type": "Feature",
      "properties": {
        "@id": "node/9645043689",
        "amenity": "restaurant",
        "cuisine": "vietnamese;beef_noodle",
        "name": "Pho 24",
        "not:brand:wikidata": "Q63863118"
      },
      "geometry": {
        "type": "Point",
        "coordinates": [
          106.7174195,
          10.7891986
        ]
      },
      "id": "node/9645043689"
    },
    {
      "type": "Feature",
      "properties": {
        "@id": "node/9650745819",
        "addr:city": "Ho Chi Minh City",
        "addr:district": "Quận 1",
        "addr:housenumber": "34",
        "addr:street": "Ðồng Khởi",
        "addr:subdistrict": "Phường Bến Nghé",
        "amenity": "restaurant",
        "cuisine": "german",
        "name": "Gartenstadt Restaurant",
        "name:ja": "ガルテンシュタット レストラン",
        "name:vi": "Nhà hàng Đức Bảo Gartenstadt",
        "website": "https://www.facebook.com/GartenstadtRestaurant/"
      },
      "geometry": {
        "type": "Point",
        "coordinates": [
          106.704844,
          10.774512
        ]
      },
      "id": "node/9650745819"
    },
    {
      "type": "Feature",
      "properties": {
        "@id": "node/9671017825",
        "addr:housenumber": "193A/6",
        "addr:street": "Nam Kỳ Khởi Nghĩa",
        "amenity": "restaurant",
        "name:en": "Naked sushi bar"
      },
      "geometry": {
        "type": "Point",
        "coordinates": [
          106.6868919,
          10.7862089
        ]
      },
      "id": "node/9671017825"
    },
    {
      "type": "Feature",
      "properties": {
        "@id": "node/9671375117",
        "amenity": "restaurant",
        "name": "Bún bò Xuà"
      },
      "geometry": {
        "type": "Point",
        "coordinates": [
          106.6883245,
          10.7741699
        ]
      },
      "id": "node/9671375117"
    },
    {
      "type": "Feature",
      "properties": {
        "@id": "node/9671375217",
        "amenity": "restaurant",
        "name": "Bánh khot Cô Ba Vûng Tàu"
      },
      "geometry": {
        "type": "Point",
        "coordinates": [
          106.696445,
          10.7833289
        ]
      },
      "id": "node/9671375217"
    },
    {
      "type": "Feature",
      "properties": {
        "@id": "node/9674254217",
        "amenity": "restaurant",
        "name:en": "Awesome Com"
      },
      "geometry": {
        "type": "Point",
        "coordinates": [
          106.6669998,
          10.7949068
        ]
      },
      "id": "node/9674254217"
    },
    {
      "type": "Feature",
      "properties": {
        "@id": "node/9731342317",
        "amenity": "restaurant",
        "name": "lương cay"
      },
      "geometry": {
        "type": "Point",
        "coordinates": [
          106.7076837,
          10.7403775
        ]
      },
      "id": "node/9731342317"
    },
    {
      "type": "Feature",
      "properties": {
        "@id": "node/9814560017",
        "amenity": "restaurant",
        "name:en": "Ông Sủi Dim Sum"
      },
      "geometry": {
        "type": "Point",
        "coordinates": [
          106.65915,
          10.7513156
        ]
      },
      "id": "node/9814560017"
    },
    {
      "type": "Feature",
      "properties": {
        "@id": "node/9895606124",
        "addr:housenumber": "7B",
        "addr:street": "Đường Hậu Giang",
        "amenity": "restaurant",
        "name": "Nhất Tỷ, Mì xe đẩy",
        "phone": "0908222888"
      },
      "geometry": {
        "type": "Point",
        "coordinates": [
          106.6492538,
          10.7496755
        ]
      },
      "id": "node/9895606124"
    },
    {
      "type": "Feature",
      "properties": {
        "@id": "node/9901124926",
        "amenity": "restaurant",
        "cuisine": "regional;coffee_shop",
        "diet:vegetarian": "yes",
        "name": "What is NSF SBE",
        "website": "https://portal.am.edu.vn/04044282/what-is-nsf-sbe/"
      },
      "geometry": {
        "type": "Point",
        "coordinates": [
          106.750697,
          10.7992596
        ]
      },
      "id": "node/9901124926"
    },
    {
      "type": "Feature",
      "properties": {
        "@id": "node/9907371017",
        "amenity": "restaurant",
        "name:en": "Delicious Bahn Mi"
      },
      "geometry": {
        "type": "Point",
        "coordinates": [
          106.6927757,
          10.7713957
        ]
      },
      "id": "node/9907371017"
    },
    {
      "type": "Feature",
      "properties": {
        "@id": "node/9909127619",
        "amenity": "restaurant",
        "name:en": "Khoái"
      },
      "geometry": {
        "type": "Point",
        "coordinates": [
          106.6911148,
          10.781172
        ]
      },
      "id": "node/9909127619"
    },
    {
      "type": "Feature",
      "properties": {
        "@id": "node/9921258275",
        "amenity": "restaurant"
      },
      "geometry": {
        "type": "Point",
        "coordinates": [
          106.6503335,
          10.7532461
        ]
      },
      "id": "node/9921258275"
    },
    {
      "type": "Feature",
      "properties": {
        "@id": "node/9921296284",
        "amenity": "restaurant",
        "name": "Manwah Taiwanese Hot Pot"
      },
      "geometry": {
        "type": "Point",
        "coordinates": [
          106.6715768,
          10.7568503
        ]
      },
      "id": "node/9921296284"
    },
    {
      "type": "Feature",
      "properties": {
        "@id": "node/9930650217",
        "amenity": "restaurant"
      },
      "geometry": {
        "type": "Point",
        "coordinates": [
          106.6581988,
          10.7988115
        ]
      },
      "id": "node/9930650217"
    },
    {
      "type": "Feature",
      "properties": {
        "@id": "node/9937516717",
        "amenity": "restaurant",
        "name:en": "Dumpling Woman"
      },
      "geometry": {
        "type": "Point",
        "coordinates": [
          106.6544179,
          10.7578254
        ]
      },
      "id": "node/9937516717"
    },
    {
      "type": "Feature",
      "properties": {
        "@id": "node/9960636917",
        "amenity": "restaurant"
      },
      "geometry": {
        "type": "Point",
        "coordinates": [
          106.6807882,
          10.79859
        ]
      },
      "id": "node/9960636917"
    },
    {
      "type": "Feature",
      "properties": {
        "@id": "node/9960637017",
        "amenity": "restaurant"
      },
      "geometry": {
        "type": "Point",
        "coordinates": [
          106.7286564,
          10.8221031
        ]
      },
      "id": "node/9960637017"
    },
    {
      "type": "Feature",
      "properties": {
        "@id": "node/9960641017",
        "amenity": "restaurant"
      },
      "geometry": {
        "type": "Point",
        "coordinates": [
          106.6833084,
          10.7948704
        ]
      },
      "id": "node/9960641017"
    },
    {
      "type": "Feature",
      "properties": {
        "@id": "node/9960641117",
        "amenity": "restaurant",
        "name": "Nước Mía Phan Đình Phùng"
      },
      "geometry": {
        "type": "Point",
        "coordinates": [
          106.6832482,
          10.7948113
        ]
      },
      "id": "node/9960641117"
    },
    {
      "type": "Feature",
      "properties": {
        "@id": "node/9966899171",
        "addr:city": "Thành phố Thủ Đức",
        "addr:district": "Thủ Đức",
        "addr:housenumber": "42A",
        "addr:postcode": "760000",
        "addr:province": "Hồ Chí Minh",
        "addr:street": "Đường Thống Nhất",
        "addr:subdistrict": "Bình Thọ",
        "amenity": "restaurant",
        "cuisine": "bánh_kem",
        "name": "Tiệm Bánh Huỳnh Xuyên",
        "phone": "+84372981511",
        "website": "http://huynhxuyen.vn/"
      },
      "geometry": {
        "type": "Point",
        "coordinates": [
          106.7718003,
          10.8487519
        ]
      },
      "id": "node/9966899171"
    },
    {
      "type": "Feature",
      "properties": {
        "@id": "node/10039482278",
        "addr:city": "Hồ Chí Minh",
        "addr:district": "12",
        "addr:province": "Hồ Chí Minh",
        "addr:street": "Đường Thạnh Lộc 15",
        "addr:subdistrict": "Thạnh Lộc",
        "amenity": "restaurant",
        "cuisine": "regional",
        "name": "Hoa Viên Tiệc Cưới Ba Dẩu"
      },
      "geometry": {
        "type": "Point",
        "coordinates": [
          106.6849166,
          10.8631986
        ]
      },
      "id": "node/10039482278"
    },
    {
      "type": "Feature",
      "properties": {
        "@id": "node/10065434255",
        "amenity": "restaurant",
        "cuisine": "vietnamese",
        "name": "Phở Anh"
      },
      "geometry": {
        "type": "Point",
        "coordinates": [
          106.682885,
          10.7846701
        ]
      },
      "id": "node/10065434255"
    },
    {
      "type": "Feature",
      "properties": {
        "@id": "node/10089382777",
        "addr:city": "Ho Chi Minh CIty",
        "addr:district": "2",
        "addr:housenumber": "14A1",
        "addr:street": "Đường Số 38",
        "addr:subdistrict": "Thảo Điền",
        "amenity": "restaurant",
        "cuisine": "sushi",
        "name": "Namara Hokkaido"
      },
      "geometry": {
        "type": "Point",
        "coordinates": [
          106.7328377,
          10.8023199
        ]
      },
      "id": "node/10089382777"
    },
    {
      "type": "Feature",
      "properties": {
        "@id": "node/10089382778",
        "addr:city": "Thành phố Hồ Chí Minh",
        "addr:housenumber": "55",
        "addr:street": "Xuân Thuỷ",
        "addr:ward": "Phường An Khánh",
        "amenity": "restaurant",
        "cuisine": "sushi",
        "name": "YEN Sushi & Sake Pub"
      },
      "geometry": {
        "type": "Point",
        "coordinates": [
          106.7329637,
          10.8036114
        ]
      },
      "id": "node/10089382778"
    },
    {
      "type": "Feature",
      "properties": {
        "@id": "node/10157313917",
        "addr:housenumber": "15",
        "addr:street": "Đường Nguyễn Thị Diệu",
        "amenity": "restaurant",
        "name:en": "khe Viet restaurant"
      },
      "geometry": {
        "type": "Point",
        "coordinates": [
          106.6894832,
          10.7767314
        ]
      },
      "id": "node/10157313917"
    },
    {
      "type": "Feature",
      "properties": {
        "@id": "node/10215649399",
        "amenity": "restaurant",
        "cuisine": "vietnamese",
        "name": "Cơm Tấm Phúc Lộc Thọ"
      },
      "geometry": {
        "type": "Point",
        "coordinates": [
          106.754469,
          10.8528995
        ]
      },
      "id": "node/10215649399"
    },
    {
      "type": "Feature",
      "properties": {
        "@id": "node/10216413244",
        "addr:housenumber": "2C",
        "addr:street": "Đường Đặng Tiến Đông",
        "amenity": "restaurant",
        "level": "0",
        "name": "Terraviva Pizza",
        "opening_hours": "Mo 17:00-22:00; Su 16:30-22:00; We-Sa 17:00-22:00",
        "website": "https://www.facebook.com/terravivapizza"
      },
      "geometry": {
        "type": "Point",
        "coordinates": [
          106.7536967,
          10.809014
        ]
      },
      "id": "node/10216413244"
    },
    {
      "type": "Feature",
      "properties": {
        "@id": "node/10240043709",
        "amenity": "restaurant",
        "name": "Quán Chay Vọng Cát",
        "name:en": "Vong Cat Vegeterian Restaurant"
      },
      "geometry": {
        "type": "Point",
        "coordinates": [
          106.7672396,
          10.8389613
        ]
      },
      "id": "node/10240043709"
    },
    {
      "type": "Feature",
      "properties": {
        "@id": "node/10264005521",
        "addr:city": "Ho Chi Minh City",
        "addr:district": "Quận 3",
        "addr:housenumber": "3",
        "addr:postcode": "70000",
        "addr:province": "việt nam",
        "addr:street": "Đường Lê Ngô Cát",
        "addr:subdistrict": "Phường 7",
        "amenity": "restaurant",
        "cuisine": "vietnamese",
        "diet:local": "yes",
        "name": "FnB Services",
        "opening_hours": "24/7",
        "phone": "0932 787 783",
        "website": "https://www.facebook.com/FnbsServices"
      },
      "geometry": {
        "type": "Point",
        "coordinates": [
          106.6854351,
          10.7764313
        ]
      },
      "id": "node/10264005521"
    },
    {
      "type": "Feature",
      "properties": {
        "@id": "node/10284359935",
        "addr:city": "Ho Chi Minh City",
        "addr:district": "District 3",
        "addr:housenumber": "61",
        "addr:postcode": "700000",
        "addr:province": "Hồ Chí Minh",
        "addr:street": "Đường Võ Thị Sáu",
        "addr:subdistrict": "Ward 6",
        "amenity": "restaurant",
        "cuisine": "vietnamese",
        "diet:vegetarian": "yes",
        "name": "Vina Talents - Khai Sáng Tài Năng Việt",
        "opening_hours": "24/7",
        "phone": "+84 343 060 809",
        "website": "https://vinatalents.com/"
      },
      "geometry": {
        "type": "Point",
        "coordinates": [
          106.6917181,
          10.7875106
        ]
      },
      "id": "node/10284359935"
    },
    {
      "type": "Feature",
      "properties": {
        "@id": "node/10288742609",
        "addr:housenumber": "26",
        "addr:street": "Đường Lê Thị Riêng",
        "amenity": "restaurant",
        "cuisine": "sandwich;vietnamese",
        "internet_access": "wlan",
        "name": "Bánh Mì Huynh Hoa",
        "opening_hours": "Mo-Su 11:00-21:00",
        "phone": "+84 089 6698811",
        "website": "https://banhmihuynhhoa.vn/"
      },
      "geometry": {
        "type": "Point",
        "coordinates": [
          106.692371,
          10.7714689
        ]
      },
      "id": "node/10288742609"
    },
    {
      "type": "Feature",
      "properties": {
        "@id": "node/10289076109",
        "addr:housenumber": "14",
        "addr:street": "Phạm Hồng Thái",
        "amenity": "restaurant",
        "cuisine": "vietnamese",
        "name": "Phở Việt Nam",
        "name:en": "Pho Viet Nam",
        "opening_hours": "Mo-Su 06:00-03:00",
        "phone": "+84 090 2682214",
        "website": "https://phovietnam.vn/"
      },
      "geometry": {
        "type": "Point",
        "coordinates": [
          106.6962092,
          10.771252
        ]
      },
      "id": "node/10289076109"
    },
    {
      "type": "Feature",
      "properties": {
        "@id": "node/10291273209",
        "addr:street": "Nguyễn Thái Bình",
        "amenity": "restaurant",
        "cuisine": "vietnamese",
        "name": "Bò né Bà Nũi",
        "opening_hours": "Mo-Su 07:00-22:00"
      },
      "geometry": {
        "type": "Point",
        "coordinates": [
          106.6988672,
          10.7684873
        ]
      },
      "id": "node/10291273209"
    },
    {
      "type": "Feature",
      "properties": {
        "@id": "node/10293027910",
        "addr:street": "Tôn Thất Ðạm",
        "amenity": "restaurant",
        "cuisine": "seafood;vietnamese",
        "email": "hello@anansaigon.com",
        "name": "Ănăn Saigon",
        "website": "https://anansaigon.com/"
      },
      "geometry": {
        "type": "Point",
        "coordinates": [
          106.7029748,
          10.7718032
        ]
      },
      "id": "node/10293027910"
    },
    {
      "type": "Feature",
      "properties": {
        "@id": "node/10295999609",
        "amenity": "restaurant",
        "name": "맛찬들 소금구이"
      },
      "geometry": {
        "type": "Point",
        "coordinates": [
          106.6911045,
          10.7673838
        ]
      },
      "id": "node/10295999609"
    },
    {
      "type": "Feature",
      "properties": {
        "@id": "node/10303285237",
        "amenity": "restaurant",
        "brand": "King BBQ",
        "cuisine": "barbecue",
        "name": "King BBQ"
      },
      "geometry": {
        "type": "Point",
        "coordinates": [
          106.7755795,
          10.889513
        ]
      },
      "id": "node/10303285237"
    },
    {
      "type": "Feature",
      "properties": {
        "@id": "node/10303285238",
        "amenity": "restaurant",
        "brand": "Spicy Box",
        "cuisine": "hot_pot",
        "name": "Spicy Box"
      },
      "geometry": {
        "type": "Point",
        "coordinates": [
          106.7756321,
          10.8891428
        ]
      },
      "id": "node/10303285238"
    },
    {
      "type": "Feature",
      "properties": {
        "@id": "node/10303285239",
        "amenity": "restaurant",
        "brand": "Lẩu Bò Sài Gòn",
        "cuisine": "hot_pot",
        "name": "Lẩu Bò Sài Gòn"
      },
      "geometry": {
        "type": "Point",
        "coordinates": [
          106.7756992,
          10.889065
        ]
      },
      "id": "node/10303285239"
    },
    {
      "type": "Feature",
      "properties": {
        "@id": "node/10316580809",
        "addr:housenumber": "41",
        "addr:street": "Đường Nguyễn Thái Sơn",
        "amenity": "restaurant",
        "cuisine": "barbecue;korean",
        "name": "Bros BBQ"
      },
      "geometry": {
        "type": "Point",
        "coordinates": [
          106.6837736,
          10.8207972
        ]
      },
      "id": "node/10316580809"
    },
    {
      "type": "Feature",
      "properties": {
        "@id": "node/10316729510",
        "amenity": "restaurant",
        "name:en": "Di Mai"
      },
      "geometry": {
        "type": "Point",
        "coordinates": [
          106.6973071,
          10.7687051
        ]
      },
      "id": "node/10316729510"
    },
    {
      "type": "Feature",
      "properties": {
        "@id": "node/10539261009",
        "amenity": "restaurant",
        "cuisine": "breakfast;burger;italian;italian_pizza",
        "internet_access": "wlan",
        "name:en": "Paulies Pizza& Pasta",
        "phone": "0939881443",
        "website": "http://PaulisPizzaAndPasta.com"
      },
      "geometry": {
        "type": "Point",
        "coordinates": [
          106.6637002,
          10.7977493
        ]
      },
      "id": "node/10539261009"
    },
    {
      "type": "Feature",
      "properties": {
        "@id": "node/10548304054",
        "addr:city": "Phường 22",
        "addr:district": "Bình Thạnh",
        "addr:housenumber": "208",
        "addr:postcode": "700000",
        "addr:province": "Hồ Chí Minh",
        "addr:street": "Nguyễn Hữu Cảnh",
        "addr:subdistrict": "22",
        "amenity": "restaurant",
        "cuisine": "french",
        "diet:meat": "yes",
        "flag": "EHC{533_h0w_much_1_l0v3_y0u}",
        "name": "Nhà Hàng Bornga",
        "opening_hours": "Mo-Su 09:00-21:00",
        "status": "Good Job"
      },
      "geometry": {
        "type": "Point",
        "coordinates": [
          106.7194332,
          10.795037
        ]
      },
      "id": "node/10548304054"
    },
    {
      "type": "Feature",
      "properties": {
        "@id": "node/10548539012",
        "amenity": "restaurant",
        "name": "quán bánh canh"
      },
      "geometry": {
        "type": "Point",
        "coordinates": [
          106.610537,
          10.7512628
        ]
      },
      "id": "node/10548539012"
    },
    {
      "type": "Feature",
      "properties": {
        "@id": "node/10548540409",
        "amenity": "restaurant",
        "name": "Quê nhà"
      },
      "geometry": {
        "type": "Point",
        "coordinates": [
          106.7302403,
          10.7915276
        ]
      },
      "id": "node/10548540409"
    },
    {
      "type": "Feature",
      "properties": {
        "@id": "node/10556586410",
        "addr:housenumber": "31",
        "addr:street": "Đường Lý Tự Trọng",
        "air_conditioning": "yes",
        "amenity": "restaurant",
        "cuisine": "vietnamese",
        "diet:vegan": "yes",
        "diet:vegetarian": "yes",
        "indoor_seating": "yes",
        "internet_access": "wlan",
        "name:en": "Shamballa Vegetarian",
        "opening_hours": "Su-Sa 09:00-22:00",
        "outdoor_seating": "patio",
        "phone": "+84 91 787 67 88",
        "smoking": "no",
        "website": "https://theshamballa.com/"
      },
      "geometry": {
        "type": "Point",
        "coordinates": [
          106.7027786,
          10.779601
        ]
      },
      "id": "node/10556586410"
    },
    {
      "type": "Feature",
      "properties": {
        "@id": "node/10560797894",
        "Status": "Good",
        "addr:city": "Thành Phố Hồ Chí Minh",
        "addr:district": "Quận Bình Thạnh",
        "addr:postcode": "700000",
        "addr:street": "Đường Vạn Hoa 5",
        "addr:subdistrict": "Phường 22",
        "amenity": "restaurant",
        "cuisine": "pizza",
        "diet:meat": "yes",
        "name": "King Food",
        "opening_hours": "24/7"
      },
      "geometry": {
        "type": "Point",
        "coordinates": [
          106.7217833,
          10.7937153
        ]
      },
      "id": "node/10560797894"
    },
    {
      "type": "Feature",
      "properties": {
        "@id": "node/10586444881",
        "amenity": "restaurant",
        "cuisine": "german",
        "name": "Fritz",
        "takeaway": "yes",
        "wheelchair": "limited"
      },
      "geometry": {
        "type": "Point",
        "coordinates": [
          106.6895948,
          10.7661583
        ]
      },
      "id": "node/10586444881"
    },
    {
      "type": "Feature",
      "properties": {
        "@id": "node/10586926805",
        "addr:street": "Hẻm 12 Bùi Viện",
        "amenity": "restaurant",
        "name": "Pho Hai thien"
      },
      "geometry": {
        "type": "Point",
        "coordinates": [
          106.6950547,
          10.7678297
        ]
      },
      "id": "node/10586926805"
    },
    {
      "type": "Feature",
      "properties": {
        "@id": "node/10589803105",
        "amenity": "restaurant",
        "cuisine": "vietnamese",
        "name:en": "Bun Cha Hanoi"
      },
      "geometry": {
        "type": "Point",
        "coordinates": [
          106.6937588,
          10.7677865
        ]
      },
      "id": "node/10589803105"
    },
    {
      "type": "Feature",
      "properties": {
        "@id": "node/10593603705",
        "amenity": "restaurant",
        "name": "Đối diện cây xăng"
      },
      "geometry": {
        "type": "Point",
        "coordinates": [
          106.6173295,
          10.7400473
        ]
      },
      "id": "node/10593603705"
    },
    {
      "type": "Feature",
      "properties": {
        "@id": "node/10606258633",
        "addr:city": "Ho Chi Minh City",
        "addr:district": "Bình Thạnh",
        "addr:housenumber": "2C7",
        "addr:postcode": "700000",
        "addr:province": "Hồ Chí Minh",
        "addr:street": "Đường Trường Sa",
        "addr:subdistrict": "Phường 19",
        "amenity": "restaurant",
        "name": "Gió",
        "opening_hours": "Mo-Su 16:00-1:00",
        "phone": "+84989616306"
      },
      "geometry": {
        "type": "Point",
        "coordinates": [
          106.7089329,
          10.7882025
        ]
      },
      "id": "node/10606258633"
    },
    {
      "type": "Feature",
      "properties": {
        "@id": "node/10607223987",
        "addr:housenumber": "Aqua 2",
        "amenity": "restaurant",
        "name": "Saigon Cafe",
        "opening_hours": "Mo-Su 09:00-21:00"
      },
      "geometry": {
        "type": "Point",
        "coordinates": [
          106.7111343,
          10.7867196
        ]
      },
      "id": "node/10607223987"
    },
    {
      "type": "Feature",
      "properties": {
        "@id": "node/10609410705",
        "addr:housenumber": "27/1",
        "addr:street": "Đường Nguyễn Văn Nguyễn",
        "air_conditioning": "yes",
        "amenity": "restaurant",
        "changing_table": "no",
        "cuisine": "vietnamese",
        "diet:gluten_free": "yes",
        "diet:halal": "yes",
        "diet:vegan": "yes",
        "diet:vegetarian": "only",
        "indoor_seating": "yes",
        "internet_access": "wlan",
        "name:en": "Heal and Celeb",
        "opening_hours": "Mo-Su 11:00-21:00",
        "outdoor_seating": "no",
        "smoking": "no"
      },
      "geometry": {
        "type": "Point",
        "coordinates": [
          106.6867987,
          10.7935158
        ]
      },
      "id": "node/10609410705"
    },
    {
      "type": "Feature",
      "properties": {
        "@id": "node/10610721206",
        "addr:housenumber": "466bis/1",
        "addr:street": "Đường Hai Bà Trưng",
        "amenity": "restaurant",
        "cuisine": "vietnamese",
        "diet:vegan": "yes",
        "name:en": "An Vegan",
        "opening_hours": "Mo-Sa 08:00-20:00"
      },
      "geometry": {
        "type": "Point",
        "coordinates": [
          106.6870007,
          10.7920804
        ]
      },
      "id": "node/10610721206"
    },
    {
      "type": "Feature",
      "properties": {
        "@id": "node/10613705265",
        "addr:housenumber": "64B-65B",
        "addr:street": "Duong So 2",
        "amenity": "restaurant",
        "name": "Quan Ba Hoa"
      },
      "geometry": {
        "type": "Point",
        "coordinates": [
          106.654793,
          10.7718136
        ]
      },
      "id": "node/10613705265"
    },
    {
      "type": "Feature",
      "properties": {
        "@id": "node/10617498505",
        "amenity": "restaurant",
        "cuisine": "vietnamese",
        "diet:gluten_free": "yes",
        "diet:halal": "yes",
        "diet:vegan": "yes",
        "diet:vegetarian": "only",
        "indoor_seating": "yes",
        "name": "Quán Chay Nhà Tôi",
        "outdoor_seating": "no",
        "phone": "+84901426471",
        "smoking": "no",
        "wheelchair": "no"
      },
      "geometry": {
        "type": "Point",
        "coordinates": [
          106.6975684,
          10.7884577
        ]
      },
      "id": "node/10617498505"
    },
    {
      "type": "Feature",
      "properties": {
        "@id": "node/10628423550",
        "addr:housenumber": "157/36",
        "addr:street": "Nguyên Gia Tri",
        "amenity": "restaurant",
        "name": "Com Nieu D2",
        "phone": "+84934972727"
      },
      "geometry": {
        "type": "Point",
        "coordinates": [
          106.7145761,
          10.8057205
        ]
      },
      "id": "node/10628423550"
    },
    {
      "type": "Feature",
      "properties": {
        "@id": "node/10649373448",
        "addr:city": "Ho Chi Minh City",
        "addr:district": "1",
        "addr:housenumber": "18",
        "addr:postcode": "70000",
        "addr:province": "Ho Chi Minh",
        "addr:street": "Thủ Khoa Huân",
        "addr:subdistrict": "Ben Thanh",
        "amenity": "restaurant",
        "contact:facebook": "https://www.facebook.com/Eighteen.beerclub/",
        "cuisine": "vietnamese;coffee_shop",
        "diet:meat": "yes",
        "diet:vegetarian": "yes",
        "name": "18 BEER CLUB",
        "opening_hours": "Mo-Su 17:00-4:00",
        "phone": "+84 88 816 18 20"
      },
      "geometry": {
        "type": "Point",
        "coordinates": [
          106.6974832,
          10.7736329
        ]
      },
      "id": "node/10649373448"
    },
    {
      "type": "Feature",
      "properties": {
        "@id": "node/10659266259",
        "amenity": "restaurant",
        "name": "Nhà Hàng Phước Xanh"
      },
      "geometry": {
        "type": "Point",
        "coordinates": [
          106.7584236,
          10.8750611
        ]
      },
      "id": "node/10659266259"
    },
    {
      "type": "Feature",
      "properties": {
        "@id": "node/10688212005",
        "addr:housenumber": "31",
        "addr:street": "Đường Lý Tự Trọng",
        "amenity": "restaurant",
        "name:en": "Shamballa vegetarian, restaurant & lounge - Saigon"
      },
      "geometry": {
        "type": "Point",
        "coordinates": [
          106.7028982,
          10.7798488
        ]
      },
      "id": "node/10688212005"
    },
    {
      "type": "Feature",
      "properties": {
        "@id": "node/10692906351",
        "addr:housenumber": "55/15",
        "addr:street": "Le Thi Hong Gam",
        "air_conditioning": "yes",
        "amenity": "restaurant",
        "check_date": "2024-12-22",
        "diet:vegan": "yes",
        "diet:vegetarian": "yes",
        "indoor_seating": "yes",
        "internet_access": "wlan",
        "internet_access:fee": "customers",
        "name": "Rau Ơi",
        "outdoor_seating": "yes",
        "payment:cash": "yes",
        "payment:credit_cards": "yes",
        "payment:debit_cards": "yes",
        "phone": "+84 704558581",
        "source": "local knowledge",
        "wheelchair": "limited"
      },
      "geometry": {
        "type": "Point",
        "coordinates": [
          106.6979483,
          10.768605
        ]
      },
      "id": "node/10692906351"
    },
    {
      "type": "Feature",
      "properties": {
        "@id": "node/10694753745",
        "amenity": "restaurant",
        "name": "Bep Me In",
        "opening_hours": "Mo-Su 10:30-22:30"
      },
      "geometry": {
        "type": "Point",
        "coordinates": [
          106.698786,
          10.7675414
        ]
      },
      "id": "node/10694753745"
    },
    {
      "type": "Feature",
      "properties": {
        "@id": "node/10711290348",
        "addr:city": "Ho Chi Minh City",
        "addr:district": "Quận 1",
        "addr:housenumber": "1623",
        "addr:postcode": "70000",
        "addr:province": "Hồ Chí Minh",
        "addr:street": "Đường Hai Bà Trưng",
        "addr:subdistrict": "Bến Nghé",
        "amenity": "restaurant",
        "cuisine": "vietnamese",
        "diet:vegetarian": "yes",
        "name": "SBS GI",
        "opening_hours": "24/7",
        "phone": "0932 787 783",
        "website": "https://sbsgi.vn/"
      },
      "geometry": {
        "type": "Point",
        "coordinates": [
          106.6963563,
          10.7842139
        ]
      },
      "id": "node/10711290348"
    },
    {
      "type": "Feature",
      "properties": {
        "@id": "node/10715978805",
        "amenity": "restaurant"
      },
      "geometry": {
        "type": "Point",
        "coordinates": [
          106.6944165,
          10.7703176
        ]
      },
      "id": "node/10715978805"
    },
    {
      "type": "Feature",
      "properties": {
        "@id": "node/10721522827",
        "amenity": "restaurant",
        "cuisine": "local",
        "name": "Le Comptoir"
      },
      "geometry": {
        "type": "Point",
        "coordinates": [
          106.7058054,
          10.7742088
        ]
      },
      "id": "node/10721522827"
    },
    {
      "type": "Feature",
      "properties": {
        "@id": "node/10727103901",
        "amenity": "restaurant",
        "name": "Sorrento Restaurant & Café"
      },
      "geometry": {
        "type": "Point",
        "coordinates": [
          106.692409,
          10.7296309
        ]
      },
      "id": "node/10727103901"
    },
    {
      "type": "Feature",
      "properties": {
        "@id": "node/10727103903",
        "amenity": "restaurant",
        "name": "Nine restaurant"
      },
      "geometry": {
        "type": "Point",
        "coordinates": [
          106.6935572,
          10.7296861
        ]
      },
      "id": "node/10727103903"
    },
    {
      "type": "Feature",
      "properties": {
        "@id": "node/10734176205",
        "addr:street": "Nguyễn Thị Minh Khai",
        "air_conditioning": "yes",
        "amenity": "restaurant",
        "cuisine": "vietnamese",
        "diet:gluten_free": "yes",
        "diet:vegan": "yes",
        "diet:vegetarian": "yes",
        "indoor_seating": "yes",
        "internet_access": "wlan",
        "name": "Quan nem",
        "opening_hours": "Mo-Su 10:00-22:00",
        "outdoor_seating": "no",
        "smoking": "no",
        "wheelchair": "no"
      },
      "geometry": {
        "type": "Point",
        "coordinates": [
          106.7009098,
          10.7858018
        ]
      },
      "id": "node/10734176205"
    },
    {
      "type": "Feature",
      "properties": {
        "@id": "node/10736286030",
        "addr:city": "Thành phố Hồ Chí Minh",
        "addr:district": "Quận 1",
        "addr:housenumber": "127",
        "addr:street": "Hàm Nghi",
        "addr:subdistrict": "Phường Nguyễn Thái Bình",
        "amenity": "restaurant",
        "diet:vegan": "yes",
        "name": "Bon's vegan"
      },
      "geometry": {
        "type": "Point",
        "coordinates": [
          106.7003549,
          10.7707914
        ]
      },
      "id": "node/10736286030"
    },
    {
      "type": "Feature",
      "properties": {
        "@id": "node/10752401490",
        "amenity": "restaurant",
        "name": "Le Mékong"
      },
      "geometry": {
        "type": "Point",
        "coordinates": [
          106.6908268,
          10.7782912
        ]
      },
      "id": "node/10752401490"
    },
    {
      "type": "Feature",
      "properties": {
        "@id": "node/10758253505",
        "addr:street": "Đướng B2",
        "amenity": "restaurant",
        "name": "Quán ăn/ caffe"
      },
      "geometry": {
        "type": "Point",
        "coordinates": [
          106.7252577,
          10.7728199
        ]
      },
      "id": "node/10758253505"
    },
    {
      "type": "Feature",
      "properties": {
        "@id": "node/10758253506",
        "amenity": "restaurant",
        "name": "Quán ăn/ cafe she"
      },
      "geometry": {
        "type": "Point",
        "coordinates": [
          106.7255556,
          10.7726266
        ]
      },
      "id": "node/10758253506"
    },
    {
      "type": "Feature",
      "properties": {
        "@id": "node/10768400642",
        "amenity": "restaurant",
        "name": "Bánh cuốn Gạo"
      },
      "geometry": {
        "type": "Point",
        "coordinates": [
          106.7040534,
          10.7222463
        ]
      },
      "id": "node/10768400642"
    },
    {
      "type": "Feature",
      "properties": {
        "@id": "node/10768400643",
        "amenity": "restaurant",
        "name": "Em Là Nem"
      },
      "geometry": {
        "type": "Point",
        "coordinates": [
          106.7040654,
          10.7221433
        ]
      },
      "id": "node/10768400643"
    },
    {
      "type": "Feature",
      "properties": {
        "@id": "node/10768400645",
        "amenity": "restaurant",
        "cuisine": "asian",
        "name": "Kimbap Brothers"
      },
      "geometry": {
        "type": "Point",
        "coordinates": [
          106.7039089,
          10.7232568
        ]
      },
      "id": "node/10768400645"
    },
    {
      "type": "Feature",
      "properties": {
        "@id": "node/10778185206",
        "amenity": "restaurant",
        "cuisine": "curry",
        "internet_access": "wlan",
        "name:en": "Curry Houses CoCo Ichibanya"
      },
      "geometry": {
        "type": "Point",
        "coordinates": [
          106.695915,
          10.7719595
        ]
      },
      "id": "node/10778185206"
    },
    {
      "type": "Feature",
      "properties": {
        "@id": "node/10780370912",
        "amenity": "restaurant",
        "cuisine": "chinese",
        "name": "C.Tao Chinese Restaurant"
      },
      "geometry": {
        "type": "Point",
        "coordinates": [
          106.7133246,
          10.7791876
        ]
      },
      "id": "node/10780370912"
    },
    {
      "type": "Feature",
      "properties": {
        "@id": "node/10799072559",
        "addr": "TK18/1 Đường Nguyễn Cảnh Chân, Cầu Kho, Quận 1, Thành phố Hồ Chí Minh, Vietnam",
        "amenity": "restaurant",
        "cuisine": "vietnamese",
        "name": "Quán Út Hương",
        "name:en": "Ut Huong Restauant",
        "phone": "+842838372459"
      },
      "geometry": {
        "type": "Point",
        "coordinates": [
          106.6889111,
          10.7579166
        ]
      },
      "id": "node/10799072559"
    },
    {
      "type": "Feature",
      "properties": {
        "@id": "node/10804107493",
        "amenity": "restaurant",
        "cuisine": "pizza",
        "name": "Pasta Danza Cafe"
      },
      "geometry": {
        "type": "Point",
        "coordinates": [
          106.7012824,
          10.7687232
        ]
      },
      "id": "node/10804107493"
    },
    {
      "type": "Feature",
      "properties": {
        "@id": "node/10804118806",
        "addr:floor": "2",
        "addr:housenumber": "86",
        "addr:street": "Cô Bắc",
        "air_conditioning": "no",
        "amenity": "restaurant",
        "changing_table": "no",
        "check_date": "2025-09-10",
        "check_date:diet:gluten_free": "2025-09-10",
        "check_date:diet:halal": "2025-09-10",
        "check_date:diet:vegetarian": "2024-10-29",
        "cuisine": "english",
        "diet:gluten_free": "no",
        "diet:halal": "yes",
        "diet:vegan": "yes",
        "diet:vegetarian": "only",
        "facebook": "https://www.facebook.com/filthyvegansaigon",
        "indoor_seating": "yes",
        "internet_access": "wlan",
        "internet_access:fee": "customers",
        "name:en": "Filthy Vegan",
        "outdoor_seating": "no",
        "payment:cash": "yes",
        "payment:credit_cards": "yes",
        "payment:debit_cards": "yes",
        "smoking": "no",
        "source": "survey",
        "takeaway": "yes",
        "toilets": "yes",
        "wheelchair": "no"
      },
      "geometry": {
        "type": "Point",
        "coordinates": [
          106.6947879,
          10.7649331
        ]
      },
      "id": "node/10804118806"
    },
    {
      "type": "Feature",
      "properties": {
        "@id": "node/10804421905",
        "amenity": "restaurant",
        "name:en": "Grandma LU Banh Mi"
      },
      "geometry": {
        "type": "Point",
        "coordinates": [
          106.6952164,
          10.7651522
        ]
      },
      "id": "node/10804421905"
    },
    {
      "type": "Feature",
      "properties": {
        "@id": "node/10813883806",
        "amenity": "restaurant",
        "name": "BanhMi 362"
      },
      "geometry": {
        "type": "Point",
        "coordinates": [
          106.6971695,
          10.7838673
        ]
      },
      "id": "node/10813883806"
    },
    {
      "type": "Feature",
      "properties": {
        "@id": "node/10814200205",
        "amenity": "restaurant",
        "name:en": "Gujarat Indian Restaurant"
      },
      "geometry": {
        "type": "Point",
        "coordinates": [
          106.6939141,
          10.7688175
        ]
      },
      "id": "node/10814200205"
    },
    {
      "type": "Feature",
      "properties": {
        "@id": "node/10824331070",
        "amenity": "restaurant",
        "name": "Vo roof"
      },
      "geometry": {
        "type": "Point",
        "coordinates": [
          106.7027227,
          10.7721804
        ]
      },
      "id": "node/10824331070"
    },
    {
      "type": "Feature",
      "properties": {
        "@id": "node/10855868870",
        "addr:city": "Hồ Chí Minh",
        "addr:district": "Gò Vấp",
        "addr:housenumber": "8",
        "addr:postcode": "70000",
        "addr:province": "hồ chí minh",
        "addr:street": "Hẻm 148 Đường Số 59",
        "addr:subdistrict": "Phường 14",
        "air_conditioning": "yes",
        "amenity": "restaurant",
        "capacity": "200",
        "cuisine": "coffee_shop;steak_house;burger;asian;ice_cream;international",
        "diet:local": "yes",
        "diet:meat": "yes",
        "highchair": "yes",
        "internet_access": "wlan",
        "name": "Alfa Coffee",
        "name:vi": "Affa Cafe/ Alfa Coffee",
        "opening_hours": "Mo-Su 7:00-20:00",
        "phone": "+84 966141192",
        "website": "https://affacoffee.vn/"
      },
      "geometry": {
        "type": "Point",
        "coordinates": [
          106.6531649,
          10.8554027
        ]
      },
      "id": "node/10855868870"
    },
    {
      "type": "Feature",
      "properties": {
        "@id": "node/10875951007",
        "amenity": "restaurant",
        "name:en": "Tu Bo Vien (Busy Local Pho)"
      },
      "geometry": {
        "type": "Point",
        "coordinates": [
          106.6862844,
          10.7707831
        ]
      },
      "id": "node/10875951007"
    },
    {
      "type": "Feature",
      "properties": {
        "@id": "node/10882386505",
        "amenity": "restaurant",
        "name:en": "Good Bun Bo Hue Here"
      },
      "geometry": {
        "type": "Point",
        "coordinates": [
          106.6860176,
          10.7709508
        ]
      },
      "id": "node/10882386505"
    },
    {
      "type": "Feature",
      "properties": {
        "@id": "node/10892629005",
        "amenity": "restaurant",
        "name:en": "Great Juice/Smoothie Stand"
      },
      "geometry": {
        "type": "Point",
        "coordinates": [
          106.6805499,
          10.771379
        ]
      },
      "id": "node/10892629005"
    },
    {
      "type": "Feature",
      "properties": {
        "@id": "node/10918166406",
        "amenity": "restaurant",
        "name:en": "Pho Thin"
      },
      "geometry": {
        "type": "Point",
        "coordinates": [
          106.697689,
          10.7690011
        ]
      },
      "id": "node/10918166406"
    },
    {
      "type": "Feature",
      "properties": {
        "@id": "node/10918264205",
        "amenity": "restaurant",
        "name:en": "Le Comptoir"
      },
      "geometry": {
        "type": "Point",
        "coordinates": [
          106.7053652,
          10.7745901
        ]
      },
      "id": "node/10918264205"
    },
    {
      "type": "Feature",
      "properties": {
        "@id": "node/10938969305",
        "amenity": "restaurant",
        "indoor_seating": "yes",
        "name:en": "Vegetarian Restaurant",
        "outdoor_seating": "no"
      },
      "geometry": {
        "type": "Point",
        "coordinates": [
          106.6725938,
          10.7714579
        ]
      },
      "id": "node/10938969305"
    },
    {
      "type": "Feature",
      "properties": {
        "@id": "node/11055959805",
        "amenity": "restaurant"
      },
      "geometry": {
        "type": "Point",
        "coordinates": [
          106.6984247,
          10.772706
        ]
      },
      "id": "node/11055959805"
    },
    {
      "type": "Feature",
      "properties": {
        "@id": "node/11080301019",
        "addr:city": "Thành phố Thủ Đức",
        "addr:district": "2",
        "addr:housenumber": "39",
        "addr:postcode": "7000",
        "addr:province": "Thành phố Hồ Chí Minh",
        "addr:street": "Đường Nguyễn Duy Hiệu",
        "addr:subdistrict": "Thao Dien",
        "amenity": "restaurant",
        "cuisine": "japanese;ramen;bar",
        "name": "Raku Ramen Bar",
        "opening_hours": "Mo-Su 11:00-22:00",
        "phone": "+84 88 861 53 38",
        "website": "https://rakuramenbar.com/"
      },
      "geometry": {
        "type": "Point",
        "coordinates": [
          106.7365072,
          10.8029796
        ]
      },
      "id": "node/11080301019"
    },
    {
      "type": "Feature",
      "properties": {
        "@id": "node/11080761705",
        "addr:street": "Hoàng Sa",
        "amenity": "restaurant",
        "cuisine": "vietnamese",
        "name": "Bún Chả Hà Nội",
        "name:en": "Bún Chả Hà Nội 1982"
      },
      "geometry": {
        "type": "Point",
        "coordinates": [
          106.6645255,
          10.790973
        ]
      },
      "id": "node/11080761705"
    },
    {
      "type": "Feature",
      "properties": {
        "@id": "node/11146103705",
        "addr:street": "Đường Trần Văn Kiểu",
        "amenity": "restaurant",
        "name": "Quán ốc 879"
      },
      "geometry": {
        "type": "Point",
        "coordinates": [
          106.62891,
          10.7459375
        ]
      },
      "id": "node/11146103705"
    },
    {
      "type": "Feature",
      "properties": {
        "@id": "node/11196010230",
        "addr:city": "Thành phố Hồ Chí Minh",
        "addr:district": "Bình Thạnh",
        "addr:housenumber": "Lô 03/208",
        "addr:postcode": "840000",
        "addr:province": "Hồ Chí Minh",
        "addr:street": "Đường Nguyễn Gia Trí",
        "addr:subdistrict": "Phường 25",
        "amenity": "restaurant",
        "brewery": "yes",
        "capacity": "100",
        "cuisine": "grill;vietnamese;hotpot",
        "delivery": "yes",
        "diet:healthy": "yes",
        "diet:local": "yes",
        "diet:meat": "yes",
        "name": "Tịệm Nướng Lẩu Cô Chủ Nhỏ",
        "opening_hours": "Mo-Su 16:00-23:30",
        "outdoor_seating": "yes",
        "phone": "0936 349 991",
        "reservation": "yes",
        "website": "https://www.facebook.com/profile.php?id=100087260363280"
      },
      "geometry": {
        "type": "Point",
        "coordinates": [
          106.7167195,
          10.8084473
        ]
      },
      "id": "node/11196010230"
    },
    {
      "type": "Feature",
      "properties": {
        "@id": "node/11243042924",
        "amenity": "restaurant",
        "cuisine": "chinese",
        "name": "Dynasty House"
      },
      "geometry": {
        "type": "Point",
        "coordinates": [
          106.7058682,
          10.7737014
        ]
      },
      "id": "node/11243042924"
    },
    {
      "type": "Feature",
      "properties": {
        "@id": "node/11260084937",
        "amenity": "restaurant",
        "name": "Lẩu Hồng Kông Ông Sủi",
        "name:en": "Hot Pot Lau Hong Kong",
        "phone": "0878 204 204",
        "website": "https://www.facebook.com/lauongsui"
      },
      "geometry": {
        "type": "Point",
        "coordinates": [
          106.69044,
          10.7686414
        ]
      },
      "id": "node/11260084937"
    },
    {
      "type": "Feature",
      "properties": {
        "@id": "node/11343187869",
        "addr:housenumber": "175",
        "addr:street": "Bình Thới",
        "amenity": "restaurant",
        "name": "Bún Quay Phú Quốc"
      },
      "geometry": {
        "type": "Point",
        "coordinates": [
          106.6463149,
          10.7651792
        ]
      },
      "id": "node/11343187869"
    },
    {
      "type": "Feature",
      "properties": {
        "@id": "node/11348772192",
        "addr:city": "Tp. Hồ Chí Minh",
        "addr:district": "Quận 7",
        "addr:housenumber": "202",
        "addr:street": "Phạm Thái Bường",
        "addr:subdistrict": "Phường Tân Phong",
        "amenity": "restaurant",
        "cuisine": "french",
        "name": "Détour"
      },
      "geometry": {
        "type": "Point",
        "coordinates": [
          106.7103102,
          10.7274904
        ]
      },
      "id": "node/11348772192"
    },
    {
      "type": "Feature",
      "properties": {
        "@id": "node/11348772194",
        "addr:city": "Tp. Hồ Chí Minh",
        "addr:district": "Quận 7",
        "addr:housenumber": "216",
        "addr:street": "Phạm Thái Bường",
        "addr:subdistrict": "Phường Tân Phong",
        "amenity": "restaurant",
        "cuisine": "vietnamese",
        "name": "Cô Ba Vũng Tàu"
      },
      "geometry": {
        "type": "Point",
        "coordinates": [
          106.7095431,
          10.7274573
        ]
      },
      "id": "node/11348772194"
    },
    {
      "type": "Feature",
      "properties": {
        "@id": "node/11348772196",
        "amenity": "restaurant",
        "cuisine": "korean",
        "name": "Mì lạnh Yoo Chun"
      },
      "geometry": {
        "type": "Point",
        "coordinates": [
          106.710125,
          10.7282651
        ]
      },
      "id": "node/11348772196"
    },
    {
      "type": "Feature",
      "properties": {
        "@id": "node/11353600743",
        "addr:city": "Hồ Chí Minh",
        "addr:district": "Tân Phú",
        "addr:housenumber": "72",
        "addr:street": "Đường Hoa Bằng",
        "addr:subdistrict": "Tân Sơn Nhì",
        "amenity": "restaurant",
        "cuisine": "regional;vietnamese",
        "name": "Quán nhậu 69"
      },
      "geometry": {
        "type": "Point",
        "coordinates": [
          106.6286701,
          10.7981136
        ]
      },
      "id": "node/11353600743"
    },
    {
      "type": "Feature",
      "properties": {
        "@id": "node/11360195064",
        "amenity": "restaurant",
        "cuisine": "korean",
        "diet:meat": "yes",
        "name": "Yukdaejang"
      },
      "geometry": {
        "type": "Point",
        "coordinates": [
          106.7088935,
          10.7241458
        ]
      },
      "id": "node/11360195064"
    },
    {
      "type": "Feature",
      "properties": {
        "@id": "node/11363987283",
        "amenity": "restaurant",
        "indoor_seating": "yes",
        "name": "Huyết chưng 122",
        "outdoor_seating": "yes"
      },
      "geometry": {
        "type": "Point",
        "coordinates": [
          106.6635739,
          10.7951714
        ]
      },
      "id": "node/11363987283"
    },
    {
      "type": "Feature",
      "properties": {
        "@id": "node/11377634369",
        "amenity": "restaurant",
        "diet:vegan": "yes",
        "diet:vegetarian": "only",
        "indoor_seating": "yes",
        "name": "Chay Giác Ngộ",
        "outdoor_seating": "no"
      },
      "geometry": {
        "type": "Point",
        "coordinates": [
          106.6739513,
          10.7603485
        ]
      },
      "id": "node/11377634369"
    },
    {
      "type": "Feature",
      "properties": {
        "@id": "node/11378746769",
        "air_conditioning": "no",
        "amenity": "restaurant",
        "changing_table": "no",
        "cuisine": "vietnamese",
        "diet:gluten_free": "yes",
        "diet:halal": "only",
        "diet:vegan": "only",
        "diet:vegetarian": "only",
        "indoor_seating": "yes",
        "name": "Qúan Chay Liên Yến",
        "opening_hours": "Mo-Su 09:00-19:00",
        "outdoor_seating": "no",
        "payment:credit_cards": "no",
        "payment:debit_cards": "no",
        "phone": "+84906588948",
        "smoking": "no",
        "toilets:wheelchair": "no",
        "wheelchair": "limited"
      },
      "geometry": {
        "type": "Point",
        "coordinates": [
          106.6796323,
          10.7823261
        ]
      },
      "id": "node/11378746769"
    },
    {
      "type": "Feature",
      "properties": {
        "@id": "node/11385007469",
        "addr:housenumber": "376e",
        "addr:postcode": "70000",
        "addr:street": "Bến Bình Đông",
        "amenity": "restaurant",
        "cuisine": "vietnamese",
        "name": "Phở QUANG",
        "opening_hours": "Mo-Su 05:40-11:30",
        "phone": "0902997863"
      },
      "geometry": {
        "type": "Point",
        "coordinates": [
          106.6347277,
          10.7326811
        ]
      },
      "id": "node/11385007469"
    },
    {
      "type": "Feature",
      "properties": {
        "@id": "node/11423745246",
        "addr:floor": "3",
        "amenity": "restaurant",
        "check_date": "2023-12-16",
        "cuisine": "vietnamese",
        "name": "Big Bowl",
        "name:en": "Big Bowl",
        "payment:cash": "yes",
        "payment:mastercard": "yes",
        "payment:visa": "yes"
      },
      "geometry": {
        "type": "Point",
        "coordinates": [
          106.6636524,
          10.8170498
        ]
      },
      "id": "node/11423745246"
    },
    {
      "type": "Feature",
      "properties": {
        "@id": "node/11424997468",
        "addr:city": "Phường Thảo Điền",
        "addr:district": "2",
        "addr:housenumber": "26",
        "addr:postcode": "70000",
        "addr:street": "Đường Số 2",
        "amenity": "restaurant",
        "check_date": "2025-03-27",
        "check_date:currency:XBT": "2024-03-12",
        "cuisine": "burger",
        "currency:XBT": "no",
        "internet_access": "yes",
        "internet_access:fee": "no",
        "name": "Pingu's Burger",
        "opening_hours": "Mo-Su 11:00-23:00",
        "payment:lightning": "no",
        "payment:lightning_contactless": "no",
        "payment:onchain": "no",
        "phone": "+84 708 124 898"
      },
      "geometry": {
        "type": "Point",
        "coordinates": [
          106.7339752,
          10.8092321
        ]
      },
      "id": "node/11424997468"
    },
    {
      "type": "Feature",
      "properties": {
        "@id": "node/11429261960",
        "amenity": "restaurant",
        "cuisine": "seafood",
        "name": "Ốc Sam"
      },
      "geometry": {
        "type": "Point",
        "coordinates": [
          106.6304338,
          10.7944095
        ]
      },
      "id": "node/11429261960"
    },
    {
      "type": "Feature",
      "properties": {
        "@id": "node/11430454847",
        "amenity": "restaurant",
        "name": "Anh Đào - Bánh Cuốn (20k)"
      },
      "geometry": {
        "type": "Point",
        "coordinates": [
          106.6960108,
          10.764137
        ]
      },
      "id": "node/11430454847"
    },
    {
      "type": "Feature",
      "properties": {
        "@id": "node/11433399569",
        "amenity": "restaurant",
        "name:en": "Vinafresh"
      },
      "geometry": {
        "type": "Point",
        "coordinates": [
          106.6979316,
          10.7734115
        ]
      },
      "id": "node/11433399569"
    },
    {
      "type": "Feature",
      "properties": {
        "@id": "node/11438719433",
        "amenity": "restaurant",
        "cuisine": "japanese",
        "name": "Sukiya"
      },
      "geometry": {
        "type": "Point",
        "coordinates": [
          106.6426767,
          10.7922051
        ]
      },
      "id": "node/11438719433"
    },
    {
      "type": "Feature",
      "properties": {
        "@id": "node/11438719498",
        "amenity": "restaurant",
        "name": "Phá lấu Rubi"
      },
      "geometry": {
        "type": "Point",
        "coordinates": [
          106.6411587,
          10.7909455
        ]
      },
      "id": "node/11438719498"
    },
    {
      "type": "Feature",
      "properties": {
        "@id": "node/11447972432",
        "addr:city": "Thành Phố Hồ Chí Minh",
        "addr:housenumber": "8/13A",
        "addr:street": "Đường 49B",
        "addr:ward": "Phường An Khánh",
        "amenity": "restaurant",
        "cuisine": "german",
        "name": "Parkhaus Thao Dien",
        "opening_hours": "Mo-Su 11:00-23:00",
        "website": "https://www.parkhaus.vn"
      },
      "geometry": {
        "type": "Point",
        "coordinates": [
          106.7286936,
          10.8015856
        ]
      },
      "id": "node/11447972432"
    },
    {
      "type": "Feature",
      "properties": {
        "@id": "node/11468891121",
        "amenity": "restaurant",
        "diet:vegetarian": "yes",
        "name": "Cơm chay Thiện Phước"
      },
      "geometry": {
        "type": "Point",
        "coordinates": [
          106.6392994,
          10.7841264
        ]
      },
      "id": "node/11468891121"
    },
    {
      "type": "Feature",
      "properties": {
        "@id": "node/11490090270",
        "addr:housenumber": "10",
        "addr:street": "Kỳ Ðồng",
        "amenity": "restaurant",
        "name": "Guru Restaurant"
      },
      "geometry": {
        "type": "Point",
        "coordinates": [
          106.6828024,
          10.7840441
        ]
      },
      "id": "node/11490090270"
    },
    {
      "type": "Feature",
      "properties": {
        "@id": "node/11490091270",
        "addr:housenumber": "56",
        "addr:street": "Đông Du",
        "amenity": "restaurant",
        "name": "D'Nyonya"
      },
      "geometry": {
        "type": "Point",
        "coordinates": [
          106.7049642,
          10.7764578
        ]
      },
      "id": "node/11490091270"
    },
    {
      "type": "Feature",
      "properties": {
        "@id": "node/11497389069",
        "addr:housenumber": "75-77",
        "addr:street": "Hồ Tùng Mậu",
        "amenity": "restaurant",
        "name:en": "Rice Field Restaurant"
      },
      "geometry": {
        "type": "Point",
        "coordinates": [
          106.7036201,
          10.7722345
        ]
      },
      "id": "node/11497389069"
    },
    {
      "type": "Feature",
      "properties": {
        "@id": "node/11497620417",
        "amenity": "restaurant",
        "brand": "Pizza Hut",
        "brand:wikidata": "Q191615",
        "cuisine": "pizza",
        "name": "Pizza Hut"
      },
      "geometry": {
        "type": "Point",
        "coordinates": [
          106.6049559,
          10.81492
        ]
      },
      "id": "node/11497620417"
    },
    {
      "type": "Feature",
      "properties": {
        "@id": "node/11515759839",
        "amenity": "restaurant",
        "cuisine": "japanese",
        "name": "宇奈とと",
        "name:en": "UNATOTO VIETNAM",
        "website": "https://unatotovietnam.com/"
      },
      "geometry": {
        "type": "Point",
        "coordinates": [
          106.6957833,
          10.7725346
        ]
      },
      "id": "node/11515759839"
    },
    {
      "type": "Feature",
      "properties": {
        "@id": "node/11515759840",
        "amenity": "restaurant",
        "cuisine": "japanese;udon",
        "name": "丸亀製麺"
      },
      "geometry": {
        "type": "Point",
        "coordinates": [
          106.6956468,
          10.7727729
        ]
      },
      "id": "node/11515759840"
    },
    {
      "type": "Feature",
      "properties": {
        "@id": "node/11515767083",
        "amenity": "restaurant",
        "name": "Thuan Kieu Vietnamese restaurant",
        "website": "https://comtamthuankieu.com.vn/"
      },
      "geometry": {
        "type": "Point",
        "coordinates": [
          106.6973498,
          10.7675946
        ]
      },
      "id": "node/11515767083"
    },
    {
      "type": "Feature",
      "properties": {
        "@id": "node/11515768824",
        "addr:city": "Thành phố Hồ Chí Minh",
        "addr:district": "Quận 3",
        "addr:housenumber": "15",
        "addr:street": "Kỳ Ðồng",
        "addr:subdistrict": "Phường 09",
        "amenity": "restaurant",
        "cuisine": "japanese",
        "name": "Ẩm thực Hai Lúa",
        "name:ja": "アムトゥク ハイルア",
        "website": "https://amthuchailuaq3.com/"
      },
      "geometry": {
        "type": "Point",
        "coordinates": [
          106.6825499,
          10.7830982
        ]
      },
      "id": "node/11515768824"
    },
    {
      "type": "Feature",
      "properties": {
        "@id": "node/11515846156",
        "amenity": "restaurant",
        "cuisine": "japanese",
        "name": "Mì Danbo Ramen",
        "name:ja": "ラーメン暖暮"
      },
      "geometry": {
        "type": "Point",
        "coordinates": [
          106.7049066,
          10.7797429
        ]
      },
      "id": "node/11515846156"
    },
    {
      "type": "Feature",
      "properties": {
        "@id": "node/11515846158",
        "amenity": "restaurant",
        "cuisine": "japanese",
        "name": "ICHIBANYA"
      },
      "geometry": {
        "type": "Point",
        "coordinates": [
          106.704803,
          10.7799782
        ]
      },
      "id": "node/11515846158"
    },
    {
      "type": "Feature",
      "properties": {
        "@id": "node/11515846159",
        "amenity": "restaurant",
        "cuisine": "japanese",
        "name": "麺屋ふた葉"
      },
      "geometry": {
        "type": "Point",
        "coordinates": [
          106.7049238,
          10.7798863
        ]
      },
      "id": "node/11515846159"
    },
    {
      "type": "Feature",
      "properties": {
        "@id": "node/11515846162",
        "amenity": "restaurant",
        "cuisine": "japanese",
        "name": "KOME"
      },
      "geometry": {
        "type": "Point",
        "coordinates": [
          106.7052237,
          10.7796159
        ]
      },
      "id": "node/11515846162"
    },
    {
      "type": "Feature",
      "properties": {
        "@id": "node/11515846164",
        "amenity": "restaurant",
        "cuisine": "japanese",
        "name": "割烹多ま"
      },
      "geometry": {
        "type": "Point",
        "coordinates": [
          106.7052172,
          10.7794935
        ]
      },
      "id": "node/11515846164"
    },
    {
      "type": "Feature",
      "properties": {
        "@id": "node/11515846166",
        "amenity": "restaurant",
        "cuisine": "japanese",
        "name": "Torasan",
        "name:ja": "寅さん"
      },
      "geometry": {
        "type": "Point",
        "coordinates": [
          106.7048775,
          10.7794442
        ]
      },
      "id": "node/11515846166"
    },
    {
      "type": "Feature",
      "properties": {
        "@id": "node/11515846167",
        "amenity": "restaurant",
        "name": "Bún Chả Hà Nội 26",
        "name:ja": "ブンチャーハノイ26"
      },
      "geometry": {
        "type": "Point",
        "coordinates": [
          106.7051631,
          10.7791805
        ]
      },
      "id": "node/11515846167"
    },
    {
      "type": "Feature",
      "properties": {
        "@id": "node/11515846168",
        "amenity": "restaurant",
        "name": "sorimmara"
      },
      "geometry": {
        "type": "Point",
        "coordinates": [
          106.7041842,
          10.7797644
        ]
      },
      "id": "node/11515846168"
    },
    {
      "type": "Feature",
      "properties": {
        "@id": "node/11515855857",
        "amenity": "restaurant",
        "name": "Canh Tiềm Dinh Dưỡng Minh Ký"
      },
      "geometry": {
        "type": "Point",
        "coordinates": [
          106.6734332,
          10.752898
        ]
      },
      "id": "node/11515855857"
    },
    {
      "type": "Feature",
      "properties": {
        "@id": "node/11515855858",
        "amenity": "restaurant",
        "name": "Lò Đất BBQ"
      },
      "geometry": {
        "type": "Point",
        "coordinates": [
          106.6737282,
          10.7524125
        ]
      },
      "id": "node/11515855858"
    },
    {
      "type": "Feature",
      "properties": {
        "@id": "node/11515855861",
        "amenity": "restaurant",
        "name": "大娘餃子"
      },
      "geometry": {
        "type": "Point",
        "coordinates": [
          106.6726396,
          10.7532254
        ]
      },
      "id": "node/11515855861"
    },
    {
      "type": "Feature",
      "properties": {
        "@id": "node/11515859473",
        "amenity": "restaurant",
        "cuisine": "japanese",
        "name": "諭吉ラーメン"
      },
      "geometry": {
        "type": "Point",
        "coordinates": [
          106.7056858,
          10.7798854
        ]
      },
      "id": "node/11515859473"
    },
    {
      "type": "Feature",
      "properties": {
        "@id": "node/11515859478",
        "amenity": "restaurant",
        "name": "hà Hàng Tori Soba Mutahiro"
      },
      "geometry": {
        "type": "Point",
        "coordinates": [
          106.7054839,
          10.7793342
        ]
      },
      "id": "node/11515859478"
    },
    {
      "type": "Feature",
      "properties": {
        "@id": "node/11515859479",
        "amenity": "restaurant",
        "cuisine": "japanese",
        "name": "とり皮みつますホーチミン"
      },
      "geometry": {
        "type": "Point",
        "coordinates": [
          106.7053498,
          10.7793412
        ]
      },
      "id": "node/11515859479"
    },
    {
      "type": "Feature",
      "properties": {
        "@id": "node/11515859480",
        "amenity": "restaurant",
        "name": "Gamagol"
      },
      "geometry": {
        "type": "Point",
        "coordinates": [
          106.7046164,
          10.779387
        ]
      },
      "id": "node/11515859480"
    },
    {
      "type": "Feature",
      "properties": {
        "@id": "node/11527617765",
        "amenity": "restaurant",
        "name": "Chang Kang Kung Emart"
      },
      "geometry": {
        "type": "Point",
        "coordinates": [
          106.6933156,
          10.8235839
        ]
      },
      "id": "node/11527617765"
    },
    {
      "type": "Feature",
      "properties": {
        "@id": "node/11527617766",
        "amenity": "restaurant",
        "name": "Kichi Kichi Emart Gò Vấp"
      },
      "geometry": {
        "type": "Point",
        "coordinates": [
          106.6936411,
          10.8234928
        ]
      },
      "id": "node/11527617766"
    },
    {
      "type": "Feature",
      "properties": {
        "@id": "node/11527617768",
        "amenity": "restaurant",
        "cuisine": "barbecue",
        "name": "GoGi House"
      },
      "geometry": {
        "type": "Point",
        "coordinates": [
          106.6937236,
          10.8237344
        ]
      },
      "id": "node/11527617768"
    },
    {
      "type": "Feature",
      "properties": {
        "@id": "node/11527625172",
        "amenity": "restaurant",
        "name": "Những Người Bạn"
      },
      "geometry": {
        "type": "Point",
        "coordinates": [
          106.6876781,
          10.8277073
        ]
      },
      "id": "node/11527625172"
    },
    {
      "type": "Feature",
      "properties": {
        "@id": "node/11527964469",
        "amenity": "restaurant",
        "cuisine": "spanish",
        "internet_access": "wlan",
        "name:en": "Sabor"
      },
      "geometry": {
        "type": "Point",
        "coordinates": [
          106.6971986,
          10.7676795
        ]
      },
      "id": "node/11527964469"
    },
    {
      "type": "Feature",
      "properties": {
        "@id": "node/11530596069",
        "amenity": "restaurant",
        "name:en": "Veggie Saigon"
      },
      "geometry": {
        "type": "Point",
        "coordinates": [
          106.691794,
          10.7705906
        ]
      },
      "id": "node/11530596069"
    },
    {
      "type": "Feature",
      "properties": {
        "@id": "node/11533096022",
        "amenity": "restaurant",
        "name": "Bia Góc"
      },
      "geometry": {
        "type": "Point",
        "coordinates": [
          106.7088936,
          10.7366265
        ]
      },
      "id": "node/11533096022"
    },
    {
      "type": "Feature",
      "properties": {
        "@id": "node/11533096039",
        "amenity": "restaurant",
        "name": "すし亭"
      },
      "geometry": {
        "type": "Point",
        "coordinates": [
          106.6952438,
          10.7728586
        ]
      },
      "id": "node/11533096039"
    },
    {
      "type": "Feature",
      "properties": {
        "@id": "node/11533134437",
        "amenity": "restaurant",
        "name": "The Log Restaurant"
      },
      "geometry": {
        "type": "Point",
        "coordinates": [
          106.7023183,
          10.7900066
        ]
      },
      "id": "node/11533134437"
    },
    {
      "type": "Feature",
      "properties": {
        "@id": "node/11535343697",
        "addr:district": "Thủ Đức",
        "addr:housenumber": "170",
        "addr:postcode": "700000",
        "addr:province": "Hồ Chí Minh",
        "addr:street": "Đường Nguyễn Văn Hưởng",
        "addr:subdistrict": "Thảo Điền",
        "amenity": "restaurant",
        "cuisine": "french;bistro",
        "name": "La Fontaine French Bistrot",
        "opening_hours": "We-Mo 07:30-22:30; Tu off",
        "phone": "+842835355487",
        "website": "https://lafontaine-restaurant.com.vn/"
      },
      "geometry": {
        "type": "Point",
        "coordinates": [
          106.7272926,
          10.8151095
        ]
      },
      "id": "node/11535343697"
    },
    {
      "type": "Feature",
      "properties": {
        "@id": "node/11556628736",
        "addr:district": "Quận Tân Bình",
        "addr:housenumber": "11A",
        "addr:province": "Thành phố Hồ Chí Minh",
        "addr:street": "Tiền Giang",
        "addr:subdistrict": "Phường 2",
        "amenity": "restaurant",
        "name": "Dê Cao Nguyên"
      },
      "geometry": {
        "type": "Point",
        "coordinates": [
          106.6661364,
          10.8085851
        ]
      },
      "id": "node/11556628736"
    },
    {
      "type": "Feature",
      "properties": {
        "@id": "node/11563557469",
        "air_conditioning": "yes",
        "amenity": "restaurant",
        "cuisine": "vietnamese",
        "diet:vegan": "yes",
        "diet:vegetarian": "only",
        "indoor_seating": "yes",
        "name:en": "La lala Vegetarian",
        "outdoor_seating": "no"
      },
      "geometry": {
        "type": "Point",
        "coordinates": [
          106.6922877,
          10.7865342
        ]
      },
      "id": "node/11563557469"
    },
    {
      "type": "Feature",
      "properties": {
        "@id": "node/11569129243",
        "amenity": "restaurant",
        "cuisine": "vietnamese",
        "name": "Bún chả Hà Nội Minh Nga"
      },
      "geometry": {
        "type": "Point",
        "coordinates": [
          106.7183717,
          10.7354515
        ]
      },
      "id": "node/11569129243"
    },
    {
      "type": "Feature",
      "properties": {
        "@id": "node/11594548069",
        "amenity": "restaurant",
        "cuisine": "indian",
        "name:en": "Mustard Indian Restaurant"
      },
      "geometry": {
        "type": "Point",
        "coordinates": [
          106.6996726,
          10.7852953
        ]
      },
      "id": "node/11594548069"
    },
    {
      "type": "Feature",
      "properties": {
        "@id": "node/11609621387",
        "amenity": "restaurant",
        "name": "Phở Thìn By SOL - Q4"
      },
      "geometry": {
        "type": "Point",
        "coordinates": [
          106.7049428,
          10.7653742
        ]
      },
      "id": "node/11609621387"
    },
    {
      "type": "Feature",
      "properties": {
        "@id": "node/11609638683",
        "amenity": "restaurant",
        "name": "Linh.kitchen"
      },
      "geometry": {
        "type": "Point",
        "coordinates": [
          106.7040088,
          10.7648051
        ]
      },
      "id": "node/11609638683"
    },
    {
      "type": "Feature",
      "properties": {
        "@id": "node/11612841315",
        "addr:city": "Thành phố Hồ Chí Minh",
        "addr:district": "Quận 2",
        "addr:housenumber": "23",
        "addr:street": "Trần Bạch Đằng",
        "addr:subdistrict": "Thủ Thiêm",
        "amenity": "restaurant",
        "name": "The River Oriental"
      },
      "geometry": {
        "type": "Point",
        "coordinates": [
          106.7194822,
          10.7832461
        ]
      },
      "id": "node/11612841315"
    },
    {
      "type": "Feature",
      "properties": {
        "@id": "node/11616168569",
        "addr:housenumber": "136/9",
        "addr:street": "Lê Thánh Tôn",
        "air_conditioning": "yes",
        "amenity": "restaurant",
        "award:michelin": "selected",
        "award:michelin:selected": "2023;2024;2025",
        "bar": "no",
        "branch": "Lê Thánh Tôn",
        "check_date": "2025-11-29",
        "contact:website": "https://bepmein.com",
        "cuisine": "regional",
        "internet_access": "wlan",
        "internet_access:fee": "customers",
        "microbrewery": "no",
        "name": "Bếp Mẹ Ỉn",
        "name:en": "Bếp Mẹ Ỉn",
        "name:vi": "Bếp Mẹ Ỉn",
        "outdoor_seating": "yes",
        "payment:cash": "yes",
        "payment:credit_cards": "yes",
        "payment:debit_cards": "yes",
        "reservation": "recommended",
        "restaurant": "eatery",
        "smoking": "no",
        "wheelchair": "limited"
      },
      "geometry": {
        "type": "Point",
        "coordinates": [
          106.6981873,
          10.7739049
        ]
      },
      "id": "node/11616168569"
    },
    {
      "type": "Feature",
      "properties": {
        "@id": "node/11634466268",
        "amenity": "restaurant",
        "name": "Lau Tu Chon Hong Kong"
      },
      "geometry": {
        "type": "Point",
        "coordinates": [
          106.7055365,
          10.7393725
        ]
      },
      "id": "node/11634466268"
    },
    {
      "type": "Feature",
      "properties": {
        "@id": "node/11640811069",
        "amenity": "restaurant"
      },
      "geometry": {
        "type": "Point",
        "coordinates": [
          106.6616421,
          10.8076242
        ]
      },
      "id": "node/11640811069"
    },
    {
      "type": "Feature",
      "properties": {
        "@id": "node/11660432455",
        "amenity": "restaurant",
        "name": "Good morning house"
      },
      "geometry": {
        "type": "Point",
        "coordinates": [
          106.7285705,
          10.8167889
        ]
      },
      "id": "node/11660432455"
    },
    {
      "type": "Feature",
      "properties": {
        "@id": "node/11660892585",
        "addr:housenumber": "186",
        "addr:street": "Nguyễn Văn Hưởng",
        "amenity": "restaurant",
        "name": "Nhà hàng"
      },
      "geometry": {
        "type": "Point",
        "coordinates": [
          106.7289458,
          10.8167751
        ]
      },
      "id": "node/11660892585"
    },
    {
      "type": "Feature",
      "properties": {
        "@id": "node/11662155913",
        "amenity": "restaurant",
        "cuisine": "Vegetarian",
        "name": "Lau Nam Chay",
        "opening_hours": "Mo-Sa 09:30-21:30",
        "website": "http://launamchayannhien.com"
      },
      "geometry": {
        "type": "Point",
        "coordinates": [
          106.6945777,
          10.7924146
        ]
      },
      "id": "node/11662155913"
    },
    {
      "type": "Feature",
      "properties": {
        "@id": "node/11690839969",
        "addr:housenumber": "55B",
        "addr:street": "Đường Nguyễn Công Trứ",
        "amenity": "restaurant",
        "cuisine": "vietnamese",
        "name": "Bún thịt nướng cô Lan"
      },
      "geometry": {
        "type": "Point",
        "coordinates": [
          106.7099576,
          10.7915744
        ]
      },
      "id": "node/11690839969"
    },
    {
      "type": "Feature",
      "properties": {
        "@id": "node/11738708869",
        "amenity": "restaurant",
        "name": "Amigo Grill - Farewell dinner"
      },
      "geometry": {
        "type": "Point",
        "coordinates": [
          106.7045114,
          10.7729783
        ]
      },
      "id": "node/11738708869"
    },
    {
      "type": "Feature",
      "properties": {
        "@id": "node/11758037469",
        "air_conditioning": "no",
        "amenity": "restaurant",
        "cuisine": "vietnamese",
        "indoor_seating": "yes",
        "level": "0",
        "name": "Căn Tin 37",
        "opening_hours": "Mo-Su 06:00-19:30",
        "outdoor_seating": "sidewalk",
        "phone": "+84867428911"
      },
      "geometry": {
        "type": "Point",
        "coordinates": [
          106.7023879,
          10.7793435
        ]
      },
      "id": "node/11758037469"
    },
    {
      "type": "Feature",
      "properties": {
        "@id": "node/11760251669",
        "addr:housenumber": "200 D",
        "addr:postcode": "700000",
        "addr:street": "Lê Thánh Tôn",
        "amenity": "restaurant",
        "cuisine": "american",
        "internet_access": "wlan",
        "level": "2",
        "name:en": "The Wagon Wheel",
        "opening_hours": "Mo-Su 11:00-22:00",
        "phone": "090 3108580",
        "website": "http://thewsgonwheelsaigon.com"
      },
      "geometry": {
        "type": "Point",
        "coordinates": [
          106.6968042,
          10.7730101
        ]
      },
      "id": "node/11760251669"
    },
    {
      "type": "Feature",
      "properties": {
        "@id": "node/11782344769",
        "amenity": "restaurant",
        "name": "Bánh Mì Bảy Hổ"
      },
      "geometry": {
        "type": "Point",
        "coordinates": [
          106.6966453,
          10.7903791
        ]
      },
      "id": "node/11782344769"
    },
    {
      "type": "Feature",
      "properties": {
        "@id": "node/11782344869",
        "amenity": "restaurant",
        "name": "Hủ Tiếu Hồng Phát"
      },
      "geometry": {
        "type": "Point",
        "coordinates": [
          106.6848355,
          10.7705085
        ]
      },
      "id": "node/11782344869"
    },
    {
      "type": "Feature",
      "properties": {
        "@id": "node/11816610269",
        "amenity": "restaurant",
        "name": "Quán ốc Thiện ý"
      },
      "geometry": {
        "type": "Point",
        "coordinates": [
          106.6534493,
          10.8429138
        ]
      },
      "id": "node/11816610269"
    },
    {
      "type": "Feature",
      "properties": {
        "@id": "node/11896756570",
        "addr:housenumber": "8",
        "addr:street": "Lương Hữu Khánh",
        "air_conditioning": "yes",
        "amenity": "restaurant",
        "changing_table": "no",
        "cuisine": "chinese;vietnamese",
        "diet:gluten_free": "yes",
        "diet:halal": "yes",
        "diet:vegan": "yes",
        "diet:vegetarian": "only",
        "indoor_seating": "yes",
        "name": "Shanti Veggie – Nhà Hàng Chay",
        "name:en": "Shanti Veggie – Vegan Restaurant",
        "opening_hours": "Mo-Su 09:00-21:00",
        "outdoor_seating": "no",
        "phone": "0922532532",
        "smoking": "no",
        "toilets:wheelchair": "no",
        "website": "https://shantiveggie.com",
        "wheelchair": "limited"
      },
      "geometry": {
        "type": "Point",
        "coordinates": [
          106.6867286,
          10.7699832
        ]
      },
      "id": "node/11896756570"
    },
    {
      "type": "Feature",
      "properties": {
        "@id": "node/11909342969",
        "addr:housenumber": "178/4",
        "addr:street": "Đường Pasteur",
        "amenity": "restaurant",
        "cuisine": "coffee_shop;regional;tea",
        "diet:vegan": "yes",
        "internet_access": "wlan",
        "name": "Ba Xa Ch",
        "name:de": "Ba Xa Filiale Pasteur",
        "name:en": "Ba Xa Branch Pasteur",
        "name:vi": "Ba Xa Chi nhánh Pasteur",
        "opening_hours": "Mo-Su 09:00-22:00",
        "operator": "Ba Xa Co. Ltd.",
        "phone": "0899519915",
        "website": "https://chaybaxa.com/"
      },
      "geometry": {
        "type": "Point",
        "coordinates": [
          106.6986733,
          10.7785214
        ]
      },
      "id": "node/11909342969"
    },
    {
      "type": "Feature",
      "properties": {
        "@id": "node/11911512469",
        "addr:housenumber": "7",
        "addr:street": "Nguyễn Lâm",
        "air_conditioning": "yes",
        "amenity": "restaurant",
        "changing_table": "no",
        "contact:facebook": "quanchay.disau",
        "cuisine": "regional",
        "diet:gluten_free": "yes",
        "diet:halal": "yes",
        "diet:vegan": "yes",
        "diet:vegetarian": "only",
        "indoor_seating": "yes",
        "internet_access": "wlan",
        "name": "Quán Chay Dì Sáu",
        "name:en": "Dì Sáu Vegetarian Restaurant",
        "opening_hours": "Mo-Su 06:30-20:30",
        "outdoor_seating": "street",
        "phone": "0903955046",
        "smoking": "no",
        "toilets:wheelchair": "no",
        "wheelchair": "limited"
      },
      "geometry": {
        "type": "Point",
        "coordinates": [
          106.663399,
          10.7619659
        ]
      },
      "id": "node/11911512469"
    },
    {
      "type": "Feature",
      "properties": {
        "@id": "node/11915947569",
        "addr:housenumber": "1B",
        "addr:street": "Tam Đảo",
        "air_conditioning": "no",
        "amenity": "restaurant",
        "cuisine": "regional",
        "diet:vegan": "yes",
        "diet:vegetarian": "only",
        "indoor_seating": "yes",
        "internet_access": "wlan",
        "name": "Rau Củ Nâm Vegan",
        "name:en": "Rau Cu Nam Vegan",
        "name:vi": "Thực Đỏn – Rau Củ Nâm Vegan",
        "opening_hours": "Mo-Su 08:30-21:00",
        "operator": "Thực Đỏn",
        "outdoor_seating": "patio",
        "phone": "0767697788",
        "smoking": "no",
        "wheelchair": "no"
      },
      "geometry": {
        "type": "Point",
        "coordinates": [
          106.6622798,
          10.7785205
        ]
      },
      "id": "node/11915947569"
    },
    {
      "type": "Feature",
      "properties": {
        "@id": "node/11945304469",
        "amenity": "restaurant",
        "internet_access": "wlan",
        "name:en": "Hoi Han Sense",
        "name:fr": "Hoi Han Sense"
      },
      "geometry": {
        "type": "Point",
        "coordinates": [
          106.6987892,
          10.7903868
        ]
      },
      "id": "node/11945304469"
    },
    {
      "type": "Feature",
      "properties": {
        "@id": "node/11969073930",
        "addr:housenumber": "131",
        "addr:street": "Calmette",
        "amenity": "restaurant",
        "cuisine": "vietnamese",
        "name": "Secret Garden",
        "phone": "+84 28 3821 1288"
      },
      "geometry": {
        "type": "Point",
        "coordinates": [
          106.6983666,
          10.7689156
        ]
      },
      "id": "node/11969073930"
    },
    {
      "type": "Feature",
      "properties": {
        "@id": "node/11971598394",
        "amenity": "restaurant"
      },
      "geometry": {
        "type": "Point",
        "coordinates": [
          106.63003,
          10.8573848
        ]
      },
      "id": "node/11971598394"
    },
    {
      "type": "Feature",
      "properties": {
        "@id": "node/11991216691",
        "addr:housenumber": "175",
        "addr:street": "Đường Số 1",
        "amenity": "restaurant",
        "name": "Bánh Canh Cá Lóc Bột Gạo"
      },
      "geometry": {
        "type": "Point",
        "coordinates": [
          106.7521007,
          10.7883847
        ]
      },
      "id": "node/11991216691"
    },
    {
      "type": "Feature",
      "properties": {
        "@id": "node/11991216693",
        "addr:housenumber": "174",
        "addr:street": "Đường Số 1",
        "amenity": "restaurant",
        "name": "Quán Ăn Thanh Tùng"
      },
      "geometry": {
        "type": "Point",
        "coordinates": [
          106.7521918,
          10.7884003
        ]
      },
      "id": "node/11991216693"
    },
    {
      "type": "Feature",
      "properties": {
        "@id": "node/11991216694",
        "addr:housenumber": "174",
        "addr:street": "Đường Số 1",
        "amenity": "restaurant",
        "name": "Bún Thịt Nướng Hân Hân"
      },
      "geometry": {
        "type": "Point",
        "coordinates": [
          106.7522516,
          10.7884122
        ]
      },
      "id": "node/11991216694"
    },
    {
      "type": "Feature",
      "properties": {
        "@id": "node/11991216703",
        "addr:housenumber": "303",
        "addr:street": "Thân Văn Nhiếp",
        "amenity": "restaurant",
        "name": "Quán Mì Quảng Xa Quê"
      },
      "geometry": {
        "type": "Point",
        "coordinates": [
          106.7531394,
          10.7887709
        ]
      },
      "id": "node/11991216703"
    },
    {
      "type": "Feature",
      "properties": {
        "@id": "node/11991216704",
        "addr:housenumber": "303",
        "addr:street": "Thân Văn Nhiếp",
        "amenity": "restaurant",
        "name": "Bún Riêu Canh Bún 303 Thân Văn Nhiếp"
      },
      "geometry": {
        "type": "Point",
        "coordinates": [
          106.7531693,
          10.7888389
        ]
      },
      "id": "node/11991216704"
    },
    {
      "type": "Feature",
      "properties": {
        "@id": "node/11991216708",
        "addr:housenumber": "303",
        "addr:street": "Thân Văn Nhiếp",
        "amenity": "restaurant",
        "name": "Cơm Chay Thuận Thiên"
      },
      "geometry": {
        "type": "Point",
        "coordinates": [
          106.7531903,
          10.7889878
        ]
      },
      "id": "node/11991216708"
    },
    {
      "type": "Feature",
      "properties": {
        "@id": "node/11991216709",
        "addr:housenumber": "303",
        "addr:street": "Thân Văn Nhiếp",
        "amenity": "restaurant",
        "name": "Buffet Chay Lẩu Alacarte Bảo Anh"
      },
      "geometry": {
        "type": "Point",
        "coordinates": [
          106.7531855,
          10.789023
        ]
      },
      "id": "node/11991216709"
    },
    {
      "type": "Feature",
      "properties": {
        "@id": "node/11991216710",
        "addr:housenumber": "303",
        "addr:street": "Thân Văn Nhiếp",
        "amenity": "restaurant",
        "name": "Quán Nhậu Sông Giồng Quán"
      },
      "geometry": {
        "type": "Point",
        "coordinates": [
          106.753196,
          10.7891024
        ]
      },
      "id": "node/11991216710"
    },
    {
      "type": "Feature",
      "properties": {
        "@id": "node/11991216712",
        "addr:housenumber": "304",
        "addr:street": "Thân Văn Nhiếp",
        "amenity": "restaurant",
        "name": "Bò Bít Tết Cô Khuê"
      },
      "geometry": {
        "type": "Point",
        "coordinates": [
          106.753248,
          10.7891951
        ]
      },
      "id": "node/11991216712"
    },
    {
      "type": "Feature",
      "properties": {
        "@id": "node/11991216714",
        "addr:housenumber": "304",
        "addr:street": "Thân Văn Nhiếp",
        "amenity": "restaurant",
        "name": "Bánh Xèo Cô Ba Miền Tây"
      },
      "geometry": {
        "type": "Point",
        "coordinates": [
          106.7532788,
          10.7892476
        ]
      },
      "id": "node/11991216714"
    },
    {
      "type": "Feature",
      "properties": {
        "@id": "node/11991216715",
        "addr:housenumber": "304",
        "addr:street": "Thân Văn Nhiếp",
        "amenity": "restaurant",
        "name": "Bánh Canh Cá Lóc Bún Riêu Cô Ba Miền Tây"
      },
      "geometry": {
        "type": "Point",
        "coordinates": [
          106.7532915,
          10.7892886
        ]
      },
      "id": "node/11991216715"
    },
    {
      "type": "Feature",
      "properties": {
        "@id": "node/11991216717",
        "addr:housenumber": "164A",
        "addr:street": "Thân Văn Nhiếp",
        "amenity": "restaurant",
        "name": "Nhà Hàng Chay Bồ Đề Tịnh Tâm"
      },
      "geometry": {
        "type": "Point",
        "coordinates": [
          106.7534851,
          10.7895514
        ]
      },
      "id": "node/11991216717"
    },
    {
      "type": "Feature",
      "properties": {
        "@id": "node/11991216727",
        "amenity": "restaurant",
        "name": "Quán Cơm Gà Cô Chín"
      },
      "geometry": {
        "type": "Point",
        "coordinates": [
          106.7538458,
          10.7900222
        ]
      },
      "id": "node/11991216727"
    },
    {
      "type": "Feature",
      "properties": {
        "@id": "node/12057391969",
        "addr:housenumber": "112",
        "addr:street": "Lý Tự Trọng",
        "amenity": "restaurant",
        "name": "Sol Kitchen & Bar"
      },
      "geometry": {
        "type": "Point",
        "coordinates": [
          106.6970863,
          10.7740621
        ]
      },
      "id": "node/12057391969"
    },
    {
      "type": "Feature",
      "properties": {
        "@id": "node/12061625089",
        "amenity": "restaurant",
        "cuisine": "japanese",
        "name": "Sushi Hokkaido Sachi - Crescent mall"
      },
      "geometry": {
        "type": "Point",
        "coordinates": [
          106.7180317,
          10.7281671
        ]
      },
      "id": "node/12061625089"
    },
    {
      "type": "Feature",
      "properties": {
        "@id": "node/12069333677",
        "amenity": "restaurant",
        "name": "Nhà hàng Hải sản Hòn Thơm"
      },
      "geometry": {
        "type": "Point",
        "coordinates": [
          106.6326517,
          10.8039306
        ]
      },
      "id": "node/12069333677"
    },
    {
      "type": "Feature",
      "properties": {
        "@id": "node/12218545648",
        "addr:city": "Thành phố Hồ Chí Minh",
        "addr:district": "Quận 1",
        "addr:housenumber": "161",
        "addr:street": "Hàm Nghi",
        "addr:subdistrict": "Phường Nguyễn Thái Bình",
        "amenity": "restaurant",
        "cuisine": "asian;korean",
        "name": "Nhà hàng Hàn Quốc Choi Go Jip"
      },
      "geometry": {
        "type": "Point",
        "coordinates": [
          106.6997189,
          10.770807
        ]
      },
      "id": "node/12218545648"
    },
    {
      "type": "Feature",
      "properties": {
        "@id": "node/12219002695",
        "amenity": "restaurant",
        "check_date": "2024-10-03",
        "contact:facebook": "https://www.facebook.com/fryingfishclub/",
        "contact:instagram": "https://www.instagram.com/fryingfishclub/?img_index=1",
        "contact:twitter": "https://x.com/fryingfishclub",
        "cuisine": "japanese",
        "currency:XBT": "yes",
        "name": "Frying Fish Club Vietnam",
        "opening_hours": "Mo-Su 14:00-00:00",
        "payment:lightning": "yes",
        "payment:lightning_contactless": "no",
        "payment:onchain": "yes",
        "phone": "+84 092 333 31 73",
        "website": "https://fryingfish.club/"
      },
      "geometry": {
        "type": "Point",
        "coordinates": [
          106.7190698,
          10.7966953
        ]
      },
      "id": "node/12219002695"
    },
    {
      "type": "Feature",
      "properties": {
        "@id": "node/12221756501",
        "addr:floor": "1",
        "addr:housenumber": "86",
        "addr:street": "Nguyễn Huệ",
        "air_conditioning": "yes",
        "amenity": "restaurant",
        "check_date": "2024-12-30",
        "cuisine": "vietnamese",
        "delivery": "yes",
        "diet:vegan": "yes",
        "diet:vegetarian": "yes",
        "indoor_seating": "yes",
        "internet_access": "wlan",
        "internet_access:fee": "customers",
        "level": "0",
        "name": "Mang's Mania Vegan Restaurant",
        "opening_hours": "Mo-Sa 10:30-21:00",
        "outdoor_seating": "balcony",
        "phone": "+84 915799733",
        "source": "local knowledge",
        "takeaway": "yes",
        "toilets": "yes",
        "toilets:wheelchair": "no",
        "website": "https://mangsmania.vn/",
        "wheelchair": "no"
      },
      "geometry": {
        "type": "Point",
        "coordinates": [
          106.7027648,
          10.7751819
        ]
      },
      "id": "node/12221756501"
    },
    {
      "type": "Feature",
      "properties": {
        "@id": "node/12222241301",
        "amenity": "restaurant",
        "name": "Âm Thực Đà Nẵng"
      },
      "geometry": {
        "type": "Point",
        "coordinates": [
          106.6967587,
          10.7832681
        ]
      },
      "id": "node/12222241301"
    },
    {
      "type": "Feature",
      "properties": {
        "@id": "node/12286272106",
        "addr:city": "Thủ Đức",
        "addr:district": "Quận 2",
        "addr:housenumber": "15",
        "addr:street": "Cao Đức Lân",
        "addr:subdistrict": "An Phu",
        "amenity": "restaurant",
        "name": "BẾP CÔ 8",
        "phone": "+84907232882",
        "website": "https://www.facebook.com/Bepco8.0907232882/"
      },
      "geometry": {
        "type": "Point",
        "coordinates": [
          106.7441514,
          10.795313
        ]
      },
      "id": "node/12286272106"
    },
    {
      "type": "Feature",
      "properties": {
        "@id": "node/12293737569",
        "addr:city": "Ho Chi Minh City",
        "addr:district": "Quận 1",
        "addr:housenumber": "31",
        "addr:postcode": "70000",
        "addr:province": "Thành phố Hồ Chí Minh",
        "addr:street": "Ðề Thám",
        "addr:subdistrict": "Phường Cô Giang",
        "amenity": "restaurant",
        "cuisine": "vietnamese;pizza;sandwich;asian",
        "diet:meat": "yes",
        "name": "Atlantis Restaurant",
        "opening_hours": "24/7",
        "phone": "84 91 356 65 31",
        "website": "https://happycorp.com.vn/"
      },
      "geometry": {
        "type": "Point",
        "coordinates": [
          106.6957869,
          10.7633263
        ]
      },
      "id": "node/12293737569"
    },
    {
      "type": "Feature",
      "properties": {
        "@id": "node/12293943796",
        "amenity": "restaurant",
        "name": "The Bunny"
      },
      "geometry": {
        "type": "Point",
        "coordinates": [
          106.7507657,
          10.7757731
        ]
      },
      "id": "node/12293943796"
    },
    {
      "type": "Feature",
      "properties": {
        "@id": "node/12293954942",
        "amenity": "restaurant",
        "diet:vegan": "no",
        "diet:vegetarian": "yes",
        "name": "Chè Sim"
      },
      "geometry": {
        "type": "Point",
        "coordinates": [
          106.7508499,
          10.775883
        ]
      },
      "id": "node/12293954942"
    },
    {
      "type": "Feature",
      "properties": {
        "@id": "node/12293955577",
        "amenity": "restaurant",
        "name": "Đảo Kim Cương"
      },
      "geometry": {
        "type": "Point",
        "coordinates": [
          106.7515941,
          10.7765218
        ]
      },
      "id": "node/12293955577"
    },
    {
      "type": "Feature",
      "properties": {
        "@id": "node/12293973728",
        "amenity": "restaurant",
        "name": "Miến Phở Gà"
      },
      "geometry": {
        "type": "Point",
        "coordinates": [
          106.7512601,
          10.7762185
        ]
      },
      "id": "node/12293973728"
    },
    {
      "type": "Feature",
      "properties": {
        "@id": "node/12295761970",
        "addr:housenumber": "42",
        "addr:street": "Lê Hữu Kiều",
        "air_conditioning": "no",
        "amenity": "restaurant",
        "changing_table": "no",
        "check_date": "2025-09-27",
        "check_date:diet:gluten_free": "2025-09-27",
        "check_date:diet:halal": "2025-09-27",
        "check_date:smoking": "2025-09-27",
        "cuisine": "vietnamese;noodle;asian;regional",
        "diet:gluten_free": "yes",
        "diet:halal": "yes",
        "diet:vegan": "yes",
        "diet:vegetarian": "only",
        "indoor_seating": "yes",
        "name": "Qúan Chay Cở May",
        "outdoor_seating": "no",
        "payment:cash": "yes",
        "smoking": "no"
      },
      "geometry": {
        "type": "Point",
        "coordinates": [
          106.7560323,
          10.7849464
        ]
      },
      "id": "node/12295761970"
    },
    {
      "type": "Feature",
      "properties": {
        "@id": "node/12295997501",
        "addr:housenumber": "15",
        "addr:street": "Hẻm 187 Đường Điện Biên Phủ",
        "amenity": "restaurant",
        "check_date": "2025-07-12",
        "contact:facebook": "prembistro",
        "cuisine": "international",
        "diet:vegetarian": "yes",
        "email": "prembistro@gmail.com",
        "internet_access": "wlan",
        "level": "4",
        "name": "Prem Bistro",
        "opening_hours": "10:00-15:00,17:00-22:00",
        "phone": "+842862799920",
        "website": "https://www.prembistro.com",
        "website:menu": "https://www.prembistro.com/menu"
      },
      "geometry": {
        "type": "Point",
        "coordinates": [
          106.6942548,
          10.786495
        ]
      },
      "id": "node/12295997501"
    },
    {
      "type": "Feature",
      "properties": {
        "@id": "node/12298423693",
        "amenity": "restaurant",
        "cuisine": "seafood",
        "name": "Ốc Lá"
      },
      "geometry": {
        "type": "Point",
        "coordinates": [
          106.7509972,
          10.7743745
        ]
      },
      "id": "node/12298423693"
    },
    {
      "type": "Feature",
      "properties": {
        "@id": "node/12300695717",
        "amenity": "restaurant",
        "cuisine": "seafood",
        "name": "La Cà 2"
      },
      "geometry": {
        "type": "Point",
        "coordinates": [
          106.7510401,
          10.7747255
        ]
      },
      "id": "node/12300695717"
    },
    {
      "type": "Feature",
      "properties": {
        "@id": "node/12300696984",
        "amenity": "restaurant",
        "cuisine": "mexican",
        "name": "Cielito Lindo"
      },
      "geometry": {
        "type": "Point",
        "coordinates": [
          106.7516185,
          10.7741114
        ]
      },
      "id": "node/12300696984"
    },
    {
      "type": "Feature",
      "properties": {
        "@id": "node/12300888903",
        "amenity": "restaurant",
        "cuisine": "italian",
        "name": "Pasta Fresca"
      },
      "geometry": {
        "type": "Point",
        "coordinates": [
          106.7506675,
          10.7756951
        ]
      },
      "id": "node/12300888903"
    },
    {
      "type": "Feature",
      "properties": {
        "@id": "node/12300888904",
        "amenity": "restaurant",
        "cuisine": "vietnamese",
        "name": "Qúan Bún Cô Mai"
      },
      "geometry": {
        "type": "Point",
        "coordinates": [
          106.7505868,
          10.7755867
        ]
      },
      "id": "node/12300888904"
    },
    {
      "type": "Feature",
      "properties": {
        "@id": "node/12300889282",
        "amenity": "restaurant",
        "cuisine": "seafood",
        "name": "Hà Tôm Hùm"
      },
      "geometry": {
        "type": "Point",
        "coordinates": [
          106.7502585,
          10.7752164
        ]
      },
      "id": "node/12300889282"
    },
    {
      "type": "Feature",
      "properties": {
        "@id": "node/12301079079",
        "addr:city": "Ho Chi Minh City",
        "addr:district": "Quận 6",
        "addr:housenumber": "55",
        "addr:street": "Minh Phụng",
        "addr:subdistrict": "Phường 5",
        "amenity": "restaurant",
        "cuisine": "thai",
        "name": "Gỏi Đu Đủ Ty Thy Hồ Chí Minh",
        "opening_hours": "Mo-Su 12:00-22:00",
        "phone": "+8486916513"
      },
      "geometry": {
        "type": "Point",
        "coordinates": [
          106.6424268,
          10.7488299
        ]
      },
      "id": "node/12301079079"
    },
    {
      "type": "Feature",
      "properties": {
        "@id": "node/12303603045",
        "amenity": "restaurant",
        "diet:vegetarian": "no",
        "indoor_seating": "yes",
        "name": "Dê Ngon 39",
        "outdoor_seating": "yes"
      },
      "geometry": {
        "type": "Point",
        "coordinates": [
          106.7514844,
          10.7744416
        ]
      },
      "id": "node/12303603045"
    },
    {
      "type": "Feature",
      "properties": {
        "@id": "node/12337245912",
        "addr:city": "Đồng Nai",
        "addr:district": "Nhơn Trạch",
        "addr:postcode": "76260",
        "addr:province": "Đồng Nai",
        "addr:street": "Phan Văn Đáng",
        "addr:subdistrict": "Phú Hữu",
        "amenity": "restaurant",
        "bar": "yes",
        "contact:facebook": "https://www.facebook.com/profile.php?id=61567545475503",
        "cuisine": "asian;snackbar;vietnamese;regional;barbecue;grill;bistro",
        "diet:chicken": "yes",
        "diet:gluten_free": "yes",
        "diet:local": "yes",
        "diet:meat": "yes",
        "image": "https://www.facebook.com/profile.php?id=61567545475503",
        "internet_access": "wlan",
        "level": "1",
        "name": "Maktub Eatery & homebar",
        "opening_hours": "Tu-Su 12:00-22:00",
        "outdoor_seating": "yes",
        "phone": "+84877733470",
        "reservation": "yes",
        "smoking": "outside",
        "takeaway": "yes",
        "website": "https://www.facebook.com/profile.php?id=61567545475503"
      },
      "geometry": {
        "type": "Point",
        "coordinates": [
          106.7928574,
          10.7468708
        ]
      },
      "id": "node/12337245912"
    },
    {
      "type": "Feature",
      "properties": {
        "@id": "node/12343421911",
        "amenity": "restaurant",
        "cuisine": "vietnamese",
        "diet:vegan": "yes",
        "diet:vegetarian": "only",
        "indoor_seating": "yes",
        "name": "Ẩm Thực Chay",
        "outdoor_seating": "no"
      },
      "geometry": {
        "type": "Point",
        "coordinates": [
          106.7037071,
          10.7801263
        ]
      },
      "id": "node/12343421911"
    },
    {
      "type": "Feature",
      "properties": {
        "@id": "node/12344378620",
        "amenity": "restaurant",
        "name": "Agave - Mexican Bistro"
      },
      "geometry": {
        "type": "Point",
        "coordinates": [
          106.7030191,
          10.7693499
        ]
      },
      "id": "node/12344378620"
    },
    {
      "type": "Feature",
      "properties": {
        "@id": "node/12345527829",
        "air_conditioning": "no",
        "amenity": "restaurant",
        "diet:vegan": "yes",
        "diet:vegetarian": "only",
        "indoor_seating": "yes",
        "name": "Metta Vegetarian",
        "opening_hours": "Mo-Su,PH 07:00-21:00",
        "outdoor_seating": "yes"
      },
      "geometry": {
        "type": "Point",
        "coordinates": [
          106.7415993,
          10.7977242
        ]
      },
      "id": "node/12345527829"
    },
    {
      "type": "Feature",
      "properties": {
        "@id": "node/12348228415",
        "amenity": "restaurant",
        "cuisine": "sushi",
        "name": "Sushi Bon"
      },
      "geometry": {
        "type": "Point",
        "coordinates": [
          106.7521892,
          10.7773861
        ]
      },
      "id": "node/12348228415"
    },
    {
      "type": "Feature",
      "properties": {
        "@id": "node/12348235865",
        "amenity": "restaurant",
        "name": "Two Guys"
      },
      "geometry": {
        "type": "Point",
        "coordinates": [
          106.752298,
          10.7835196
        ]
      },
      "id": "node/12348235865"
    },
    {
      "type": "Feature",
      "properties": {
        "@id": "node/12348237468",
        "amenity": "restaurant",
        "cuisine": "korean",
        "name": "BBQ Ông Mập"
      },
      "geometry": {
        "type": "Point",
        "coordinates": [
          106.7526661,
          10.7792552
        ]
      },
      "id": "node/12348237468"
    },
    {
      "type": "Feature",
      "properties": {
        "@id": "node/12348240129",
        "amenity": "restaurant",
        "name": "Hương Thơm"
      },
      "geometry": {
        "type": "Point",
        "coordinates": [
          106.751971,
          10.7832474
        ]
      },
      "id": "node/12348240129"
    },
    {
      "type": "Feature",
      "properties": {
        "@id": "node/12348262195",
        "amenity": "restaurant",
        "cuisine": "vietnamese",
        "name": "Phở Sơn"
      },
      "geometry": {
        "type": "Point",
        "coordinates": [
          106.7530248,
          10.7788486
        ]
      },
      "id": "node/12348262195"
    },
    {
      "type": "Feature",
      "properties": {
        "@id": "node/12348263365",
        "amenity": "restaurant",
        "name": "Thiên Nhiên"
      },
      "geometry": {
        "type": "Point",
        "coordinates": [
          106.7515473,
          10.7828693
        ]
      },
      "id": "node/12348263365"
    },
    {
      "type": "Feature",
      "properties": {
        "@id": "node/12348268660",
        "amenity": "restaurant",
        "name": "Zen Coffee & Foods"
      },
      "geometry": {
        "type": "Point",
        "coordinates": [
          106.7516817,
          10.7829832
        ]
      },
      "id": "node/12348268660"
    },
    {
      "type": "Feature",
      "properties": {
        "@id": "node/12348269548",
        "amenity": "restaurant",
        "cuisine": "vietnamese",
        "name": "Trung Bún"
      },
      "geometry": {
        "type": "Point",
        "coordinates": [
          106.7522239,
          10.7796822
        ]
      },
      "id": "node/12348269548"
    },
    {
      "type": "Feature",
      "properties": {
        "@id": "node/12348269554",
        "amenity": "restaurant",
        "cuisine": "italian",
        "name": "Tavolo Dello Chef"
      },
      "geometry": {
        "type": "Point",
        "coordinates": [
          106.7522034,
          10.7834224
        ]
      },
      "id": "node/12348269554"
    },
    {
      "type": "Feature",
      "properties": {
        "@id": "node/12348281818",
        "amenity": "restaurant",
        "name": "Chủy Mộc"
      },
      "geometry": {
        "type": "Point",
        "coordinates": [
          106.7531708,
          10.782749
        ]
      },
      "id": "node/12348281818"
    },
    {
      "type": "Feature",
      "properties": {
        "@id": "node/12348326801",
        "amenity": "restaurant",
        "cuisine": "seafood",
        "name": "Ốc Bơ"
      },
      "geometry": {
        "type": "Point",
        "coordinates": [
          106.7523185,
          10.7798211
        ]
      },
      "id": "node/12348326801"
    },
    {
      "type": "Feature",
      "properties": {
        "@id": "node/12351188174",
        "amenity": "restaurant",
        "cuisine": "vietnamese",
        "name": "Qúan Hủ Tíu"
      },
      "geometry": {
        "type": "Point",
        "coordinates": [
          106.7504144,
          10.7753287
        ]
      },
      "id": "node/12351188174"
    },
    {
      "type": "Feature",
      "properties": {
        "@id": "node/12351213539",
        "amenity": "restaurant",
        "name": "Diamond Island Yacht Club"
      },
      "geometry": {
        "type": "Point",
        "coordinates": [
          106.7466791,
          10.7798348
        ]
      },
      "id": "node/12351213539"
    },
    {
      "type": "Feature",
      "properties": {
        "@id": "node/12357888665",
        "air_conditioning": "yes",
        "amenity": "restaurant",
        "cuisine": "vietnamese",
        "diet:gluten_free": "yes",
        "diet:halal": "yes",
        "diet:vegan": "yes",
        "diet:vegetarian": "only",
        "indoor_seating": "yes",
        "name": "Be An Vegetarian Cafe",
        "opening_hours": "Mo-Su 10:00-21:30",
        "outdoor_seating": "parklet",
        "phone": "+842873093899",
        "smoking": "no",
        "wheelchair": "no"
      },
      "geometry": {
        "type": "Point",
        "coordinates": [
          106.6977612,
          10.784408
        ]
      },
      "id": "node/12357888665"
    },
    {
      "type": "Feature",
      "properties": {
        "@id": "node/12366272301",
        "addr:housenumber": "367",
        "addr:street": "Tây Thạnh",
        "amenity": "restaurant",
        "cuisine": "korean;vietnamese",
        "name": "Pink Pong Buffet",
        "opening_hours": "Mo-Su 16:00-23:00",
        "phone": "+84 869 066 600",
        "self_service": "only",
        "website": "http://pinkpongbuffet.com"
      },
      "geometry": {
        "type": "Point",
        "coordinates": [
          106.6194316,
          10.8094435
        ]
      },
      "id": "node/12366272301"
    },
    {
      "type": "Feature",
      "properties": {
        "@id": "node/12366499601",
        "addr:housenumber": "76",
        "addr:street": "Đường Bờ Bao",
        "amenity": "restaurant",
        "cuisine": "vietnamese",
        "internet_access": "wlan",
        "name": "Hủ Tiếu Bảo Ngọc",
        "name:en": "Bảo Ngọc Glass Noodle",
        "opening_hours": "Mo-Su 06:30-20:00",
        "phone": "+84 938 181 879",
        "self_service": "no"
      },
      "geometry": {
        "type": "Point",
        "coordinates": [
          106.6190595,
          10.807217
        ]
      },
      "id": "node/12366499601"
    },
    {
      "type": "Feature",
      "properties": {
        "@id": "node/12369502584",
        "addr:housenumber": "7",
        "addr:street": "Nguyễn Văn Kỉnh",
        "air_conditioning": "no",
        "amenity": "restaurant",
        "check_date": "2025-09-27",
        "check_date:diet:gluten_free": "2025-09-27",
        "check_date:diet:halal": "2025-09-27",
        "check_date:smoking": "2025-09-27",
        "check_date:toilets:wheelchair": "2025-09-27",
        "cuisine": "vietnamese;noodle",
        "diet:gluten_free": "yes",
        "diet:halal": "yes",
        "diet:vegan": "yes",
        "diet:vegetarian": "only",
        "indoor_seating": "yes",
        "name": "Ấm Vegetarian",
        "opening_hours": "09:00-14:00,16:00-20:30",
        "outdoor_seating": "sidewalk",
        "smoking": "no",
        "toilets:wheelchair": "no",
        "wheelchair": "limited"
      },
      "geometry": {
        "type": "Point",
        "coordinates": [
          106.7514876,
          10.777571
        ]
      },
      "id": "node/12369502584"
    },
    {
      "type": "Feature",
      "properties": {
        "@id": "node/12373705245",
        "amenity": "restaurant",
        "cuisine": "seafood",
        "name": "Lẩu Cá Keò"
      },
      "geometry": {
        "type": "Point",
        "coordinates": [
          106.755549,
          10.7730079
        ]
      },
      "id": "node/12373705245"
    },
    {
      "type": "Feature",
      "properties": {
        "@id": "node/12376240416",
        "amenity": "restaurant",
        "diet:vegan": "yes",
        "diet:vegetarian": "only",
        "name": "Cơm Chay Tùy Duyên"
      },
      "geometry": {
        "type": "Point",
        "coordinates": [
          106.665755,
          10.791537
        ]
      },
      "id": "node/12376240416"
    },
    {
      "type": "Feature",
      "properties": {
        "@id": "node/12376248079",
        "amenity": "restaurant",
        "diet:vegan": "yes",
        "diet:vegetarian": "only",
        "indoor_seating": "yes",
        "name": "Qúan Chay Thiên Đức",
        "outdoor_seating": "no"
      },
      "geometry": {
        "type": "Point",
        "coordinates": [
          106.6656704,
          10.7917657
        ]
      },
      "id": "node/12376248079"
    },
    {
      "type": "Feature",
      "properties": {
        "@id": "node/12376261508",
        "amenity": "restaurant",
        "cuisine": "vietnamese",
        "name": "Phở Như"
      },
      "geometry": {
        "type": "Point",
        "coordinates": [
          106.6671403,
          10.7914445
        ]
      },
      "id": "node/12376261508"
    },
    {
      "type": "Feature",
      "properties": {
        "@id": "node/12378680184",
        "amenity": "restaurant",
        "diet:vegan": "yes",
        "diet:vegetarian": "only",
        "indoor_seating": "no",
        "name": "Lẩu Chay Nhà Gỗ",
        "outdoor_seating": "yes"
      },
      "geometry": {
        "type": "Point",
        "coordinates": [
          106.7649712,
          10.7830855
        ]
      },
      "id": "node/12378680184"
    },
    {
      "type": "Feature",
      "properties": {
        "@id": "node/12378805000",
        "amenity": "restaurant",
        "name": "1971's"
      },
      "geometry": {
        "type": "Point",
        "coordinates": [
          106.7600534,
          10.772611
        ]
      },
      "id": "node/12378805000"
    },
    {
      "type": "Feature",
      "properties": {
        "@id": "node/12378817432",
        "amenity": "restaurant",
        "name": "Phở Hạnh 65 Lãn Ông"
      },
      "geometry": {
        "type": "Point",
        "coordinates": [
          106.7542854,
          10.7774864
        ]
      },
      "id": "node/12378817432"
    },
    {
      "type": "Feature",
      "properties": {
        "@id": "node/12378865090",
        "amenity": "restaurant",
        "name": "Cơm Tấm"
      },
      "geometry": {
        "type": "Point",
        "coordinates": [
          106.7538135,
          10.7780199
        ]
      },
      "id": "node/12378865090"
    },
    {
      "type": "Feature",
      "properties": {
        "@id": "node/12385759028",
        "amenity": "restaurant",
        "diet:vegan": "yes",
        "diet:vegetarian": "only",
        "name": "Phương Thanh"
      },
      "geometry": {
        "type": "Point",
        "coordinates": [
          106.695117,
          10.7645356
        ]
      },
      "id": "node/12385759028"
    },
    {
      "type": "Feature",
      "properties": {
        "@id": "node/12386032943",
        "air_conditioning": "yes",
        "amenity": "restaurant",
        "cuisine": "vietnamese",
        "diet:gluten_free": "yes",
        "diet:halal": "yes",
        "diet:vegan": "yes",
        "diet:vegetarian": "only",
        "indoor_seating": "yes",
        "name": "An Vegetarian",
        "opening_hours": "Mo-Su 07:30-21:00",
        "outdoor_seating": "balcony",
        "phone": "+84862462179",
        "smoking": "no",
        "website": "https://www.anveggie.vn",
        "wheelchair": "no"
      },
      "geometry": {
        "type": "Point",
        "coordinates": [
          106.7124529,
          10.7276042
        ]
      },
      "id": "node/12386032943"
    },
    {
      "type": "Feature",
      "properties": {
        "@id": "node/12387540881",
        "addr:housenumber": "26-28",
        "addr:street": "Nội Khu Hưng Gia 1",
        "amenity": "restaurant",
        "cuisine": "vietnamese",
        "diet:vegan": "yes",
        "diet:vegetarian": "only",
        "indoor_seating": "yes",
        "name": "Amavi Kom & Vegan",
        "opening_hours": "Mo-Su 06:00-22:00",
        "outdoor_seating": "yes"
      },
      "geometry": {
        "type": "Point",
        "coordinates": [
          106.7093169,
          10.7334461
        ]
      },
      "id": "node/12387540881"
    },
    {
      "type": "Feature",
      "properties": {
        "@id": "node/12387835741",
        "amenity": "restaurant",
        "diet:vegan": "only",
        "diet:vegetarian": "only",
        "indoor_seating": "yes",
        "name": "Đóa Sen Vàng",
        "outdoor_seating": "yes"
      },
      "geometry": {
        "type": "Point",
        "coordinates": [
          106.7093819,
          10.7246737
        ]
      },
      "id": "node/12387835741"
    },
    {
      "type": "Feature",
      "properties": {
        "@id": "node/12395419755",
        "addr:city": "Hồ Chí Minh",
        "addr:district": "Quận 7",
        "addr:housenumber": "1539a",
        "addr:postcode": "756050",
        "addr:street": "Đường Huỳnh Tấn Phát",
        "addr:subdistrict": "Phường Phú Mỹ",
        "amenity": "restaurant",
        "cuisine": "regional;asian",
        "delivery": "yes",
        "highchair": "yes",
        "internet_access": "yes",
        "level": "1",
        "microbrewery": "yes",
        "min_age": "18",
        "name": "Keng Keng Beer",
        "opening_hours": "Mo-Su 16:00-23:00",
        "phone": "0706768339",
        "power": "yes",
        "takeaway": "yes",
        "website": "https://www.facebook.com/kengkengq7/"
      },
      "geometry": {
        "type": "Point",
        "coordinates": [
          106.7373639,
          10.7105318
        ]
      },
      "id": "node/12395419755"
    },
    {
      "type": "Feature",
      "properties": {
        "@id": "node/12397802548",
        "amenity": "restaurant",
        "name": "Bún Bò"
      },
      "geometry": {
        "type": "Point",
        "coordinates": [
          106.7563284,
          10.7790802
        ]
      },
      "id": "node/12397802548"
    },
    {
      "type": "Feature",
      "properties": {
        "@id": "node/12397809541",
        "amenity": "restaurant",
        "name": "Cơm Văn Phòng"
      },
      "geometry": {
        "type": "Point",
        "coordinates": [
          106.7541626,
          10.7791496
        ]
      },
      "id": "node/12397809541"
    },
    {
      "type": "Feature",
      "properties": {
        "@id": "node/12397809593",
        "amenity": "restaurant",
        "name": "Bún Đậu Ngõ Làng"
      },
      "geometry": {
        "type": "Point",
        "coordinates": [
          106.7527088,
          10.7778944
        ]
      },
      "id": "node/12397809593"
    },
    {
      "type": "Feature",
      "properties": {
        "@id": "node/12397811110",
        "amenity": "restaurant",
        "name": "Phở Vụ"
      },
      "geometry": {
        "type": "Point",
        "coordinates": [
          106.753731,
          10.7780862
        ]
      },
      "id": "node/12397811110"
    },
    {
      "type": "Feature",
      "properties": {
        "@id": "node/12397814877",
        "amenity": "restaurant",
        "name": "Sáu Nguyệt Qúan"
      },
      "geometry": {
        "type": "Point",
        "coordinates": [
          106.7539623,
          10.7778886
        ]
      },
      "id": "node/12397814877"
    },
    {
      "type": "Feature",
      "properties": {
        "@id": "node/12397835744",
        "amenity": "restaurant",
        "name": "Cơm Niêu Thiên Lý"
      },
      "geometry": {
        "type": "Point",
        "coordinates": [
          106.7525616,
          10.777729
        ]
      },
      "id": "node/12397835744"
    },
    {
      "type": "Feature",
      "properties": {
        "@id": "node/12404630144",
        "amenity": "restaurant",
        "diet:vegan": "yes",
        "diet:vegetarian": "yes",
        "indoor_seating": "yes",
        "name": "Al Sham",
        "outdoor_seating": "yes"
      },
      "geometry": {
        "type": "Point",
        "coordinates": [
          106.6961881,
          10.7618912
        ]
      },
      "id": "node/12404630144"
    },
    {
      "type": "Feature",
      "properties": {
        "@id": "node/12404705319",
        "amenity": "restaurant",
        "name": "Restaurant Ngói"
      },
      "geometry": {
        "type": "Point",
        "coordinates": [
          106.6944889,
          10.7602379
        ]
      },
      "id": "node/12404705319"
    },
    {
      "type": "Feature",
      "properties": {
        "@id": "node/12412162635",
        "addr:housenumber": "26B",
        "addr:street": "Đường Số 10",
        "amenity": "restaurant",
        "check_date": "2024-12-13",
        "cuisine": "vietnamese;thai;asian",
        "diet:vegan": "yes",
        "diet:vegetarian": "only",
        "indoor_seating": "yes",
        "name": "Du Yên",
        "outdoor_seating": "yes"
      },
      "geometry": {
        "type": "Point",
        "coordinates": [
          106.7444657,
          10.804257
        ]
      },
      "id": "node/12412162635"
    },
    {
      "type": "Feature",
      "properties": {
        "@id": "node/12414862108",
        "addr:street": "Lương Định Của",
        "amenity": "restaurant",
        "name": "Bún Đậu Mắm Tôm Gánh Chi Nhánh II"
      },
      "geometry": {
        "type": "Point",
        "coordinates": [
          106.7832242,
          10.8844346
        ]
      },
      "id": "node/12414862108"
    },
    {
      "type": "Feature",
      "properties": {
        "@id": "node/12416551486",
        "addr:district": "𝗕𝗶̀𝗻𝗵 𝗧𝐡𝐚̣𝐧𝐡",
        "addr:housenumber": "1163",
        "addr:street": "Bình Quới",
        "addr:subdistrict": "𝗽𝗵𝘂̛𝗼̛̀𝗻𝗴 𝟐𝟖",
        "amenity": "restaurant",
        "cuisine": "asian",
        "email": "binhansaigonbt@gmail.com",
        "name": "Nhà hàng Bình An",
        "name:en": "Binh An Village",
        "phone": "+84938002789",
        "website": "https://binhansaigon.com/"
      },
      "geometry": {
        "type": "Point",
        "coordinates": [
          106.7390281,
          10.8327857
        ]
      },
      "id": "node/12416551486"
    },
    {
      "type": "Feature",
      "properties": {
        "@id": "node/12416637037",
        "addr:city": "Hồ Chí Minh",
        "addr:district": "Quận Phú Nhuận",
        "addr:housenumber": "28",
        "addr:street": "Trần Cao Vân",
        "addr:subdistrict": "Phường 11",
        "amenity": "restaurant",
        "mobile": "+84906825090",
        "name": "Pergola Garden",
        "opening_hours": "Mo-Su 07:00-22:00",
        "phone": "+842838442526",
        "website": "https://pergola.vn"
      },
      "geometry": {
        "type": "Point",
        "coordinates": [
          106.6768767,
          10.7930548
        ]
      },
      "id": "node/12416637037"
    },
    {
      "type": "Feature",
      "properties": {
        "@id": "node/12419706745",
        "addr:housenumber": "160",
        "addr:street": "Trần Não",
        "amenity": "restaurant",
        "check_date": "2024-12-13",
        "cuisine": "vietnamese",
        "diet:vegan": "yes",
        "diet:vegetarian": "only",
        "indoor_seating": "yes",
        "name": "Bồ Đề Tịnh Tâm",
        "outdoor_seating": "yes",
        "phone": "+84 783326146",
        "website": "https://www.bodetinhtam.com",
        "wheelchair": "no"
      },
      "geometry": {
        "type": "Point",
        "coordinates": [
          106.7302772,
          10.7920314
        ]
      },
      "id": "node/12419706745"
    },
    {
      "type": "Feature",
      "properties": {
        "@id": "node/12422021494",
        "addr:housenumber": "52",
        "addr:street": "Xuân Thuỷ",
        "air_conditioning": "yes",
        "amenity": "restaurant",
        "check_date": "2024-12-14",
        "diet:vegan": "yes",
        "diet:vegetarian": "only",
        "indoor_seating": "yes",
        "name": "Chay Garden",
        "opening_hours": "Mo-Su 10:30-21:30",
        "outdoor_seating": "yes"
      },
      "geometry": {
        "type": "Point",
        "coordinates": [
          106.7312513,
          10.8029959
        ]
      },
      "id": "node/12422021494"
    },
    {
      "type": "Feature",
      "properties": {
        "@id": "node/12422241030",
        "addr:housenumber": "50",
        "addr:street": "Đường Nguyễn Cừ",
        "air_conditioning": "yes",
        "amenity": "restaurant",
        "check_date": "2026-04-16",
        "check_date:diet:gluten_free": "2026-04-16",
        "check_date:diet:halal": "2026-04-16",
        "check_date:smoking": "2024-12-25",
        "cuisine": "western;sandwich;salad;american",
        "diet:gluten_free": "yes",
        "diet:halal": "yes",
        "diet:vegan": "only",
        "diet:vegetarian": "only",
        "indoor_seating": "yes",
        "name": "Zeroism Vegan",
        "opening_hours": "Mo-Su 08:00-21:30",
        "outdoor_seating": "patio",
        "payment:cash": "yes",
        "payment:credit_cards": "yes",
        "payment:debit_cards": "yes",
        "phone": "+84 819 168 368",
        "smoking": "no",
        "website": "https://zeroism.vn",
        "wheelchair": "no"
      },
      "geometry": {
        "type": "Point",
        "coordinates": [
          106.7283444,
          10.8038377
        ]
      },
      "id": "node/12422241030"
    },
    {
      "type": "Feature",
      "properties": {
        "@id": "node/12422885329",
        "addr:housenumber": "19;20;21",
        "addr:street": "Hẻm 28 Bùi Viện",
        "amenity": "restaurant",
        "contact:phone": "+84 335 686 899",
        "cuisine": "italian;mexican;thai;vietnamese",
        "diet:vegan": "yes",
        "diet:vegetarian": "yes",
        "level": "0",
        "name:en": "Thanh Cao",
        "outdoor_seating": "yes",
        "wheelchair": "limited"
      },
      "geometry": {
        "type": "Point",
        "coordinates": [
          106.6944304,
          10.7681861
        ]
      },
      "id": "node/12422885329"
    },
    {
      "type": "Feature",
      "properties": {
        "@id": "node/12422922460",
        "addr:city": "Dĩ An - Bình Dương",
        "addr:district": "Thành phố Dĩ An",
        "addr:housenumber": "147/05",
        "addr:street": "Lương Định Của",
        "addr:subdistrict": "Phường Đông Hòa",
        "amenity": "restaurant",
        "name": "Bún đậu Thị Nở (cơ sở 5)"
      },
      "geometry": {
        "type": "Point",
        "coordinates": [
          106.7824598,
          10.8854089
        ]
      },
      "id": "node/12422922460"
    },
    {
      "type": "Feature",
      "properties": {
        "@id": "node/12424304063",
        "amenity": "restaurant",
        "name": "Phúc Gia"
      },
      "geometry": {
        "type": "Point",
        "coordinates": [
          106.7407608,
          10.7811599
        ]
      },
      "id": "node/12424304063"
    },
    {
      "type": "Feature",
      "properties": {
        "@id": "node/12426253410",
        "addr:street": "Hẻm 269 Đề Thám",
        "amenity": "restaurant",
        "cuisine": "vietnamese",
        "name": "Cơm tấm Đề Thám / Giá He",
        "opening_hours": "Mo-Su 08:00-03:00"
      },
      "geometry": {
        "type": "Point",
        "coordinates": [
          106.6932742,
          10.7684189
        ]
      },
      "id": "node/12426253410"
    },
    {
      "type": "Feature",
      "properties": {
        "@id": "node/12428780711",
        "amenity": "restaurant",
        "diet:vegetarian": "only",
        "name": "Bồ Đề Chay"
      },
      "geometry": {
        "type": "Point",
        "coordinates": [
          106.7645933,
          10.7861825
        ]
      },
      "id": "node/12428780711"
    },
    {
      "type": "Feature",
      "properties": {
        "@id": "node/12428785743",
        "addr:housenumber": "33",
        "addr:street": "Nguyễn Tuyển",
        "air_conditioning": "yes",
        "amenity": "restaurant",
        "check_date": "2024-12-26",
        "diet:vegan": "yes",
        "diet:vegetarian": "only",
        "indoor_seating": "yes",
        "internet_access": "wlan",
        "internet_access:fee": "customers",
        "name": "Ẩm Thực Chay",
        "outdoor_seating": "no",
        "phone": "+84397007247",
        "smoking": "no",
        "wheelchair": "yes"
      },
      "geometry": {
        "type": "Point",
        "coordinates": [
          106.7648427,
          10.7856744
        ]
      },
      "id": "node/12428785743"
    },
    {
      "type": "Feature",
      "properties": {
        "@id": "node/12428791500",
        "air_conditioning": "yes",
        "amenity": "restaurant",
        "diet:vegan": "yes",
        "diet:vegetarian": "yes",
        "indoor_seating": "yes",
        "name": "Tartine",
        "opening_hours": "Mo-Su 07:00-22:00",
        "outdoor_seating": "no"
      },
      "geometry": {
        "type": "Point",
        "coordinates": [
          106.6956445,
          10.7726624
        ]
      },
      "id": "node/12428791500"
    },
    {
      "type": "Feature",
      "properties": {
        "@id": "node/12429522309",
        "addr:housenumber": "10",
        "addr:street": "Thân Văn Nhiếp",
        "amenity": "restaurant",
        "check_date": "2024-12-18",
        "cuisine": "vietnamese",
        "diet:vegan": "yes",
        "diet:vegetarian": "only",
        "indoor_seating": "yes",
        "name": "Tuệ Đạt",
        "opening_hours": "06:30-21:00",
        "outdoor_seating": "yes",
        "phone": "+84 335299711; +84 909404886",
        "source": "local knowledge",
        "wheelchair": "yes"
      },
      "geometry": {
        "type": "Point",
        "coordinates": [
          106.7464363,
          10.7836338
        ]
      },
      "id": "node/12429522309"
    },
    {
      "type": "Feature",
      "properties": {
        "@id": "node/12438509756",
        "addr:district": "Gò Vấp",
        "addr:housenumber": "Số 2",
        "addr:postcode": "70000",
        "addr:province": "Thành Phố Hồ Chí Minh",
        "addr:street": "Đường số 31",
        "addr:subdistrict": "Phường 6",
        "amenity": "restaurant",
        "branch": "Công ty TNHH Cá tầm Beluga & Caviar Ngọc Minh Anh",
        "brand": "Ngọc Minh Anh",
        "cuisine": "vietnamese;fish_and_chips",
        "diet:fish": "yes",
        "name": "Ngọc Minh Anh",
        "name:vi": "Ngọc Minh Anh",
        "not:brand:wikidata": "Q63864181",
        "opening_hours": "Mo-Su 06:00-18:00",
        "phone": "0986480256",
        "takeaway": "only",
        "website": "https://catamngabeluga.vn/"
      },
      "geometry": {
        "type": "Point",
        "coordinates": [
          106.6792901,
          10.8456134
        ]
      },
      "id": "node/12438509756"
    },
    {
      "type": "Feature",
      "properties": {
        "@id": "node/12444000844",
        "amenity": "restaurant",
        "cuisine": "vietnamese",
        "indoor_seating": "yes",
        "name": "Xinh Xinh",
        "outdoor_seating": "yes"
      },
      "geometry": {
        "type": "Point",
        "coordinates": [
          106.7708841,
          10.848348
        ]
      },
      "id": "node/12444000844"
    },
    {
      "type": "Feature",
      "properties": {
        "@id": "node/12450377400",
        "addr:district": "An Khánh",
        "addr:housenumber": "43",
        "addr:province": "Thành phố Hồ Chí Minh",
        "addr:street": "Đường Nguyễn Cừ",
        "amenity": "restaurant",
        "check_date": "2025-09-12",
        "cuisine": "burger",
        "indoor_seating": "yes",
        "name": "Burger Boss",
        "outdoor_seating": "yes"
      },
      "geometry": {
        "type": "Point",
        "coordinates": [
          106.7282589,
          10.8037747
        ]
      },
      "id": "node/12450377400"
    },
    {
      "type": "Feature",
      "properties": {
        "@id": "node/12450973763",
        "amenity": "restaurant",
        "name": "Căn Tin Berlin"
      },
      "geometry": {
        "type": "Point",
        "coordinates": [
          106.7007624,
          10.7815505
        ]
      },
      "id": "node/12450973763"
    },
    {
      "type": "Feature",
      "properties": {
        "@id": "node/12452581939",
        "air_conditioning": "yes",
        "amenity": "restaurant",
        "check_date": "2024-12-26",
        "cuisine": "vietnamese;noodle",
        "diet:vegan": "yes",
        "diet:vegetarian": "only",
        "indoor_seating": "yes",
        "name": "Ommi Vegetarian",
        "opening_hours": "Mo-Su 08:00-21:00",
        "outdoor_seating": "no",
        "phone": "+84813539939",
        "reservation": "yes",
        "smoking": "no",
        "website": "https://omnichay.com",
        "wheelchair": "no"
      },
      "geometry": {
        "type": "Point",
        "coordinates": [
          106.7442103,
          10.7995121
        ]
      },
      "id": "node/12452581939"
    },
    {
      "type": "Feature",
      "properties": {
        "@id": "node/12452593018",
        "amenity": "restaurant",
        "diet:vegetarian": "only",
        "name": "Diệu Thiện"
      },
      "geometry": {
        "type": "Point",
        "coordinates": [
          106.7408438,
          10.7905069
        ]
      },
      "id": "node/12452593018"
    },
    {
      "type": "Feature",
      "properties": {
        "@id": "node/12452709085",
        "amenity": "restaurant",
        "cuisine": "japanese",
        "name": "Yen Sushi and Sake Pub"
      },
      "geometry": {
        "type": "Point",
        "coordinates": [
          106.7010172,
          10.7835349
        ]
      },
      "id": "node/12452709085"
    },
    {
      "type": "Feature",
      "properties": {
        "@id": "node/12453142101",
        "addr:housenumber": "197/4",
        "addr:street": "Nguyễn Văn Trỗi",
        "air_conditioning": "yes",
        "amenity": "restaurant",
        "check_date": "2025-02-17",
        "check_date:smoking": "2025-02-17",
        "cuisine": "vietnamese",
        "diet:vegan": "yes",
        "diet:vegetarian": "yes",
        "indoor_seating": "yes",
        "name": "Mầm Vegetarian",
        "name:en": "Mầm Vegetarian",
        "name:vi": "Nhà Hàng Chay Mầm",
        "opening_hours": "Mo-Su 09:30-21:30",
        "outdoor_seating": "veranda",
        "phone": "+934076998",
        "smoking": "no",
        "website": "https://mamvegetarian.com/",
        "wheelchair": "limited"
      },
      "geometry": {
        "type": "Point",
        "coordinates": [
          106.6730691,
          10.7965995
        ]
      },
      "id": "node/12453142101"
    },
    {
      "type": "Feature",
      "properties": {
        "@id": "node/12455793301",
        "amenity": "restaurant",
        "cuisine": "vietnamese",
        "name": "Gà Ta"
      },
      "geometry": {
        "type": "Point",
        "coordinates": [
          106.7020511,
          10.7828737
        ]
      },
      "id": "node/12455793301"
    },
    {
      "type": "Feature",
      "properties": {
        "@id": "node/12458713280",
        "air_conditioning": "yes",
        "amenity": "restaurant",
        "cuisine": "vietnamese",
        "diet:gluten_free": "yes",
        "diet:vegan": "yes",
        "diet:vegetarian": "only",
        "indoor_seating": "yes",
        "name": "Lim Veggie Bistro",
        "opening_hours": "Mo-Su 07:00-21:00",
        "outdoor_seating": "patio",
        "phone": "+888507068",
        "smoking": "outside",
        "website": "https://www.limveggie.com/",
        "wheelchair": "no"
      },
      "geometry": {
        "type": "Point",
        "coordinates": [
          106.706086,
          10.7811487
        ]
      },
      "id": "node/12458713280"
    },
    {
      "type": "Feature",
      "properties": {
        "@id": "node/12462831311",
        "amenity": "restaurant",
        "name": "L'Entrecôte"
      },
      "geometry": {
        "type": "Point",
        "coordinates": [
          106.7041456,
          10.7753856
        ]
      },
      "id": "node/12462831311"
    },
    {
      "type": "Feature",
      "properties": {
        "@id": "node/12470978272",
        "addr:housenumber": "69/4",
        "addr:street": "Tôn Thất Ðạm",
        "amenity": "restaurant",
        "check_date": "2025-01-03",
        "cuisine": "vietnamese",
        "diet:vegan": "only",
        "diet:vegetarian": "only",
        "indoor_seating": "yes",
        "name": "O Plant Based",
        "opening_hours": "Mo-Su 08:00-22:00",
        "outdoor_seating": "yes",
        "phone": "+84763 211 169",
        "smoking": "no",
        "website": "https://oplantbased.vn"
      },
      "geometry": {
        "type": "Point",
        "coordinates": [
          106.7029679,
          10.7713047
        ]
      },
      "id": "node/12470978272"
    },
    {
      "type": "Feature",
      "properties": {
        "@id": "node/12478224982",
        "addr:housenumber": "4",
        "addr:street": "Cao Bá Nhạ",
        "air_conditioning": "yes",
        "amenity": "restaurant",
        "check_date": "2025-02-23",
        "cuisine": "taiwanese",
        "diet:vegan": "yes",
        "diet:vegetarian": "only",
        "indoor_seating": "yes",
        "name": "Happy Place",
        "outdoor_seating": "no",
        "phone": "+8496 499 23 37",
        "smoking": "no",
        "website": "https://happyplace.vn",
        "wheelchair": "no"
      },
      "geometry": {
        "type": "Point",
        "coordinates": [
          106.690358,
          10.7633275
        ]
      },
      "id": "node/12478224982"
    },
    {
      "type": "Feature",
      "properties": {
        "@id": "node/12479852901",
        "addr:housenumber": "17/5",
        "addr:street": "Đường Lê Thánh Tôn",
        "amenity": "restaurant",
        "branch": "Ramen Restaurant",
        "brand": "Ippudo",
        "brand:en": "Ippudo",
        "brand:ja": "一風堂",
        "brand:wikidata": "Q6065417",
        "cuisine": "ramen",
        "name": "Ippudo",
        "name:en": "Ippudo",
        "name:ja": "一風堂"
      },
      "geometry": {
        "type": "Point",
        "coordinates": [
          106.7044591,
          10.7801872
        ]
      },
      "id": "node/12479852901"
    },
    {
      "type": "Feature",
      "properties": {
        "@id": "node/12479882506",
        "addr:housenumber": "8A/A7",
        "addr:street": "Đường Thái Văn Lung",
        "amenity": "restaurant",
        "cuisine": "japanese",
        "name": "GIFUYA Japanese Izakaya Restaurant"
      },
      "geometry": {
        "type": "Point",
        "coordinates": [
          106.704975,
          10.7798254
        ]
      },
      "id": "node/12479882506"
    },
    {
      "type": "Feature",
      "properties": {
        "@id": "node/12480650902",
        "addr:housenumber": "3C, Level 9",
        "amenity": "restaurant",
        "cuisine": "fine_dining",
        "level": "9",
        "name": "AKUNA Restaurant"
      },
      "geometry": {
        "type": "Point",
        "coordinates": [
          106.7073433,
          10.7797574
        ]
      },
      "id": "node/12480650902"
    },
    {
      "type": "Feature",
      "properties": {
        "@id": "node/12486420401",
        "addr:housenumber": "27",
        "addr:street": "Hải Triều",
        "amenity": "restaurant",
        "cuisine": "vietnamese",
        "name": "PHỞ SOL - Q1 (Phở & Các Món Ngon Từ Phở) Phở Thìn - By SOL"
      },
      "geometry": {
        "type": "Point",
        "coordinates": [
          106.7050647,
          10.7717143
        ]
      },
      "id": "node/12486420401"
    },
    {
      "type": "Feature",
      "properties": {
        "@id": "node/12487692817",
        "addr:housenumber": "42A1",
        "addr:street": "Nguyễn Thị Diệu",
        "air_conditioning": "yes",
        "amenity": "restaurant",
        "check_date": "2025-01-10",
        "cuisine": "vietnamese",
        "diet:vegan": "yes",
        "diet:vegetarian": "only",
        "indoor_seating": "yes",
        "name": "Thanh Hoàng",
        "opening_hours": "Mo-Su 10:30-14:30,16:30-21:30",
        "outdoor_seating": "no",
        "smoking": "no",
        "wheelchair": "no"
      },
      "geometry": {
        "type": "Point",
        "coordinates": [
          106.6891403,
          10.7807866
        ]
      },
      "id": "node/12487692817"
    },
    {
      "type": "Feature",
      "properties": {
        "@id": "node/12495334162",
        "amenity": "restaurant",
        "cuisine": "vietnamese",
        "diet:vegetarian": "only",
        "indoor_seating": "yes",
        "name": "Thiện Quang 2",
        "opening_hours": "Mo-Su 07:00-13:30",
        "outdoor_seating": "no"
      },
      "geometry": {
        "type": "Point",
        "coordinates": [
          106.7054068,
          10.7839727
        ]
      },
      "id": "node/12495334162"
    },
    {
      "type": "Feature",
      "properties": {
        "@id": "node/12495343935",
        "air_conditioning": "yes",
        "amenity": "restaurant",
        "cuisine": "japanese",
        "diet:vegan": "yes",
        "diet:vegetarian": "only",
        "indoor_seating": "yes",
        "name": "Hikari",
        "opening_hours": "Mo-Su 08:30-20:30",
        "outdoor_seating": "no",
        "smoking": "no",
        "wheelchair": "limited"
      },
      "geometry": {
        "type": "Point",
        "coordinates": [
          106.7056833,
          10.7842586
        ]
      },
      "id": "node/12495343935"
    },
    {
      "type": "Feature",
      "properties": {
        "@id": "node/12495703546",
        "air_conditioning": "yes",
        "amenity": "restaurant",
        "cuisine": "vietnamese",
        "diet:gluten_free": "yes",
        "diet:vegan": "only",
        "diet:vegetarian": "only",
        "indoor_seating": "yes",
        "name": "Bà Xã",
        "opening_hours": "Mo-Su 09:00-22:00",
        "outdoor_seating": "no",
        "phone": "+84899183188",
        "smoking": "no",
        "website": "https://chaybaxa.com",
        "wheelchair": "no"
      },
      "geometry": {
        "type": "Point",
        "coordinates": [
          106.688559,
          10.7787238
        ]
      },
      "id": "node/12495703546"
    },
    {
      "type": "Feature",
      "properties": {
        "@id": "node/12497402097",
        "addr:city": "Ho Chi Minh City",
        "addr:district": "Phú Nhuận",
        "addr:housenumber": "25",
        "addr:street": "Hoa Huệ",
        "addr:subdistrict": "Phường 7",
        "amenity": "restaurant",
        "cuisine": "vietnamese;soup",
        "name": "Bún Cá Châu Đốc Bà Bảy"
      },
      "geometry": {
        "type": "Point",
        "coordinates": [
          106.6883822,
          10.7991235
        ]
      },
      "id": "node/12497402097"
    },
    {
      "type": "Feature",
      "properties": {
        "@id": "node/12497421028",
        "addr:city": "Ho Chi Minh City",
        "addr:district": "Phú Nhuận",
        "addr:housenumber": "127",
        "addr:street": "Cù Lao",
        "addr:subdistrict": "Phường 2",
        "amenity": "restaurant",
        "cuisine": "vietnamese;brunch",
        "name": "Bánh Cuốn Cao Bằng"
      },
      "geometry": {
        "type": "Point",
        "coordinates": [
          106.6861909,
          10.7984413
        ]
      },
      "id": "node/12497421028"
    },
    {
      "type": "Feature",
      "properties": {
        "@id": "node/12497421029",
        "addr:city": "Ho Chi Minh City",
        "addr:district": "Phú Nhuận",
        "addr:housenumber": "384",
        "addr:street": "Phan Xích Long",
        "addr:subdistrict": "Phường 2",
        "amenity": "restaurant",
        "cuisine": "vietnamese;curry",
        "name": "Cà Ri Gà Ngọc Hân"
      },
      "geometry": {
        "type": "Point",
        "coordinates": [
          106.6855961,
          10.799621
        ]
      },
      "id": "node/12497421029"
    },
    {
      "type": "Feature",
      "properties": {
        "@id": "node/12498233579",
        "amenity": "restaurant",
        "cuisine": "vietnamese",
        "name": "Bột Chiên Thị Nghè",
        "street_vendor": "yes"
      },
      "geometry": {
        "type": "Point",
        "coordinates": [
          106.7099994,
          10.7915073
        ]
      },
      "id": "node/12498233579"
    },
    {
      "type": "Feature",
      "properties": {
        "@id": "node/12498233580",
        "addr:city": "Ho Chi Minh City",
        "addr:district": "Bình Thạnh",
        "addr:housenumber": "45",
        "addr:street": "Nguyễn Văn Lạc",
        "addr:subdistrict": "Phường 19",
        "amenity": "restaurant",
        "cuisine": "vietnamese;dumplings",
        "name": "Há Cảo 45",
        "street_vendor": "yes"
      },
      "geometry": {
        "type": "Point",
        "coordinates": [
          106.7094807,
          10.7936944
        ]
      },
      "id": "node/12498233580"
    },
    {
      "type": "Feature",
      "properties": {
        "@id": "node/12498233582",
        "addr:city": "Ho Chi Minh City",
        "addr:district": "Bình Thạnh",
        "addr:housenumber": "32",
        "addr:street": "Đường Nguyễn Cửu Vân",
        "addr:subdistrict": "Phường 17",
        "amenity": "restaurant",
        "cuisine": "vietnamese",
        "name": "Cơm Sinh Viên"
      },
      "geometry": {
        "type": "Point",
        "coordinates": [
          106.7070856,
          10.7958447
        ]
      },
      "id": "node/12498233582"
    },
    {
      "type": "Feature",
      "properties": {
        "@id": "node/12500734401",
        "addr:housenumber": "4",
        "addr:street": "Hẻm 24 Phạm Ngọc Thạch",
        "amenity": "restaurant",
        "cuisine": "pizza",
        "internet_access": "wlan",
        "name": "Pizza & Bia",
        "phone": "+842838239398",
        "website": "https://www.pizzaandbia.com/"
      },
      "geometry": {
        "type": "Point",
        "coordinates": [
          106.6942442,
          10.784617
        ]
      },
      "id": "node/12500734401"
    },
    {
      "type": "Feature",
      "properties": {
        "@id": "node/12503302172",
        "amenity": "restaurant",
        "cuisine": "vietnamese",
        "name": "Mì Xào Thanh Phát",
        "opening_hours": "Mo-Su 13:00-22:00"
      },
      "geometry": {
        "type": "Point",
        "coordinates": [
          106.6778658,
          10.7689247
        ]
      },
      "id": "node/12503302172"
    },
    {
      "type": "Feature",
      "properties": {
        "@id": "node/12503302173",
        "amenity": "restaurant",
        "cuisine": "vietnamese",
        "name": "Bánh Tráng Nướng",
        "street_vendor": "yes"
      },
      "geometry": {
        "type": "Point",
        "coordinates": [
          106.6781515,
          10.7687231
        ]
      },
      "id": "node/12503302173"
    },
    {
      "type": "Feature",
      "properties": {
        "@id": "node/12503916618",
        "addr:city": "Hồ Chí Minh",
        "addr:district": "Thành phố Thủ Đức",
        "addr:housenumber": "159",
        "addr:postcode": "70000",
        "addr:street": "Võ Nguyên Giáp",
        "addr:subdistrict": "Thảo Điền",
        "amenity": "restaurant",
        "cuisine": "japanese",
        "name": "Matsuri Japanese Restaurant - Thảo Điền"
      },
      "geometry": {
        "type": "Point",
        "coordinates": [
          106.7408288,
          10.8025169
        ]
      },
      "id": "node/12503916618"
    },
    {
      "type": "Feature",
      "properties": {
        "@id": "node/12504148356",
        "amenity": "restaurant",
        "cuisine": "vietnamese",
        "name": "Bánh cuốn",
        "street_vendor": "yes"
      },
      "geometry": {
        "type": "Point",
        "coordinates": [
          106.6849412,
          10.7981449
        ]
      },
      "id": "node/12504148356"
    },
    {
      "type": "Feature",
      "properties": {
        "@id": "node/12504148357",
        "addr:city": "Ho Chi Minh City",
        "addr:district": "Phú Nhuận",
        "addr:housenumber": "74",
        "addr:street": "Trương Quốc Dung",
        "addr:subdistrict": "Phường 10",
        "amenity": "restaurant",
        "cuisine": "vietnamese",
        "name": "Hoàng Ty",
        "opening_hours": "Mo-Su 10:00-22:00",
        "website": "https://hoangty.vn/"
      },
      "geometry": {
        "type": "Point",
        "coordinates": [
          106.6724281,
          10.7954485
        ]
      },
      "id": "node/12504148357"
    },
    {
      "type": "Feature",
      "properties": {
        "@id": "node/12504269271",
        "addr:housenumber": "72",
        "addr:street": "Hẻm 525 Huỳnh Văn Bánh",
        "amenity": "restaurant",
        "check_date": "2025-01-15",
        "cuisine": "vietnamese",
        "name": "Đà Lạt Ơi"
      },
      "geometry": {
        "type": "Point",
        "coordinates": [
          106.6685634,
          10.7909897
        ]
      },
      "id": "node/12504269271"
    },
    {
      "type": "Feature",
      "properties": {
        "@id": "node/12506370247",
        "addr:city": "Ho Chi Minh City",
        "addr:district": "Phú Nhuận",
        "addr:housenumber": "1",
        "addr:street": "Phùng Văn Cung",
        "addr:subdistrict": "Phường 2",
        "amenity": "restaurant",
        "cuisine": "vietnamese;noodle",
        "name": "Bánh Canh Cá Lóc Huế",
        "opening_hours": "Mo-Su 10:30-16:00+ open \"Bán hết là đóng cửa; đóng cửa vào mùng 1, 15 âm lịch.\"",
        "opening_hours:en": "Mo-Su 10:30-16:00+ open \"Closes when sold out. Closed on the 1st and 15th day of the lunar month.\""
      },
      "geometry": {
        "type": "Point",
        "coordinates": [
          106.6862527,
          10.7996259
        ]
      },
      "id": "node/12506370247"
    },
    {
      "type": "Feature",
      "properties": {
        "@id": "node/12506376332",
        "addr:city": "Ho Chi Minh City",
        "addr:district": "Tân Bình",
        "addr:housenumber": "58/1A",
        "addr:postcode": "70000",
        "addr:province": "Thành phố Hồ Chí Minh",
        "addr:street": "Hẻm 58 Âu Cơ",
        "addr:subdistrict": "9",
        "amenity": "restaurant",
        "cuisine": "breakfast;chinese",
        "name": "Điểm Tâm Sú Ky - Há cảo & Xíu mại",
        "opening_hours": "Mo-Su 09:00-20:00",
        "phone": "+84903812733",
        "website": "https://dtsk.bio.link"
      },
      "geometry": {
        "type": "Point",
        "coordinates": [
          106.6513127,
          10.7699939
        ]
      },
      "id": "node/12506376332"
    },
    {
      "type": "Feature",
      "properties": {
        "@id": "node/12506848566",
        "addr:housenumber": "21G",
        "addr:street": "Hẻm 21 Nguyễn Văn Trỗi",
        "air_conditioning": "yes",
        "amenity": "restaurant",
        "check_date": "2025-10-31",
        "check_date:diet:gluten_free": "2025-10-31",
        "check_date:diet:halal": "2025-10-31",
        "cuisine": "vietnamese",
        "diet:gluten_free": "yes",
        "diet:halal": "yes",
        "diet:vegan": "only",
        "diet:vegetarian": "only",
        "indoor_seating": "yes",
        "internet_access": "wlan",
        "internet_access:fee": "customers",
        "name": "Nhà Hàng Chay Bà Xã",
        "opening_hours": "Mo-Su 09:00-22:00",
        "outdoor_seating": "no",
        "phone": "+84899183188",
        "smoking": "no",
        "website": "https://chaybaxa.com",
        "wheelchair": "no"
      },
      "geometry": {
        "type": "Point",
        "coordinates": [
          106.6801556,
          10.7922884
        ]
      },
      "id": "node/12506848566"
    },
    {
      "type": "Feature",
      "properties": {
        "@id": "node/12508590902",
        "addr:city": "Ho Chi Minh City",
        "addr:district": "Phú Nhuận",
        "addr:housenumber": "260",
        "addr:street": "Vạn Kiếp",
        "addr:subdistrict": "Phường 3",
        "amenity": "restaurant",
        "cuisine": "vietnamese;seafood",
        "name": "Ốc Zuka",
        "opening_hours": "Mo-Su 16:00+"
      },
      "geometry": {
        "type": "Point",
        "coordinates": [
          106.6936615,
          10.7973781
        ]
      },
      "id": "node/12508590902"
    },
    {
      "type": "Feature",
      "properties": {
        "@id": "node/12509423410",
        "addr:city": "Ho Chi Minh City",
        "addr:district": "Bình Thạnh",
        "addr:housenumber": "88",
        "addr:street": "Phạm Viết Chánh",
        "addr:subdistrict": "Phường 19",
        "amenity": "restaurant",
        "cuisine": "japanese",
        "name": "Muteki",
        "opening_hours": "Th-Tu 11:00-14:00, 17:00-22:00"
      },
      "geometry": {
        "type": "Point",
        "coordinates": [
          106.7120262,
          10.7900879
        ]
      },
      "id": "node/12509423410"
    },
    {
      "type": "Feature",
      "properties": {
        "@id": "node/12511445225",
        "addr:city": "Ho Chi Minh City",
        "addr:district": "Bình Thạnh",
        "addr:housenumber": "109",
        "addr:street": "Trần Nguyên Đán",
        "addr:subdistrict": "Phường 3",
        "amenity": "restaurant",
        "cuisine": "vietnamese",
        "name": "Cơm Tấm Hao"
      },
      "geometry": {
        "type": "Point",
        "coordinates": [
          106.6924166,
          10.7965727
        ]
      },
      "id": "node/12511445225"
    },
    {
      "type": "Feature",
      "properties": {
        "@id": "node/12511736327",
        "air_conditioning": "yes",
        "amenity": "restaurant",
        "cuisine": "vietnamese",
        "diet:vegan": "yes",
        "diet:vegetarian": "only",
        "indoor_seating": "yes",
        "name": "Liên Tỏa",
        "opening_hours": "Mo-Su 10:00-21:00",
        "outdoor_seating": "no",
        "phone": "+84903073823",
        "smoking": "no",
        "wheelchair": "no"
      },
      "geometry": {
        "type": "Point",
        "coordinates": [
          106.7004867,
          10.7850672
        ]
      },
      "id": "node/12511736327"
    },
    {
      "type": "Feature",
      "properties": {
        "@id": "node/12513602400",
        "air_conditioning": "yes",
        "amenity": "restaurant",
        "cuisine": "vietnamese",
        "diet:gluten_free": "yes",
        "diet:halal": "yes",
        "diet:vegan": "only",
        "diet:vegetarian": "only",
        "indoor_seating": "yes",
        "name": "GenChay",
        "opening_hours": "Mo-Su 07:00-20:00",
        "outdoor_seating": "no",
        "phone": "+84378259302",
        "smoking": "no",
        "wheelchair": "no"
      },
      "geometry": {
        "type": "Point",
        "coordinates": [
          106.695945,
          10.783204
        ]
      },
      "id": "node/12513602400"
    },
    {
      "type": "Feature",
      "properties": {
        "@id": "node/12513700782",
        "addr:city": "Thành phố Hồ Chí Minh",
        "addr:housenumber": "112",
        "addr:street": "Hẻm 270 Phan Đình Phùng",
        "addr:ward": "Phường Cầu Kiệu",
        "amenity": "restaurant",
        "cuisine": "vietnamese",
        "name": "Cơm Tấm 270"
      },
      "geometry": {
        "type": "Point",
        "coordinates": [
          106.6835772,
          10.7976001
        ]
      },
      "id": "node/12513700782"
    },
    {
      "type": "Feature",
      "properties": {
        "@id": "node/12513903299",
        "air_conditioning": "yes",
        "amenity": "restaurant",
        "cuisine": "vietnamese",
        "diet:vegan": "yes",
        "diet:vegetarian": "only",
        "indoor_seating": "yes",
        "name": "Tam Tam",
        "name:vi": "Nhà Hàng Chay Tâm Tâm",
        "outdoor_seating": "no",
        "smoking": "no",
        "wheelchair": "no"
      },
      "geometry": {
        "type": "Point",
        "coordinates": [
          106.68556,
          10.779669
        ]
      },
      "id": "node/12513903299"
    },
    {
      "type": "Feature",
      "properties": {
        "@id": "node/12518297076",
        "addr:city": "Phường Hiệp Thành",
        "addr:district": "Quận 12",
        "addr:housenumber": "6B",
        "addr:province": "HCM",
        "addr:street": "Nguyễn Thị Búp",
        "addr:subdistrict": "Hiệp Thành",
        "amenity": "restaurant",
        "name": "Ốc Bươu Vàng | Ốc Bươu Đồng | Ốc Bươu Lai | Ốc Bươu Pháp"
      },
      "geometry": {
        "type": "Point",
        "coordinates": [
          106.6348632,
          10.8717396
        ]
      },
      "id": "node/12518297076"
    },
    {
      "type": "Feature",
      "properties": {
        "@id": "node/12526289178",
        "addr:housenumber": "26",
        "addr:street": "Nguyễn Hữu Cảnh",
        "air_conditioning": "no",
        "amenity": "restaurant",
        "bar": "no",
        "brewery": "various",
        "check_date": "2025-06-30",
        "check_date:diet:gluten_free": "2025-06-30",
        "cuisine": "vietnamese;german;burger",
        "diet:gluten_free": "no",
        "diet:vegan": "only",
        "diet:vegetarian": "only",
        "indoor_seating": "no",
        "internet_access": "no",
        "name": "GBomb Cuisine",
        "opening_hours": "Mo-Su 07:00-21:00",
        "organic": "no",
        "outdoor_seating": "parklet",
        "phone": "+84586345626",
        "reservation": "no",
        "smoking": "outside",
        "source": "local knowledge",
        "takeaway": "yes",
        "wheelchair": "yes"
      },
      "geometry": {
        "type": "Point",
        "coordinates": [
          106.7152234,
          10.7888591
        ]
      },
      "id": "node/12526289178"
    },
    {
      "type": "Feature",
      "properties": {
        "@id": "node/12528272202",
        "amenity": "restaurant",
        "name": "Hua Wu Lou"
      },
      "geometry": {
        "type": "Point",
        "coordinates": [
          106.6869868,
          10.7682637
        ]
      },
      "id": "node/12528272202"
    },
    {
      "type": "Feature",
      "properties": {
        "@id": "node/12528272701",
        "amenity": "restaurant",
        "cuisine": "vietnamese",
        "diet:vegetarian": "yes",
        "internet_access": "yes",
        "name": "Hello Saigon",
        "wheelchair": "limited"
      },
      "geometry": {
        "type": "Point",
        "coordinates": [
          106.6938887,
          10.7685456
        ]
      },
      "id": "node/12528272701"
    },
    {
      "type": "Feature",
      "properties": {
        "@id": "node/12528272803",
        "amenity": "restaurant",
        "name": "Little Bodhi Tree Saigon"
      },
      "geometry": {
        "type": "Point",
        "coordinates": [
          106.6939643,
          10.7683986
        ]
      },
      "id": "node/12528272803"
    },
    {
      "type": "Feature",
      "properties": {
        "@id": "node/12528272901",
        "amenity": "restaurant",
        "name": "A Mà Kitchen Cong Quynh"
      },
      "geometry": {
        "type": "Point",
        "coordinates": [
          106.6875044,
          10.766959
        ]
      },
      "id": "node/12528272901"
    },
    {
      "type": "Feature",
      "properties": {
        "@id": "node/12529169609",
        "addr:housenumber": "33",
        "addr:street": "Hồ Xuân Hương",
        "air_conditioning": "yes",
        "amenity": "restaurant",
        "check_date": "2025-01-24",
        "cuisine": "chinese;vietnamese",
        "diet:vegan": "yes",
        "diet:vegetarian": "only",
        "indoor_seating": "yes",
        "name": "Nhân Duyên",
        "outdoor_seating": "no",
        "phone": "+84933716848",
        "smoking": "no",
        "website": "https://www.chaynhanduyen.com",
        "wheelchair": "no"
      },
      "geometry": {
        "type": "Point",
        "coordinates": [
          106.6884244,
          10.7774006
        ]
      },
      "id": "node/12529169609"
    },
    {
      "type": "Feature",
      "properties": {
        "@id": "node/12531355050",
        "addr:city": "Ho Chi Minh City",
        "addr:district": "Quận 6",
        "addr:floor": "5",
        "addr:street": "Đường Võ Văn Kiệt",
        "addr:subdistrict": "Phường 3",
        "amenity": "restaurant",
        "branch": "Võ Văn Kiệt",
        "brand": "Buffet Poseidon",
        "cuisine": "seafood;vietnamese",
        "name": "Buffet Poseidon Võ Văn Kiệt"
      },
      "geometry": {
        "type": "Point",
        "coordinates": [
          106.6483735,
          10.7434609
        ]
      },
      "id": "node/12531355050"
    },
    {
      "type": "Feature",
      "properties": {
        "@id": "node/12539471666",
        "amenity": "restaurant",
        "cuisine": "vietnamese",
        "diet:vegetarian": "only",
        "indoor_seating": "no",
        "name": "Hủ Tiếu Chay Sa Đéc",
        "outdoor_seating": "yes"
      },
      "geometry": {
        "type": "Point",
        "coordinates": [
          106.6257407,
          10.7864481
        ]
      },
      "id": "node/12539471666"
    },
    {
      "type": "Feature",
      "properties": {
        "@id": "node/12543528921",
        "air_conditioning": "yes",
        "amenity": "restaurant",
        "cuisine": "vietnamese;sushi;burger",
        "diet:vegan": "yes",
        "diet:vegetarian": "only",
        "indoor_seating": "yes",
        "name": "Padme Chay",
        "outdoor_seating": "patio",
        "phone": "+84903745681",
        "website": "https://www.padmechay.vn"
      },
      "geometry": {
        "type": "Point",
        "coordinates": [
          106.6844072,
          10.790554
        ]
      },
      "id": "node/12543528921"
    },
    {
      "type": "Feature",
      "properties": {
        "@id": "node/12545830801",
        "air_conditioning": "yes",
        "amenity": "restaurant",
        "cuisine": "vietnamese;international",
        "diet:gluten_free": "yes",
        "diet:halal": "yes",
        "diet:vegan": "yes",
        "diet:vegetarian": "yes",
        "indoor_seating": "yes",
        "internet_access": "wlan",
        "name": "Bon’s Vegan Bistro",
        "outdoor_seating": "no",
        "smoking": "no",
        "website:menu": "https://bons-vegan-bistro.posapp.vn/",
        "wheelchair": "no"
      },
      "geometry": {
        "type": "Point",
        "coordinates": [
          106.7020296,
          10.7703408
        ]
      },
      "id": "node/12545830801"
    },
    {
      "type": "Feature",
      "properties": {
        "@id": "node/12545967801",
        "amenity": "restaurant",
        "cuisine": "vietnamese",
        "name": "Pho Viet Nam"
      },
      "geometry": {
        "type": "Point",
        "coordinates": [
          106.69608,
          10.7712561
        ]
      },
      "id": "node/12545967801"
    },
    {
      "type": "Feature",
      "properties": {
        "@id": "node/12548062133",
        "addr:city": "Hồ Chí Minh",
        "addr:district": "Quận 7",
        "addr:housenumber": "82",
        "addr:street": "Phan Khiêm Ích",
        "addr:subdistrict": "Tân Phong",
        "amenity": "restaurant",
        "cuisine": "korean",
        "name": "전주옥",
        "name:ko-Latn": "Jeon Joo Oak"
      },
      "geometry": {
        "type": "Point",
        "coordinates": [
          106.7072123,
          10.7329873
        ]
      },
      "id": "node/12548062133"
    },
    {
      "type": "Feature",
      "properties": {
        "@id": "node/12550754326",
        "amenity": "restaurant",
        "check_date": "2025-02-02",
        "cuisine": "vietnamese",
        "name": "Hủ tiếu mực",
        "opening_hours": "05:30-21:30",
        "phone": "+84 778810315"
      },
      "geometry": {
        "type": "Point",
        "coordinates": [
          106.6621337,
          10.7644026
        ]
      },
      "id": "node/12550754326"
    },
    {
      "type": "Feature",
      "properties": {
        "@id": "node/12553735569",
        "addr:housenumber": "178B",
        "addr:street": "Hai Bà Trưng",
        "air_conditioning": "yes",
        "amenity": "restaurant",
        "check_date": "2025-02-03",
        "diet:vegan": "yes",
        "diet:vegetarian": "only",
        "indoor_seating": "yes",
        "name": "Đu Đủ Xanh",
        "outdoor_seating": "no",
        "phone": "+933022626",
        "smoking": "no",
        "wheelchair": "no"
      },
      "geometry": {
        "type": "Point",
        "coordinates": [
          106.6945848,
          10.7861999
        ]
      },
      "id": "node/12553735569"
    },
    {
      "type": "Feature",
      "properties": {
        "@id": "node/12556304398",
        "air_conditioning": "yes",
        "amenity": "restaurant",
        "cuisine": "vietnamese",
        "diet:vegan": "only",
        "diet:vegetarian": "only",
        "indoor_seating": "yes",
        "name": "Đóa Sen Vàng",
        "outdoor_seating": "no",
        "phone": "+842862675771",
        "smoking": "no"
      },
      "geometry": {
        "type": "Point",
        "coordinates": [
          106.6376038,
          10.7950599
        ]
      },
      "id": "node/12556304398"
    },
    {
      "type": "Feature",
      "properties": {
        "@id": "node/12557193588",
        "addr:housenumber": "1",
        "addr:street": "Bạch Đằng",
        "amenity": "restaurant",
        "check_date": "2025-02-05",
        "contact:facebook": "https://www.facebook.com/Vit34.vn/",
        "cuisine": "vietnamese",
        "name": "Vịt 34",
        "opening_hours": "09:00-02:00",
        "operator": "Vịt 34",
        "phone": "+84 978033434",
        "website": "https://vit34.vn"
      },
      "geometry": {
        "type": "Point",
        "coordinates": [
          106.6702289,
          10.8143773
        ]
      },
      "id": "node/12557193588"
    },
    {
      "type": "Feature",
      "properties": {
        "@id": "node/12558742575",
        "addr:housenumber": "99",
        "addr:street": "Đường Yersin",
        "air_conditioning": "yes",
        "amenity": "restaurant",
        "check_date": "2025-02-05",
        "cuisine": "indian",
        "diet:vegan": "yes",
        "diet:vegetarian": "only",
        "indoor_seating": "yes",
        "internet_access": "wlan",
        "internet_access:fee": "customers",
        "name": "Krishna",
        "outdoor_seating": "no",
        "smoking": "no",
        "wheelchair": "no"
      },
      "geometry": {
        "type": "Point",
        "coordinates": [
          106.696619,
          10.76849
        ]
      },
      "id": "node/12558742575"
    },
    {
      "type": "Feature",
      "properties": {
        "@id": "node/12566217388",
        "addr:housenumber": "S46-1",
        "addr:street": "Phạm Văn Nghị",
        "amenity": "restaurant",
        "check_date": "2025-02-08",
        "cuisine": "burger",
        "name": "Wau Burger",
        "name:ko": "와우 버거",
        "operator": "Wau Haus"
      },
      "geometry": {
        "type": "Point",
        "coordinates": [
          106.7065862,
          10.7306965
        ]
      },
      "id": "node/12566217388"
    },
    {
      "type": "Feature",
      "properties": {
        "@id": "node/12566707097",
        "air_conditioning": "yes",
        "amenity": "restaurant",
        "cuisine": "vietnamese",
        "diet:vegan": "yes",
        "diet:vegetarian": "only",
        "indoor_seating": "yes",
        "name": "Sen",
        "outdoor_seating": "no",
        "phone": "+842862782186",
        "smoking": "no",
        "wheelchair": "no"
      },
      "geometry": {
        "type": "Point",
        "coordinates": [
          106.6950316,
          10.768323
        ]
      },
      "id": "node/12566707097"
    },
    {
      "type": "Feature",
      "properties": {
        "@id": "node/12567844413",
        "addr:housenumber": "165",
        "addr:street": "Đường Võ Thị Sáu",
        "air_conditioning": "yes",
        "amenity": "restaurant",
        "check_date": "2025-02-08",
        "cuisine": "vietnamese;western;international",
        "diet:vegan": "yes",
        "diet:vegetarian": "only",
        "indoor_seating": "yes",
        "name": "Rốp",
        "opening_hours": "Mo-Su 07:30-22:00",
        "outdoor_seating": "balcony",
        "smoking": "no",
        "wheelchair": "no"
      },
      "geometry": {
        "type": "Point",
        "coordinates": [
          106.6879435,
          10.783657
        ]
      },
      "id": "node/12567844413"
    },
    {
      "type": "Feature",
      "properties": {
        "@id": "node/12568306801",
        "amenity": "restaurant",
        "name": "Beo Oi! - Mon Ngon Ha Noi"
      },
      "geometry": {
        "type": "Point",
        "coordinates": [
          106.7011105,
          10.7852678
        ]
      },
      "id": "node/12568306801"
    },
    {
      "type": "Feature",
      "properties": {
        "@id": "node/12570727098",
        "addr:housenumber": "63A",
        "addr:street": "Đinh Công Tráng",
        "air_conditioning": "yes",
        "amenity": "restaurant",
        "check_date": "2025-02-09",
        "cuisine": "vietnamese;international",
        "diet:vegan": "yes",
        "diet:vegetarian": "only",
        "indoor_seating": "yes",
        "name": "Nấm",
        "name:vi": "Nấm",
        "outdoor_seating": "patio",
        "phone": "+84911025282",
        "smoking": "no",
        "website": "https://www.namvegetarian.com",
        "wheelchair": "limited"
      },
      "geometry": {
        "type": "Point",
        "coordinates": [
          106.6916879,
          10.788854
        ]
      },
      "id": "node/12570727098"
    },
    {
      "type": "Feature",
      "properties": {
        "@id": "node/12570838515",
        "addr:city": "Ho Chi Minh City",
        "addr:district": "Quận Tân Phú",
        "addr:housenumber": "52",
        "addr:street": "Đường Lương Minh Nguyệt",
        "addr:subdistrict": "Phường Tân Thới Hòa",
        "amenity": "restaurant",
        "diet:vegan": "yes",
        "diet:vegetarian": "yes",
        "name": "Buffet Lẩu Rau Nấm: Rau Mộc",
        "opening_hours": "Mo-Su 10:00-20:00",
        "phone": "0931735168",
        "website": "https://www.facebook.com/raumocbuffetlauraunam"
      },
      "geometry": {
        "type": "Point",
        "coordinates": [
          106.6298417,
          10.7612148
        ]
      },
      "id": "node/12570838515"
    },
    {
      "type": "Feature",
      "properties": {
        "@id": "node/12573947607",
        "addr:city": "Ho Chi Minh City",
        "addr:district": "Quận Tân Phú",
        "addr:housenumber": "20C",
        "addr:street": "Đường Lương Minh Nguyệt",
        "addr:subdistrict": "Phường Tân Thới Hòa",
        "amenity": "restaurant",
        "cuisine": "breakfast",
        "name": "Cơm Tấm"
      },
      "geometry": {
        "type": "Point",
        "coordinates": [
          106.6314602,
          10.7609741
        ]
      },
      "id": "node/12573947607"
    },
    {
      "type": "Feature",
      "properties": {
        "@id": "node/12573947608",
        "addr:city": "Ho Chi Minh City",
        "addr:district": "Quận Tân Phú",
        "addr:housenumber": "15C",
        "addr:street": "Đường Lương Minh Nguyệt",
        "addr:subdistrict": "Phường Tân Thới Hòa",
        "amenity": "restaurant",
        "cuisine": "curry;noodle",
        "delivery": "yes",
        "name": "Bún Cà Ri Gà NHƯ Ý"
      },
      "geometry": {
        "type": "Point",
        "coordinates": [
          106.6310969,
          10.760968
        ]
      },
      "id": "node/12573947608"
    },
    {
      "type": "Feature",
      "properties": {
        "@id": "node/12578797236",
        "air_conditioning": "yes",
        "amenity": "restaurant",
        "cuisine": "hotpot;vietnamese",
        "diet:vegan": "yes",
        "diet:vegetarian": "only",
        "indoor_seating": "yes",
        "name": "Lẩu Naro",
        "outdoor_seating": "no",
        "smoking": "no"
      },
      "geometry": {
        "type": "Point",
        "coordinates": [
          106.6843176,
          10.790461
        ]
      },
      "id": "node/12578797236"
    },
    {
      "type": "Feature",
      "properties": {
        "@id": "node/12584978109",
        "air_conditioning": "yes",
        "amenity": "restaurant",
        "cuisine": "international;vietnamese;western",
        "diet:gluten_free": "yes",
        "diet:halal": "yes",
        "diet:vegan": "yes",
        "diet:vegetarian": "only",
        "indoor_seating": "yes",
        "name": "Om",
        "opening_hours": "Mo-Su 10:00-22:00",
        "outdoor_seating": "no",
        "phone": "+84938923330",
        "smoking": "no",
        "wheelchair": "no"
      },
      "geometry": {
        "type": "Point",
        "coordinates": [
          106.690899,
          10.7890844
        ]
      },
      "id": "node/12584978109"
    },
    {
      "type": "Feature",
      "properties": {
        "@id": "node/12586924530",
        "amenity": "restaurant",
        "name": "Phở Thịnh"
      },
      "geometry": {
        "type": "Point",
        "coordinates": [
          106.6875105,
          10.7711103
        ]
      },
      "id": "node/12586924530"
    },
    {
      "type": "Feature",
      "properties": {
        "@id": "node/12589487261",
        "addr:housenumber": "48",
        "addr:street": "Hồ Bá Kiện",
        "air_conditioning": "no",
        "amenity": "restaurant",
        "changing_table": "no",
        "check_date": "2025-12-15",
        "check_date:diet:gluten_free": "2025-12-15",
        "check_date:diet:halal": "2025-12-15",
        "cuisine": "vietnamese",
        "diet:gluten_free": "yes",
        "diet:halal": "yes",
        "diet:vegan": "yes",
        "diet:vegetarian": "only",
        "indoor_seating": "yes",
        "name": "Tiệm Chay Nhà Mình",
        "opening_hours": "Mo-Su 06:00-18:00",
        "outdoor_seating": "no",
        "phone": "+84357848048",
        "smoking": "no",
        "wheelchair": "no"
      },
      "geometry": {
        "type": "Point",
        "coordinates": [
          106.6688338,
          10.781387
        ]
      },
      "id": "node/12589487261"
    },
    {
      "type": "Feature",
      "properties": {
        "@id": "node/12589862891",
        "addr:housenumber": "391/4",
        "addr:street": "Sư Vạn Hạnh",
        "air_conditioning": "yes",
        "amenity": "restaurant",
        "check_date": "2025-02-15",
        "cuisine": "vietnamese",
        "diet:vegan": "yes",
        "diet:vegetarian": "only",
        "indoor_seating": "yes",
        "name": "Nhà Hàng Chay Mộc Nhiên",
        "outdoor_seating": "no",
        "phone": "+84903981999",
        "smoking": "no",
        "wheelchair": "no"
      },
      "geometry": {
        "type": "Point",
        "coordinates": [
          106.6692208,
          10.7717576
        ]
      },
      "id": "node/12589862891"
    },
    {
      "type": "Feature",
      "properties": {
        "@id": "node/12594930882",
        "addr:housenumber": "33",
        "addr:street": "Hoàng Diệu",
        "air_conditioning": "yes",
        "amenity": "restaurant",
        "check_date": "2025-07-06",
        "cuisine": "vietnamese",
        "diet:gluten_free": "yes",
        "diet:vegan": "yes",
        "diet:vegetarian": "only",
        "indoor_seating": "yes",
        "name": "Tami Coffee & Chay",
        "outdoor_seating": "yes",
        "phone": "+84968818195",
        "smoking": "no",
        "website": "https://www.tamichay.vn",
        "wheelchair": "no"
      },
      "geometry": {
        "type": "Point",
        "coordinates": [
          106.6709072,
          10.7957691
        ]
      },
      "id": "node/12594930882"
    },
    {
      "type": "Feature",
      "properties": {
        "@id": "node/12595457029",
        "addr:housenumber": "46A",
        "addr:street": "Nguyễn Thông",
        "air_conditioning": "yes",
        "amenity": "restaurant",
        "check_date": "2025-02-17",
        "cuisine": "vietnamese",
        "diet:vegan": "yes",
        "diet:vegetarian": "only",
        "indoor_seating": "yes",
        "name": "Nôm",
        "opening_hours": "Mo-Su 07:00-21:00",
        "outdoor_seating": "no",
        "phone": "+84971364693",
        "smoking": "no",
        "wheelchair": "no"
      },
      "geometry": {
        "type": "Point",
        "coordinates": [
          106.682023,
          10.7796244
        ]
      },
      "id": "node/12595457029"
    },
    {
      "type": "Feature",
      "properties": {
        "@id": "node/12598196824",
        "addr:housenumber": "25",
        "addr:street": "Tú Xương",
        "air_conditioning": "yes",
        "amenity": "restaurant",
        "check_date": "2025-09-03",
        "check_date:diet:halal": "2025-09-03",
        "cuisine": "vietnamese;international;asian",
        "diet:halal": "yes",
        "diet:vegan": "yes",
        "diet:vegetarian": "only",
        "indoor_seating": "yes",
        "name": "Tâm Vị",
        "name:vi": "Nhà Hàng Chay Tâm Vị",
        "opening_hours": "Mo-Su 08:00-22:00",
        "outdoor_seating": "no",
        "smoking": "no"
      },
      "geometry": {
        "type": "Point",
        "coordinates": [
          106.6880257,
          10.7820898
        ]
      },
      "id": "node/12598196824"
    },
    {
      "type": "Feature",
      "properties": {
        "@id": "node/12599897502",
        "air_conditioning": "yes",
        "amenity": "restaurant",
        "changing_table": "no",
        "cuisine": "vietnamese",
        "diet:gluten_free": "no",
        "diet:halal": "yes",
        "diet:vegan": "yes",
        "diet:vegetarian": "only",
        "indoor_seating": "yes",
        "name": "Quán Chay 103",
        "outdoor_seating": "no",
        "phone": "+842838216854",
        "smoking": "no",
        "wheelchair": "no"
      },
      "geometry": {
        "type": "Point",
        "coordinates": [
          106.6994925,
          10.7689793
        ]
      },
      "id": "node/12599897502"
    },
    {
      "type": "Feature",
      "properties": {
        "@id": "node/12600591571",
        "air_conditioning": "yes",
        "amenity": "restaurant",
        "check_date": "2025-02-19",
        "cuisine": "vietnamese",
        "diet:vegan": "yes",
        "diet:vegetarian": "only",
        "indoor_seating": "yes",
        "name:en": "Parami",
        "name:vi": "Ẩm Thực Chay Parami",
        "outdoor_seating": "veranda",
        "smoking": "no",
        "wheelchair": "no"
      },
      "geometry": {
        "type": "Point",
        "coordinates": [
          106.6975936,
          10.7874045
        ]
      },
      "id": "node/12600591571"
    },
    {
      "type": "Feature",
      "properties": {
        "@id": "node/12606277101",
        "air_conditioning": "yes",
        "amenity": "restaurant",
        "cuisine": "japanese",
        "name": "Sukiya"
      },
      "geometry": {
        "type": "Point",
        "coordinates": [
          106.704174,
          10.7797798
        ]
      },
      "id": "node/12606277101"
    },
    {
      "type": "Feature",
      "properties": {
        "@id": "node/12606879417",
        "addr:housenumber": "60/2",
        "addr:street": "Vân Côi",
        "air_conditioning": "yes",
        "amenity": "restaurant",
        "check_date": "2025-02-21",
        "cuisine": "vietnamese",
        "diet:vegan": "yes",
        "diet:vegetarian": "only",
        "indoor_seating": "yes",
        "name": "Zenhouse",
        "name:en": "Zenhouse Vegetarian Cafe & Restaurant",
        "opening_hours": "Mo-Su 07:30-22:00",
        "outdoor_seating": "yes",
        "phone": "+84933655503",
        "smoking": "no",
        "website": "https://www.zenhousevietnam.com",
        "wheelchair": "no"
      },
      "geometry": {
        "type": "Point",
        "coordinates": [
          106.6566858,
          10.7878398
        ]
      },
      "id": "node/12606879417"
    },
    {
      "type": "Feature",
      "properties": {
        "@id": "node/12606937921",
        "amenity": "restaurant",
        "name": "Bún Bò Nhung"
      },
      "geometry": {
        "type": "Point",
        "coordinates": [
          106.6565283,
          10.7880997
        ]
      },
      "id": "node/12606937921"
    },
    {
      "type": "Feature",
      "properties": {
        "@id": "node/12609032448",
        "air_conditioning": "no",
        "amenity": "restaurant",
        "cuisine": "english",
        "diet:vegan": "only",
        "diet:vegetarian": "only",
        "indoor_seating": "yes",
        "name": "Filthy Vegan",
        "outdoor_seating": "no",
        "smoking": "no",
        "wheelchair": "no"
      },
      "geometry": {
        "type": "Point",
        "coordinates": [
          106.6949177,
          10.7648395
        ]
      },
      "id": "node/12609032448"
    },
    {
      "type": "Feature",
      "properties": {
        "@id": "node/12609571978",
        "air_conditioning": "no",
        "amenity": "restaurant",
        "cuisine": "vietnamese",
        "diet:vegan": "yes",
        "diet:vegetarian": "only",
        "indoor_seating": "yes",
        "name": "Cơm Chay Hoa Tâm",
        "outdoor_seating": "no",
        "phone": "+84936248477",
        "smoking": "no",
        "wheelchair": "yes"
      },
      "geometry": {
        "type": "Point",
        "coordinates": [
          106.6399396,
          10.7958298
        ]
      },
      "id": "node/12609571978"
    },
    {
      "type": "Feature",
      "properties": {
        "@id": "node/12622861662",
        "addr:city": "Ho Chi Minh",
        "addr:district": "Thành phố Thủ Đức",
        "addr:housenumber": "228",
        "addr:postcode": "700000",
        "addr:province": "Thành phố Hồ Chí Minh",
        "addr:street": "Đường Hoàng Diệu 2",
        "addr:subdistrict": "Phường Linh Chiểu",
        "amenity": "restaurant",
        "cuisine": "vietnamese",
        "diet:healthy": "yes",
        "diet:meat": "yes",
        "diet:organic": "yes",
        "name": "Cơm Tấm Kiến Quốc",
        "opening_hours": "Mo-Su 06:30-21:30"
      },
      "geometry": {
        "type": "Point",
        "coordinates": [
          106.7701929,
          10.854086
        ]
      },
      "id": "node/12622861662"
    },
    {
      "type": "Feature",
      "properties": {
        "@id": "node/12622868697",
        "addr:city": "Ho Chi Minh",
        "addr:district": "Thành phố Thủ Đức",
        "addr:housenumber": "228",
        "addr:postcode": "700000",
        "addr:province": "Thành phố Hồ Chí Minh",
        "addr:street": "Đường Hoàng Diệu 2",
        "addr:subdistrict": "Phường Linh Chiểu",
        "amenity": "restaurant",
        "cuisine": "vietnamese;phở",
        "diet:healthy": "yes",
        "diet:local": "yes",
        "name": "Nhứt Phở",
        "opening_hours": "Mo-Su 06:30-13:30 & 16:00-21:30"
      },
      "geometry": {
        "type": "Point",
        "coordinates": [
          106.7700132,
          10.8540611
        ]
      },
      "id": "node/12622868697"
    },
    {
      "type": "Feature",
      "properties": {
        "@id": "node/12624782001",
        "amenity": "restaurant",
        "diet:vegetarian": "only",
        "indoor_seating": "yes",
        "name": "Như Ý Chay",
        "outdoor_seating": "no"
      },
      "geometry": {
        "type": "Point",
        "coordinates": [
          106.6921868,
          10.786431
        ]
      },
      "id": "node/12624782001"
    },
    {
      "type": "Feature",
      "properties": {
        "@id": "node/12630090786",
        "air_conditioning": "yes",
        "amenity": "restaurant",
        "cuisine": "vietnamese;international",
        "diet:vegan": "yes",
        "diet:vegetarian": "only",
        "indoor_seating": "yes",
        "name": "Be An Bistro",
        "opening_hours": "Mo-Su 10:00-21:30",
        "outdoor_seating": "no",
        "phone": "+842839150098",
        "smoking": "no",
        "wheelchair": "yes"
      },
      "geometry": {
        "type": "Point",
        "coordinates": [
          106.7038328,
          10.7733669
        ]
      },
      "id": "node/12630090786"
    },
    {
      "type": "Feature",
      "properties": {
        "@id": "node/12632989030",
        "addr:housenumber": "61",
        "addr:street": "Đặng Dung",
        "air_conditioning": "yes",
        "amenity": "restaurant",
        "check_date": "2025-03-03",
        "cuisine": "vietnamese",
        "diet:vegan": "yes",
        "diet:vegetarian": "only",
        "indoor_seating": "yes",
        "name": "SoHa Nhà Chay",
        "outdoor_seating": "no",
        "phone": "+84981139039",
        "smoking": "no",
        "wheelchair": "no"
      },
      "geometry": {
        "type": "Point",
        "coordinates": [
          106.6895766,
          10.7924268
        ]
      },
      "id": "node/12632989030"
    },
    {
      "type": "Feature",
      "properties": {
        "@id": "node/12633343524",
        "addr:city": "Ho Chi Minh City",
        "addr:district": "Quận Tân Phú",
        "addr:housenumber": "44",
        "addr:street": "Đường Lương Minh Nguyệt",
        "addr:subdistrict": "Phường Tân Thới Hòa",
        "amenity": "restaurant",
        "cuisine": "ramen",
        "name": "Phở Lý Quốc Sư",
        "website": "https://pholyquocsu.vn/"
      },
      "geometry": {
        "type": "Point",
        "coordinates": [
          106.6304081,
          10.7611813
        ]
      },
      "id": "node/12633343524"
    },
    {
      "type": "Feature",
      "properties": {
        "@id": "node/12635082458",
        "addr:housenumber": "1",
        "addr:street": "Hẻm 444 Đường Cách Mạng Tháng Tám",
        "air_conditioning": "no",
        "amenity": "restaurant",
        "bar": "no",
        "brewery": "no",
        "capacity": "20",
        "changing_table": "no",
        "check_date": "2025-08-31",
        "check_date:diet:gluten_free": "2025-05-28",
        "check_date:diet:halal": "2025-08-31",
        "cuisine": "vietnamese",
        "diet:gluten_free": "yes",
        "diet:halal": "yes",
        "diet:vegan": "only",
        "diet:vegetarian": "only",
        "highchair": "no",
        "indoor_seating": "yes",
        "internet_access": "no",
        "microbrewery": "no",
        "name": "Cơm Chay",
        "opening_hours": "Mo-Fr 07:00-14:00",
        "organic": "no",
        "outdoor_seating": "patio",
        "payment:cards": "no",
        "payment:cash": "yes",
        "payment:credit_cards": "no",
        "payment:debit_cards": "no",
        "reservation": "no",
        "smoking": "no",
        "source": "local knowledge",
        "wheelchair": "yes"
      },
      "geometry": {
        "type": "Point",
        "coordinates": [
          106.6700427,
          10.7849367
        ]
      },
      "id": "node/12635082458"
    },
    {
      "type": "Feature",
      "properties": {
        "@id": "node/12635776577",
        "addr:housenumber": "215",
        "addr:street": "Đường Tô Hiến Thành",
        "air_conditioning": "no",
        "amenity": "restaurant",
        "check_date": "2025-03-04",
        "cuisine": "vietnamese;hotpot",
        "diet:vegan": "yes",
        "diet:vegetarian": "only",
        "indoor_seating": "yes",
        "name": "Lẩu Chay Nhà Nát",
        "outdoor_seating": "no",
        "smoking": "no",
        "wheelchair": "no"
      },
      "geometry": {
        "type": "Point",
        "coordinates": [
          106.6675294,
          10.7793231
        ]
      },
      "id": "node/12635776577"
    },
    {
      "type": "Feature",
      "properties": {
        "@id": "node/12640565020",
        "air_conditioning": "no",
        "amenity": "restaurant",
        "cuisine": "vietnamese",
        "diet:vegan": "yes",
        "diet:vegetarian": "only",
        "indoor_seating": "yes",
        "name": "Chay Khai Tâm",
        "outdoor_seating": "pedestrian_zone",
        "phone": "+84931417442",
        "smoking": "no",
        "website": "https://fb.com/quankhaitam",
        "wheelchair": "no"
      },
      "geometry": {
        "type": "Point",
        "coordinates": [
          106.6789657,
          10.7857954
        ]
      },
      "id": "node/12640565020"
    },
    {
      "type": "Feature",
      "properties": {
        "@id": "node/12644660635",
        "air_conditioning": "no",
        "amenity": "restaurant",
        "cuisine": "hotpot;vietnamese",
        "diet:vegan": "yes",
        "diet:vegetarian": "only",
        "indoor_seating": "yes",
        "name": "Lẩu Chay Nhà Nát",
        "outdoor_seating": "yes",
        "smoking": "no",
        "wheelchair": "limited"
      },
      "geometry": {
        "type": "Point",
        "coordinates": [
          106.6648255,
          10.7730075
        ]
      },
      "id": "node/12644660635"
    },
    {
      "type": "Feature",
      "properties": {
        "@id": "node/12645255890",
        "addr:housenumber": "46",
        "addr:street": "Trương Quốc Dung",
        "air_conditioning": "yes",
        "amenity": "restaurant",
        "check_date": "2025-03-08",
        "cuisine": "vietnamese;international",
        "diet:vegan": "yes",
        "diet:vegetarian": "only",
        "indoor_seating": "yes",
        "name": "Sanité Chay",
        "opening_hours": "Mo-Su 08:00-22:00",
        "outdoor_seating": "no",
        "phone": "+84978323232",
        "smoking": "no"
      },
      "geometry": {
        "type": "Point",
        "coordinates": [
          106.6725132,
          10.796845
        ]
      },
      "id": "node/12645255890"
    },
    {
      "type": "Feature",
      "properties": {
        "@id": "node/12646947646",
        "addr:housenumber": "3",
        "addr:street": "Hẻm 163/21 Tô Hiến Thành",
        "air_conditioning": "yes",
        "amenity": "restaurant",
        "check_date": "2025-07-05",
        "check_date:diet:gluten_free": "2025-07-05",
        "cuisine": "vietnamese",
        "diet:gluten_free": "yes",
        "diet:vegan": "yes",
        "diet:vegetarian": "only",
        "indoor_seating": "yes",
        "name": "Qúan Cơm Chay Phúc Ấn An Gia",
        "opening_hours": "Mo-Su 10:00-14:00,16:00-21:00",
        "outdoor_seating": "veranda",
        "phone": "+84931825137",
        "smoking": "no",
        "wheelchair": "no"
      },
      "geometry": {
        "type": "Point",
        "coordinates": [
          106.6696232,
          10.7796141
        ]
      },
      "id": "node/12646947646"
    },
    {
      "type": "Feature",
      "properties": {
        "@id": "node/12647255232",
        "air_conditioning": "no",
        "amenity": "restaurant",
        "cuisine": "hotpot;vietnamese",
        "diet:vegan": "yes",
        "diet:vegetarian": "only",
        "indoor_seating": "yes",
        "name": "Lẩu Chay Xanh",
        "outdoor_seating": "no",
        "phone": "+84902732979",
        "smoking": "separated",
        "wheelchair": "limited"
      },
      "geometry": {
        "type": "Point",
        "coordinates": [
          106.6714232,
          10.7860754
        ]
      },
      "id": "node/12647255232"
    },
    {
      "type": "Feature",
      "properties": {
        "@id": "node/12652353389",
        "amenity": "restaurant",
        "diet:vegetarian": "only",
        "indoor_seating": "no",
        "name": "Bánh Mì Chay",
        "outdoor_seating": "yes"
      },
      "geometry": {
        "type": "Point",
        "coordinates": [
          106.6673962,
          10.7821804
        ]
      },
      "id": "node/12652353389"
    },
    {
      "type": "Feature",
      "properties": {
        "@id": "node/12652732639",
        "addr:city": "Ho Chi Minh City",
        "addr:district": "Quận 1",
        "addr:housenumber": "2/1i1",
        "addr:province": "Thành phố Hồ Chí Minh",
        "addr:street": "Nguyễn Thị Minh Khai",
        "addr:subdistrict": "Phường Đa Kao",
        "amenity": "restaurant",
        "cuisine": "regional",
        "diet:vegan": "yes",
        "name": "Fingerprint Chay",
        "phone": "+84 0357555063"
      },
      "geometry": {
        "type": "Point",
        "coordinates": [
          106.7049406,
          10.7914564
        ]
      },
      "id": "node/12652732639"
    },
    {
      "type": "Feature",
      "properties": {
        "@id": "node/12658292848",
        "addr:housenumber": "8",
        "addr:street": "Hẻm 14 Kỳ Đồng",
        "air_conditioning": "no",
        "amenity": "restaurant",
        "check_date": "2025-03-13",
        "cuisine": "vietnamese",
        "diet:vegan": "yes",
        "diet:vegetarian": "only",
        "indoor_seating": "yes",
        "name": "Chay Bodhi",
        "opening_hours": "Mo-Su 06:30-20:30",
        "outdoor_seating": "no",
        "phone": "+84707635768",
        "smoking": "no",
        "wheelchair": "yes"
      },
      "geometry": {
        "type": "Point",
        "coordinates": [
          106.682138,
          10.7840034
        ]
      },
      "id": "node/12658292848"
    },
    {
      "type": "Feature",
      "properties": {
        "@id": "node/12675515185",
        "addr:district": "Quận Gò Vấp",
        "addr:housenumber": "18C",
        "addr:street": "Đường Phan Văn Trị",
        "addr:subdistrict": "Phường 10",
        "air_conditioning": "yes",
        "amenity": "restaurant",
        "check_date": "2025-06-21",
        "cuisine": "korean",
        "highchair": "yes",
        "internet_access": "yes",
        "internet_access:fee": "no",
        "name": "Sarang Heo",
        "opening_hours": "Mo-Su 11:00-23:00",
        "pets": "no",
        "smoking": "no",
        "toilets": "yes"
      },
      "geometry": {
        "type": "Point",
        "coordinates": [
          106.6672908,
          10.8346717
        ]
      },
      "id": "node/12675515185"
    },
    {
      "type": "Feature",
      "properties": {
        "@id": "node/12676265001",
        "addr:housenumber": "201",
        "addr:street": "Nguyễn Hồng Đào",
        "air_conditioning": "no",
        "amenity": "restaurant",
        "check_date": "2025-03-18",
        "cuisine": "vietnamese",
        "diet:vegan": "yes",
        "diet:vegetarian": "only",
        "indoor_seating": "yes",
        "name": "Ẩm Thực Chay Phát Hoa",
        "opening_hours": "Mo-Su 07:30-13:30,16:00-20:00",
        "outdoor_seating": "no",
        "phone": "+842836202826",
        "smoking": "no",
        "wheelchair": "no"
      },
      "geometry": {
        "type": "Point",
        "coordinates": [
          106.6418684,
          10.7922748
        ]
      },
      "id": "node/12676265001"
    },
    {
      "type": "Feature",
      "properties": {
        "@id": "node/12680799270",
        "addr:housenumber": "113,115,117",
        "addr:street": "Đường Âu Cơ",
        "air_conditioning": "yes",
        "amenity": "restaurant",
        "check_date": "2025-03-19",
        "cuisine": "chinese;vietnamese",
        "diet:vegan": "yes",
        "diet:vegetarian": "yes",
        "indoor_seating": "yes",
        "name": "Hạnh Dung",
        "name:vi": "Ẩm Thực Hạnh Dung",
        "outdoor_seating": "no",
        "phone": "+842838601204",
        "smoking": "no",
        "website": "https://amthuchhangdung.com",
        "wheelchair": "no"
      },
      "geometry": {
        "type": "Point",
        "coordinates": [
          106.6501677,
          10.7712949
        ]
      },
      "id": "node/12680799270"
    },
    {
      "type": "Feature",
      "properties": {
        "@id": "node/12680804946",
        "air_conditioning": "yes",
        "amenity": "restaurant",
        "cuisine": "vietnamese",
        "diet:gluten_free": "yes",
        "diet:vegan": "only",
        "diet:vegetarian": "only",
        "indoor_seating": "yes",
        "name": "Hủ Tiếu Chay Cây Đề",
        "outdoor_seating": "no",
        "phone": "+842862733616",
        "smoking": "no",
        "wheelchair": "yes"
      },
      "geometry": {
        "type": "Point",
        "coordinates": [
          106.65041,
          10.7712827
        ]
      },
      "id": "node/12680804946"
    },
    {
      "type": "Feature",
      "properties": {
        "@id": "node/12683583297",
        "addr:housenumber": "31",
        "addr:street": "Hạnh Thông",
        "air_conditioning": "no",
        "amenity": "restaurant",
        "cuisine": "american",
        "internet_access:fee": "no",
        "level": "0",
        "name": "Sloppy Joe",
        "opening_hours": "Mo,We-Su 11:00-15:00,17:30-21:00",
        "takeaway": "yes"
      },
      "geometry": {
        "type": "Point",
        "coordinates": [
          106.6805366,
          10.8248191
        ]
      },
      "id": "node/12683583297"
    },
    {
      "type": "Feature",
      "properties": {
        "@id": "node/12684298397",
        "air_conditioning": "yes",
        "amenity": "restaurant",
        "changing_table": "no",
        "cuisine": "vietnamese;international",
        "diet:gluten_free": "yes",
        "diet:halal": "yes",
        "diet:vegan": "yes",
        "diet:vegetarian": "only",
        "indoor_seating": "yes",
        "name": "Ẩm Thực Chay Tuệ",
        "outdoor_seating": "no",
        "phone": "+84907259988",
        "smoking": "no",
        "website": "https://amthucthaytue.com",
        "wheelchair": "no"
      },
      "geometry": {
        "type": "Point",
        "coordinates": [
          106.698333,
          10.7920064
        ]
      },
      "id": "node/12684298397"
    },
    {
      "type": "Feature",
      "properties": {
        "@id": "node/12690167910",
        "air_conditioning": "no",
        "amenity": "restaurant",
        "cuisine": "vietnamese",
        "diet:vegan": "yes",
        "diet:vegetarian": "only",
        "indoor_seating": "yes",
        "name": "Nhuận Liên Hương",
        "outdoor_seating": "no",
        "smoking": "no",
        "wheelchair": "yes"
      },
      "geometry": {
        "type": "Point",
        "coordinates": [
          106.6884653,
          10.7491632
        ]
      },
      "id": "node/12690167910"
    },
    {
      "type": "Feature",
      "properties": {
        "@id": "node/12690477953",
        "addr:city": "Thành phố Hồ Chí Minh",
        "addr:district": "Quận 1",
        "addr:housenumber": "215B",
        "addr:province": "Thành phố Hồ Chí Minh",
        "addr:street": "Nguyễn Trãi",
        "addr:subdistrict": "Phường Nguyễn Cư Trinh",
        "air_conditioning": "no",
        "amenity": "restaurant",
        "cuisine": "pizza",
        "name": "Trần Pizza"
      },
      "geometry": {
        "type": "Point",
        "coordinates": [
          106.6883293,
          10.7654521
        ]
      },
      "id": "node/12690477953"
    },
    {
      "type": "Feature",
      "properties": {
        "@id": "node/12692283090",
        "addr:housenumber": "199",
        "addr:street": "Đường Nguyễn Trãi",
        "air_conditioning": "yes",
        "amenity": "restaurant",
        "check_date": "2025-03-23",
        "cuisine": "sushi;japanese;international",
        "diet:vegan": "yes",
        "diet:vegetarian": "only",
        "indoor_seating": "yes",
        "name": "Phạm Nghiêm Trai",
        "name:ja": "Bongensai",
        "name:vi": "Phạm Nghiêm Trai",
        "opening_hours": "Mo-Su 08:00-22:00",
        "outdoor_seating": "no",
        "phone": "+842839251115",
        "smoking": "no",
        "website": "https://www.phamnghiemtraishop.vn/",
        "wheelchair": "no"
      },
      "geometry": {
        "type": "Point",
        "coordinates": [
          106.6881849,
          10.766393
        ]
      },
      "id": "node/12692283090"
    },
    {
      "type": "Feature",
      "properties": {
        "@id": "node/12692763830",
        "addr:city": "Ho Chi Minh City",
        "addr:district": "Quận 1",
        "addr:housenumber": "24",
        "addr:postcode": "70",
        "addr:street": "Nguyễn Thái Bình",
        "addr:subdistrict": "Phường Nguyễn Thái Bình",
        "amenity": "restaurant",
        "cuisine": "vietnamese",
        "diet:non-vegetarian": "yes",
        "diet:vegetarian": "yes",
        "name": "Star Anise Saigon",
        "opening_hours": "Mo-Su 10:00-22:00",
        "phone": "+84943668779"
      },
      "geometry": {
        "type": "Point",
        "coordinates": [
          106.7005236,
          10.7700574
        ]
      },
      "id": "node/12692763830"
    },
    {
      "type": "Feature",
      "properties": {
        "@id": "node/12696377133",
        "addr:housenumber": "92,94",
        "addr:street": "Hoa Cúc",
        "air_conditioning": "yes",
        "amenity": "restaurant",
        "check_date": "2025-03-24",
        "cuisine": "vietnamese;international",
        "diet:vegan": "yes",
        "diet:vegetarian": "only",
        "indoor_seating": "yes",
        "name": "Heli Vegetarian Bistro",
        "outdoor_seating": "roof",
        "phone": "+84825252508",
        "smoking": "no",
        "wheelchair": "no"
      },
      "geometry": {
        "type": "Point",
        "coordinates": [
          106.689783,
          10.7981376
        ]
      },
      "id": "node/12696377133"
    },
    {
      "type": "Feature",
      "properties": {
        "@id": "node/12698744405",
        "amenity": "restaurant",
        "cuisine": "vietnamese;noodle",
        "diet:gluten_free": "yes",
        "diet:halal": "yes",
        "diet:vegan": "yes",
        "diet:vegetarian": "only",
        "indoor_seating": "no",
        "name": "Hủ Tiếu Chay Trường Sơn",
        "outdoor_seating": "no",
        "phone": "+84907002042",
        "takeaway": "only",
        "wheelchair": "yes"
      },
      "geometry": {
        "type": "Point",
        "coordinates": [
          106.6660047,
          10.7847625
        ]
      },
      "id": "node/12698744405"
    },
    {
      "type": "Feature",
      "properties": {
        "@id": "node/12706509404",
        "amenity": "restaurant"
      },
      "geometry": {
        "type": "Point",
        "coordinates": [
          106.6145623,
          10.854485
        ]
      },
      "id": "node/12706509404"
    },
    {
      "type": "Feature",
      "properties": {
        "@id": "node/12706509405",
        "amenity": "restaurant"
      },
      "geometry": {
        "type": "Point",
        "coordinates": [
          106.6150627,
          10.8545949
        ]
      },
      "id": "node/12706509405"
    },
    {
      "type": "Feature",
      "properties": {
        "@id": "node/12707678456",
        "amenity": "restaurant"
      },
      "geometry": {
        "type": "Point",
        "coordinates": [
          106.6152031,
          10.8496543
        ]
      },
      "id": "node/12707678456"
    },
    {
      "type": "Feature",
      "properties": {
        "@id": "node/12707738547",
        "amenity": "restaurant"
      },
      "geometry": {
        "type": "Point",
        "coordinates": [
          106.6286733,
          10.8351823
        ]
      },
      "id": "node/12707738547"
    },
    {
      "type": "Feature",
      "properties": {
        "@id": "node/12709323330",
        "addr:city": "Ho Chi Minh City",
        "addr:district": "Quận 10",
        "addr:housenumber": "91K Cư Xá Lý Thường Kiệt",
        "addr:province": "Thành phố Hồ Chí Minh",
        "addr:subdistrict": "Phường 7",
        "air_conditioning": "no",
        "amenity": "restaurant",
        "bar": "no",
        "contact:facebook": "https://www.facebook.com/p/Pizza-Piatto-100078662955818/",
        "contact:instagram": "https://www.instagram.com/pizzapiattosg/",
        "cuisine": "pizza",
        "delivery": "yes",
        "diet:vegetarian": "yes",
        "name": "Pizza Piatto",
        "opening_hours": "Mo-Fr 17:30-19:45; Sa 11:00-19:45",
        "takeaway": "yes"
      },
      "geometry": {
        "type": "Point",
        "coordinates": [
          106.6617334,
          10.7608131
        ]
      },
      "id": "node/12709323330"
    },
    {
      "type": "Feature",
      "properties": {
        "@id": "node/12712265873",
        "addr:floor": "1",
        "addr:housenumber": "711",
        "addr:street": "Lê Hồng Phong",
        "air_conditioning": "yes",
        "amenity": "restaurant",
        "check_date": "2026-03-16",
        "check_date:diet:gluten_free": "2026-03-16",
        "check_date:diet:halal": "2026-03-16",
        "cuisine": "vietnamese",
        "diet:gluten_free": "yes",
        "diet:halal": "yes",
        "diet:vegan": "yes",
        "diet:vegetarian": "only",
        "indoor_seating": "yes",
        "name": "Nhà Hàng Chay Vajra",
        "outdoor_seating": "no",
        "phone": "+842839797128",
        "smoking": "no",
        "wheelchair": "no"
      },
      "geometry": {
        "type": "Point",
        "coordinates": [
          106.6727489,
          10.7710984
        ]
      },
      "id": "node/12712265873"
    },
    {
      "type": "Feature",
      "properties": {
        "@id": "node/12712428983",
        "addr:housenumber": "43",
        "addr:street": "Phan Khiêm Ích",
        "amenity": "restaurant",
        "check_date": "2025-03-30",
        "cuisine": "indian",
        "name": "Agra Mahal",
        "opening_hours": "10:30-22:30"
      },
      "geometry": {
        "type": "Point",
        "coordinates": [
          106.7088313,
          10.7327754
        ]
      },
      "id": "node/12712428983"
    },
    {
      "type": "Feature",
      "properties": {
        "@id": "node/12712428984",
        "addr:housenumber": "82",
        "addr:street": "Đường Số 6",
        "amenity": "restaurant",
        "check_date": "2025-03-30",
        "cuisine": "vietnamese",
        "name": "Bún Bò Huế Ánh Sen"
      },
      "geometry": {
        "type": "Point",
        "coordinates": [
          106.7068667,
          10.7302924
        ]
      },
      "id": "node/12712428984"
    },
    {
      "type": "Feature",
      "properties": {
        "@id": "node/12715785160",
        "addr:district": "Quận 3",
        "addr:housenumber": "19",
        "addr:street": "Hẻm 290 Nam Kỳ Khởi Nghĩa",
        "addr:subdistrict": "Phường 8",
        "air_conditioning": "yes",
        "amenity": "restaurant",
        "check_date": "2025-03-31",
        "contact:facebook": "huequangchay",
        "cuisine": "vietnamese",
        "diet:vegan": "yes",
        "diet:vegetarian": "only",
        "indoor_seating": "yes",
        "name": "Huệ Quang Chay",
        "phone": "+84 93 132 72 89",
        "smoking": "no",
        "wheelchair": "limited"
      },
      "geometry": {
        "type": "Point",
        "coordinates": [
          106.6840122,
          10.790072
        ]
      },
      "id": "node/12715785160"
    },
    {
      "type": "Feature",
      "properties": {
        "@id": "node/12727090568",
        "amenity": "restaurant",
        "cuisine": "vietnamese",
        "name": "Quan Bui"
      },
      "geometry": {
        "type": "Point",
        "coordinates": [
          106.7063054,
          10.7808839
        ]
      },
      "id": "node/12727090568"
    },
    {
      "type": "Feature",
      "properties": {
        "@id": "node/12728534045",
        "addr:district": "An Khánh",
        "addr:housenumber": "41",
        "addr:province": "Thành phố Hồ Chí Minh",
        "addr:street": "Đường Nguyễn Cừ",
        "air_conditioning": "yes",
        "amenity": "restaurant",
        "check_date": "2025-09-12",
        "contact:instagram": "caicoi.saigon",
        "cuisine": "thai",
        "internet_access": "wlan",
        "name": "Cái Cối",
        "opening_hours": "Tu-Su 11:00-14:00, 17:00-21:00",
        "outdoor_seating": "no",
        "website": "https://caicoi.com/"
      },
      "geometry": {
        "type": "Point",
        "coordinates": [
          106.7282768,
          10.8037372
        ]
      },
      "id": "node/12728534045"
    },
    {
      "type": "Feature",
      "properties": {
        "@id": "node/12728723003",
        "addr:housenumber": "8",
        "addr:street": "Hẻm 343/33I/13 Nguyễn Trọng Tuyển",
        "air_conditioning": "yes",
        "amenity": "restaurant",
        "check_date": "2025-04-04",
        "cuisine": "hotpot;vietnamese",
        "diet:vegan": "only",
        "diet:vegetarian": "only",
        "indoor_seating": "yes",
        "name": "Chay Xanh",
        "outdoor_seating": "no",
        "phone": "+84836842364",
        "smoking": "no",
        "website": "https://www.chayxanh.vn",
        "wheelchair": "limited"
      },
      "geometry": {
        "type": "Point",
        "coordinates": [
          106.6678681,
          10.7977264
        ]
      },
      "id": "node/12728723003"
    },
    {
      "type": "Feature",
      "properties": {
        "@id": "node/12730355253",
        "air_conditioning": "yes",
        "amenity": "restaurant",
        "cuisine": "international",
        "diet:vegan": "yes",
        "diet:vegetarian": "yes",
        "indoor_seating": "yes",
        "name": "Tartine",
        "opening_hours": "Mo-Su 07:00-22:00",
        "outdoor_seating": "patio",
        "phone": "+84902829810",
        "smoking": "outside",
        "wheelchair": "no"
      },
      "geometry": {
        "type": "Point",
        "coordinates": [
          106.7300476,
          10.7162097
        ]
      },
      "id": "node/12730355253"
    },
    {
      "type": "Feature",
      "properties": {
        "@id": "node/12738873187",
        "air_conditioning": "yes",
        "amenity": "restaurant",
        "cuisine": "vietnamese",
        "diet:vegan": "yes",
        "diet:vegetarian": "only",
        "indoor_seating": "yes",
        "name": "Tâm Hiếu",
        "outdoor_seating": "no",
        "phone": "+84965985189",
        "smoking": "no",
        "wheelchair": "limited"
      },
      "geometry": {
        "type": "Point",
        "coordinates": [
          106.6832363,
          10.7728961
        ]
      },
      "id": "node/12738873187"
    },
    {
      "type": "Feature",
      "properties": {
        "@id": "node/12747522762",
        "addr:housenumber": "7",
        "addr:street": "Đường số 8",
        "amenity": "restaurant",
        "check_date": "2025-04-11",
        "cuisine": "vietnamese",
        "diet:vegan": "yes",
        "diet:vegetarian": "only",
        "indoor_seating": "yes",
        "name": "Bưu Niệm",
        "outdoor_seating": "parklet",
        "phone": "+84973159199",
        "smoking": "no",
        "website": "https://amthucchaybuuniem.com",
        "wheelchair": "limited"
      },
      "geometry": {
        "type": "Point",
        "coordinates": [
          106.6931855,
          10.7355928
        ]
      },
      "id": "node/12747522762"
    },
    {
      "type": "Feature",
      "properties": {
        "@id": "node/12749306604",
        "air_conditioning": "no",
        "amenity": "restaurant",
        "cuisine": "vietnamese",
        "diet:vegan": "yes",
        "diet:vegetarian": "only",
        "indoor_seating": "yes",
        "name": "Tuệ Đăng Quang",
        "opening_hours": "Mo-Su 06:00-20:00",
        "outdoor_seating": "no",
        "phone": "+84353929223",
        "smoking": "no",
        "wheelchair": "no"
      },
      "geometry": {
        "type": "Point",
        "coordinates": [
          106.6794021,
          10.790031
        ]
      },
      "id": "node/12749306604"
    },
    {
      "type": "Feature",
      "properties": {
        "@id": "node/12754202152",
        "addr:housenumber": "21",
        "addr:street": "Trương Quốc Dung",
        "air_conditioning": "yes",
        "amenity": "restaurant",
        "check_date": "2025-04-14",
        "cuisine": "vietnamese",
        "diet:vegan": "yes",
        "diet:vegetarian": "only",
        "indoor_seating": "yes",
        "name": "Hương Thiền",
        "outdoor_seating": "no",
        "phone": "+84982213552",
        "smoking": "no",
        "wheelchair": "limited"
      },
      "geometry": {
        "type": "Point",
        "coordinates": [
          106.6727317,
          10.7985379
        ]
      },
      "id": "node/12754202152"
    },
    {
      "type": "Feature",
      "properties": {
        "@id": "node/12759026101",
        "addr:housenumber": "222-224",
        "addr:street": "Lê Thánh Tôn",
        "amenity": "restaurant",
        "cuisine": "vietnamese",
        "name": "Ресторан вьетнамской кухни",
        "name:ru": "Ресторан вьетнамской кухни",
        "name:vi": "Quán Bụi",
        "opening_hours": "Mo-Su 07:00-23:00"
      },
      "geometry": {
        "type": "Point",
        "coordinates": [
          106.6966602,
          10.7724432
        ]
      },
      "id": "node/12759026101"
    },
    {
      "type": "Feature",
      "properties": {
        "@id": "node/12759088201",
        "addr:housenumber": "222-224",
        "addr:street": "Lê Thánh Tôn",
        "amenity": "restaurant",
        "check_date": "2025-11-13",
        "cuisine": "vietnamese;regional",
        "name": "Quán Bụi",
        "name:en": "Quan Bui",
        "name:vi": "Quán Bụi",
        "opening_hours": "Mo-Su 07:00-23:00",
        "payment:cash": "yes",
        "payment:credit_cards": "yes",
        "payment:debit_cards": "yes",
        "website": "https://quan-bui.com/",
        "wheelchair": "limited"
      },
      "geometry": {
        "type": "Point",
        "coordinates": [
          106.6965385,
          10.7725831
        ]
      },
      "id": "node/12759088201"
    },
    {
      "type": "Feature",
      "properties": {
        "@id": "node/12767970949",
        "addr:housenumber": "89/3",
        "addr:street": "Hẻm 89 Nguyễn Trãi",
        "air_conditioning": "yes",
        "amenity": "restaurant",
        "cuisine": "vietnamese",
        "internet_access": "yes",
        "internet_access:fee": "no",
        "name": "Bánh Canh Ghẹ Hẻm Mát",
        "opening_hours": "Mo-Fr,Su 10:00-21:00"
      },
      "geometry": {
        "type": "Point",
        "coordinates": [
          106.6916041,
          10.7697455
        ]
      },
      "id": "node/12767970949"
    },
    {
      "type": "Feature",
      "properties": {
        "@id": "node/12767970954",
        "addr:housenumber": "8C",
        "addr:street": "Nguyễn Ngọc Phương",
        "amenity": "restaurant",
        "cuisine": "japanese",
        "internet_access": "yes",
        "internet_access:fee": "yes",
        "name": "蕎麦処　美桜",
        "name:en": "Soba Mio",
        "opening_hours": "Mo-Su 11:30-14:00,17:00-19:00"
      },
      "geometry": {
        "type": "Point",
        "coordinates": [
          106.7087594,
          10.7891497
        ]
      },
      "id": "node/12767970954"
    },
    {
      "type": "Feature",
      "properties": {
        "@id": "node/12768388339",
        "addr:housenumber": "17",
        "addr:street": "Hẻm 240 Đường Nguyễn Văn Luông",
        "air_conditioning": "yes",
        "amenity": "restaurant",
        "check_date": "2025-04-19",
        "cuisine": "vietnamese",
        "diet:vegan": "yes",
        "diet:vegetarian": "only",
        "indoor_seating": "yes",
        "name": "Chạm Nhà Hàng Chay",
        "outdoor_seating": "no",
        "phone": "+84903909858",
        "smoking": "no",
        "wheelchair": "limited"
      },
      "geometry": {
        "type": "Point",
        "coordinates": [
          106.635402,
          10.7457107
        ]
      },
      "id": "node/12768388339"
    },
    {
      "type": "Feature",
      "properties": {
        "@id": "node/12770111814",
        "addr:housenumber": "33i",
        "addr:street": "Đường Tân Hòa Đông",
        "air_conditioning": "yes",
        "amenity": "restaurant",
        "check_date": "2025-04-20",
        "cuisine": "vietnamese;chinese",
        "diet:vegan": "no",
        "diet:vegetarian": "only",
        "indoor_seating": "yes",
        "name": "Chay Phùng Duyên",
        "outdoor_seating": "no",
        "phone": "+84368336872",
        "smoking": "no",
        "wheelchair": "no"
      },
      "geometry": {
        "type": "Point",
        "coordinates": [
          106.6323444,
          10.7561407
        ]
      },
      "id": "node/12770111814"
    },
    {
      "type": "Feature",
      "properties": {
        "@id": "node/12770258669",
        "addr:housenumber": "275",
        "addr:street": "Đường Nguyễn Sơn",
        "air_conditioning": "yes",
        "amenity": "restaurant",
        "check_date": "2025-07-24",
        "cuisine": "vietnamese;noodle",
        "diet:gluten_free": "yes",
        "diet:vegan": "yes",
        "diet:vegetarian": "only",
        "indoor_seating": "yes",
        "name": "Hủ Tiếu Chay Cây Đề",
        "outdoor_seating": "no",
        "phone": "+842822538504",
        "smoking": "no",
        "wheelchair": "no"
      },
      "geometry": {
        "type": "Point",
        "coordinates": [
          106.6231884,
          10.7837957
        ]
      },
      "id": "node/12770258669"
    },
    {
      "type": "Feature",
      "properties": {
        "@id": "node/12770285322",
        "amenity": "restaurant",
        "cuisine": "vietnamese",
        "diet:vegan": "yes",
        "diet:vegetarian": "only",
        "indoor_seating": "yes",
        "name": "Hội Ngộ Chay",
        "outdoor_seating": "no"
      },
      "geometry": {
        "type": "Point",
        "coordinates": [
          106.6215695,
          10.7843341
        ]
      },
      "id": "node/12770285322"
    },
    {
      "type": "Feature",
      "properties": {
        "@id": "node/12770312284",
        "amenity": "restaurant",
        "cuisine": "vietnamese;noodle",
        "diet:vegetarian": "only",
        "indoor_seating": "yes",
        "name": "Chay Tịnh Tầm",
        "outdoor_seating": "no"
      },
      "geometry": {
        "type": "Point",
        "coordinates": [
          106.6228432,
          10.7846213
        ]
      },
      "id": "node/12770312284"
    },
    {
      "type": "Feature",
      "properties": {
        "@id": "node/12770509401",
        "addr:street": "Đường số 4",
        "amenity": "restaurant",
        "name": "Quán chay VEGAN"
      },
      "geometry": {
        "type": "Point",
        "coordinates": [
          106.6548508,
          10.7245847
        ]
      },
      "id": "node/12770509401"
    },
    {
      "type": "Feature",
      "properties": {
        "@id": "node/12770511801",
        "amenity": "restaurant",
        "name": "Gà Nướng Thiên Phúc 79"
      },
      "geometry": {
        "type": "Point",
        "coordinates": [
          106.6545089,
          10.7027037
        ]
      },
      "id": "node/12770511801"
    },
    {
      "type": "Feature",
      "properties": {
        "@id": "node/12771884561",
        "air_conditioning": "yes",
        "amenity": "restaurant",
        "cuisine": "sushi;japanese",
        "diet:vegan": "yes",
        "diet:vegetarian": "only",
        "indoor_seating": "yes",
        "name": "Nhà Hàng Sushi Chay Tojy",
        "outdoor_seating": "no",
        "phone": "+84898773562",
        "smoking": "no",
        "wheelchair": "no"
      },
      "geometry": {
        "type": "Point",
        "coordinates": [
          106.7050557,
          10.7493822
        ]
      },
      "id": "node/12771884561"
    },
    {
      "type": "Feature",
      "properties": {
        "@id": "node/12778436919",
        "addr:housenumber": "21B",
        "addr:street": "Hẻm 20 Phan Đăng Lưu",
        "amenity": "restaurant",
        "check_date": "2025-04-23",
        "cuisine": "vietnamese",
        "diet:vegan": "yes",
        "diet:vegetarian": "only",
        "indoor_seating": "yes",
        "name": "Ngõ Chay",
        "outdoor_seating": "patio",
        "phone": "+84967547795",
        "smoking": "no",
        "wheelchair": "no"
      },
      "geometry": {
        "type": "Point",
        "coordinates": [
          106.6906911,
          10.8040864
        ]
      },
      "id": "node/12778436919"
    },
    {
      "type": "Feature",
      "properties": {
        "@id": "node/12778516686",
        "air_conditioning": "yes",
        "amenity": "restaurant",
        "cuisine": "vietnamese",
        "diet:gluten_free": "yes",
        "diet:vegan": "yes",
        "diet:vegetarian": "only",
        "indoor_seating": "yes",
        "name": "Nhà Hàng Chay Kimsa",
        "outdoor_seating": "no",
        "phone": "+84901539090",
        "smoking": "no",
        "wheelchair": "yes"
      },
      "geometry": {
        "type": "Point",
        "coordinates": [
          106.6906084,
          10.8038741
        ]
      },
      "id": "node/12778516686"
    },
    {
      "type": "Feature",
      "properties": {
        "@id": "node/12785817736",
        "addr:housenumber": "39",
        "addr:street": "Trần Thị Nghỉ",
        "air_conditioning": "yes",
        "amenity": "restaurant",
        "check_date": "2025-04-25",
        "cuisine": "vietnamese",
        "diet:vegan": "yes",
        "diet:vegetarian": "only",
        "indoor_seating": "yes",
        "name": "Thủy Mộc",
        "opening_hours": "Mo-Su 07:00-21:30",
        "outdoor_seating": "no",
        "phone": "+84937613031",
        "smoking": "no",
        "wheelchair": "no"
      },
      "geometry": {
        "type": "Point",
        "coordinates": [
          106.6813171,
          10.8275208
        ]
      },
      "id": "node/12785817736"
    },
    {
      "type": "Feature",
      "properties": {
        "@id": "node/12787531177",
        "addr:housenumber": "549",
        "addr:street": "Trần Hưng Ðạo",
        "air_conditioning": "yes",
        "amenity": "restaurant",
        "check_date": "2025-04-26",
        "cuisine": "vietnamese;international",
        "diet:vegan": "yes",
        "diet:vegetarian": "only",
        "indoor_seating": "yes",
        "name": "Mộc Vegetarian Cuisine",
        "outdoor_seating": "no",
        "phone": "+84915840089",
        "smoking": "no",
        "wheelchair": "no"
      },
      "geometry": {
        "type": "Point",
        "coordinates": [
          106.6861967,
          10.7572469
        ]
      },
      "id": "node/12787531177"
    },
    {
      "type": "Feature",
      "properties": {
        "@id": "node/12798100730",
        "amenity": "restaurant",
        "cuisine": "hotpot;vietnamese",
        "diet:vegetarian": "only",
        "indoor_seating": "yes",
        "name": "Lẩu Chay Nhà Nát",
        "outdoor_seating": "no"
      },
      "geometry": {
        "type": "Point",
        "coordinates": [
          106.6683187,
          10.7739571
        ]
      },
      "id": "node/12798100730"
    },
    {
      "type": "Feature",
      "properties": {
        "@id": "node/12799683290",
        "addr:country": "VN",
        "addr:district": "Thủ Đức",
        "addr:housenumber": "140",
        "addr:street": "Trần Lựu",
        "addr:subdistrict": "Phường An Phú",
        "air_conditioning": "no",
        "amenity": "restaurant",
        "bar": "no",
        "check_date": "2025-06-20",
        "contact:phone": "+84 97 346 84 87",
        "cuisine": "vietnamese",
        "name": "Lươn Đồng Xứ Nghệ",
        "opening_hours": "Mo-Su 06:00-14:00"
      },
      "geometry": {
        "type": "Point",
        "coordinates": [
          106.7412373,
          10.7944993
        ]
      },
      "id": "node/12799683290"
    },
    {
      "type": "Feature",
      "properties": {
        "@id": "node/12799703809",
        "addr:housenumber": "475/32",
        "addr:street": "Hẻm 475 Hai Bà Trưng",
        "air_conditioning": "no",
        "amenity": "restaurant",
        "cuisine": "vietnamese",
        "name": "Sa Đéc Quán",
        "opening_hours": "Mo-Su 06:00-14:00,16:00-21:00",
        "takeaway": "yes"
      },
      "geometry": {
        "type": "Point",
        "coordinates": [
          106.6861746,
          10.7916305
        ]
      },
      "id": "node/12799703809"
    },
    {
      "type": "Feature",
      "properties": {
        "@id": "node/12799703819",
        "addr:housenumber": "107/15",
        "addr:street": "Hẻm 107 Đường Lê Văn Duyệt",
        "air_conditioning": "no",
        "amenity": "restaurant",
        "cuisine": "vietnamese",
        "name": "Xôi Khúc Bắc Cô Thủy",
        "opening_hours": "Mo-Sa",
        "takeaway": "yes"
      },
      "geometry": {
        "type": "Point",
        "coordinates": [
          106.6956914,
          10.7986215
        ]
      },
      "id": "node/12799703819"
    },
    {
      "type": "Feature",
      "properties": {
        "@id": "node/12799703833",
        "addr:housenumber": "142",
        "addr:street": "Trần Lựu",
        "amenity": "restaurant",
        "cuisine": "vietnamese",
        "name": "Hải Phòng Quán"
      },
      "geometry": {
        "type": "Point",
        "coordinates": [
          106.741244,
          10.7945924
        ]
      },
      "id": "node/12799703833"
    },
    {
      "type": "Feature",
      "properties": {
        "@id": "node/12799857411",
        "amenity": "restaurant",
        "check_date": "2025-04-30",
        "cuisine": "vietnamese",
        "diet:vegan": "yes",
        "diet:vegetarian": "yes",
        "internet_access": "wlan",
        "internet_access:fee": "customers",
        "name": "Banh Mi Grandma Lu's",
        "payment:cash": "yes",
        "payment:credit_cards": "yes",
        "payment:debit_cards": "yes"
      },
      "geometry": {
        "type": "Point",
        "coordinates": [
          106.7038072,
          10.7800565
        ]
      },
      "id": "node/12799857411"
    },
    {
      "type": "Feature",
      "properties": {
        "@id": "node/12803901853",
        "addr:housenumber": "624",
        "addr:street": "Võ Văn Kiệt",
        "air_conditioning": "yes",
        "amenity": "restaurant",
        "contact:phone": "+84 364 177 341",
        "cuisine": "pizza;american;wings",
        "internet_access": "yes",
        "internet_access:fee": "no",
        "name": "Archie's",
        "outdoor_seating": "no",
        "self_service": "no",
        "takeaway": "yes"
      },
      "geometry": {
        "type": "Point",
        "coordinates": [
          106.6864973,
          10.754109
        ]
      },
      "id": "node/12803901853"
    },
    {
      "type": "Feature",
      "properties": {
        "@id": "node/12803901858",
        "addr:housenumber": "40",
        "addr:street": "Đường Số 54",
        "amenity": "restaurant",
        "cuisine": "vietnamese",
        "name": "Bếp Nhà Cô Ninh"
      },
      "geometry": {
        "type": "Point",
        "coordinates": [
          106.7292227,
          10.801873
        ]
      },
      "id": "node/12803901858"
    },
    {
      "type": "Feature",
      "properties": {
        "@id": "node/12803914546",
        "addr:housenumber": "428",
        "addr:street": "Lê Quang Định",
        "air_conditioning": "yes",
        "amenity": "restaurant",
        "check_date": "2025-05-02",
        "cuisine": "vietnamese",
        "diet:vegan": "yes",
        "diet:vegetarian": "only",
        "indoor_seating": "yes",
        "name": "Vườn Chay",
        "opening_hours": "Mo-Su 08:30-14:00,18:00-21:00",
        "outdoor_seating": "no",
        "phone": "+842836202649",
        "smoking": "no",
        "wheelchair": "no"
      },
      "geometry": {
        "type": "Point",
        "coordinates": [
          106.6908239,
          10.8117333
        ]
      },
      "id": "node/12803914546"
    },
    {
      "type": "Feature",
      "properties": {
        "@id": "node/12809499489",
        "air_conditioning": "yes",
        "amenity": "restaurant",
        "cuisine": "international;italian;pizza;pasta",
        "diet:vegan": "only",
        "diet:vegetarian": "only",
        "indoor_seating": "yes",
        "name": "Kashew Cheese",
        "outdoor_seating": "terrace",
        "phone": "+84989890927",
        "smoking": "no",
        "website": "https://kashewcheese.com",
        "wheelchair": "no"
      },
      "geometry": {
        "type": "Point",
        "coordinates": [
          106.7272083,
          10.7209365
        ]
      },
      "id": "node/12809499489"
    },
    {
      "type": "Feature",
      "properties": {
        "@id": "node/12813231586",
        "addr:city": "Thành Phố Hồ Chí Minh",
        "addr:housenumber": "387/12",
        "addr:street": "Cách Mạng Tháng Tám",
        "addr:subdistrict": "Phường Hoà Hưng",
        "amenity": "restaurant",
        "cuisine": "vietnamese",
        "name": "Cô Ba Ân - Cao Lầu Hội An",
        "opening_hours": "Su-Fr 10:30-14:00 & 16:30-20:30"
      },
      "geometry": {
        "type": "Point",
        "coordinates": [
          106.676164,
          10.780396
        ]
      },
      "id": "node/12813231586"
    },
    {
      "type": "Feature",
      "properties": {
        "@id": "node/12813469640",
        "amenity": "restaurant",
        "level": "5",
        "name": "Kichi-Kichi"
      },
      "geometry": {
        "type": "Point",
        "coordinates": [
          106.740211,
          10.8023686
        ]
      },
      "id": "node/12813469640"
    },
    {
      "type": "Feature",
      "properties": {
        "@id": "node/12813469642",
        "amenity": "restaurant",
        "cuisine": "italian;pasta;pizza",
        "level": "4",
        "name": "Basta Hiro"
      },
      "geometry": {
        "type": "Point",
        "coordinates": [
          106.7402701,
          10.8023963
        ]
      },
      "id": "node/12813469642"
    },
    {
      "type": "Feature",
      "properties": {
        "@id": "node/12813469646",
        "amenity": "restaurant",
        "level": "5",
        "name": "Chảo Cá"
      },
      "geometry": {
        "type": "Point",
        "coordinates": [
          106.7408739,
          10.8024631
        ]
      },
      "id": "node/12813469646"
    },
    {
      "type": "Feature",
      "properties": {
        "@id": "node/12813469668",
        "amenity": "restaurant",
        "level": "5",
        "name": "Trống Cơm"
      },
      "geometry": {
        "type": "Point",
        "coordinates": [
          106.7406922,
          10.8024447
        ]
      },
      "id": "node/12813469668"
    },
    {
      "type": "Feature",
      "properties": {
        "@id": "node/12816068713",
        "addr:housenumber": "23",
        "addr:street": "Tân Canh",
        "air_conditioning": "no",
        "amenity": "restaurant",
        "bar": "no",
        "cuisine": "vietnamese",
        "internet_access": "yes",
        "internet_access:fee": "no",
        "name": "Quán Mì Nấm",
        "opening_hours": "Mo-Su 07:00-22:00",
        "self_service": "no",
        "takeaway": "yes",
        "toilets": "yes"
      },
      "geometry": {
        "type": "Point",
        "coordinates": [
          106.6675088,
          10.7966415
        ]
      },
      "id": "node/12816068713"
    },
    {
      "type": "Feature",
      "properties": {
        "@id": "node/12816068731",
        "addr:housenumber": "708",
        "addr:street": "Âu Cơ",
        "amenity": "restaurant",
        "name": "Tâm Ký"
      },
      "geometry": {
        "type": "Point",
        "coordinates": [
          106.6410323,
          10.787707
        ]
      },
      "id": "node/12816068731"
    },
    {
      "type": "Feature",
      "properties": {
        "@id": "node/12816068737",
        "addr:housenumber": "4",
        "addr:street": "Đường Ngô Quyền",
        "amenity": "restaurant",
        "cuisine": "pizza",
        "name": "Pizza 777",
        "takeaway": "yes"
      },
      "geometry": {
        "type": "Point",
        "coordinates": [
          106.6670956,
          10.7508107
        ]
      },
      "id": "node/12816068737"
    },
    {
      "type": "Feature",
      "properties": {
        "@id": "node/12819284789",
        "air_conditioning": "yes",
        "amenity": "restaurant",
        "cuisine": "ramen;vietnamese",
        "diet:vegan": "yes",
        "diet:vegetarian": "only",
        "indoor_seating": "yes",
        "name": "An Trú",
        "outdoor_seating": "no",
        "smoking": "no",
        "wheelchair": "no"
      },
      "geometry": {
        "type": "Point",
        "coordinates": [
          106.6266937,
          10.7829499
        ]
      },
      "id": "node/12819284789"
    },
    {
      "type": "Feature",
      "properties": {
        "@id": "node/12823521141",
        "addr:district": "Quận 5",
        "addr:housenumber": "337/84",
        "addr:street": "Hẻm 377 Lê Đại Hành",
        "addr:subdistrict": "Phường 11",
        "air_conditioning": "no",
        "amenity": "restaurant",
        "bar": "no",
        "cuisine": "italian;pizza",
        "internet_access": "yes",
        "internet_access:fee": "no",
        "name": "Pizza Phú",
        "opening_hours": "15:30-21:30",
        "takeaway": "yes"
      },
      "geometry": {
        "type": "Point",
        "coordinates": [
          106.652917,
          10.7664879
        ]
      },
      "id": "node/12823521141"
    },
    {
      "type": "Feature",
      "properties": {
        "@id": "node/12825104006",
        "addr:housenumber": "567A",
        "addr:street": "Đường Trần Hưng Ðạo",
        "air_conditioning": "yes",
        "amenity": "restaurant",
        "check_date": "2025-05-10",
        "cuisine": "vietnamese",
        "diet:vegan": "yes",
        "diet:vegetarian": "only",
        "indoor_seating": "yes",
        "name": "Rôu Vegetarian",
        "outdoor_seating": "no",
        "phone": "+84 28 6276 1613",
        "smoking": "no"
      },
      "geometry": {
        "type": "Point",
        "coordinates": [
          106.6857088,
          10.756692
        ]
      },
      "id": "node/12825104006"
    },
    {
      "type": "Feature",
      "properties": {
        "@id": "node/12825630989",
        "addr:city": "Ho Chi Minh City",
        "addr:district": "Bình Thạnh",
        "addr:housenumber": "860/60S",
        "addr:postcode": "72308",
        "addr:province": "Hồ Chí Minh",
        "addr:street": "Xô Viết Nghệ Tĩnh",
        "addr:subdistrict": "25",
        "amenity": "restaurant",
        "cuisine": "regional;thai",
        "indoor_seating": "yes",
        "name": "Mala Thái",
        "opening_hours": "Mo-Su 10:00-20:00",
        "outdoor_seating": "no",
        "phone": "+84704773338",
        "website": "https://www.facebook.com/profile.php?id=61575199494236"
      },
      "geometry": {
        "type": "Point",
        "coordinates": [
          106.7184543,
          10.8108849
        ]
      },
      "id": "node/12825630989"
    },
    {
      "type": "Feature",
      "properties": {
        "@id": "node/12828211777",
        "air_conditioning": "yes",
        "amenity": "restaurant",
        "cuisine": "indian",
        "diet:vegan": "yes",
        "diet:vegetarian": "only",
        "indoor_seating": "yes",
        "name": "Tanishq Indian Vegetarian",
        "outdoor_seating": "no",
        "smoking": "no",
        "wheelchair": "no"
      },
      "geometry": {
        "type": "Point",
        "coordinates": [
          106.6939806,
          10.7719036
        ]
      },
      "id": "node/12828211777"
    },
    {
      "type": "Feature",
      "properties": {
        "@id": "node/12830150281",
        "air_conditioning": "no",
        "amenity": "restaurant",
        "cuisine": "vietnamese",
        "diet:gluten_free": "yes",
        "diet:vegan": "yes",
        "diet:vegetarian": "only",
        "indoor_seating": "yes",
        "name": "Chay An Phúc",
        "outdoor_seating": "no",
        "phone": "+84906046234",
        "smoking": "no",
        "wheelchair": "no"
      },
      "geometry": {
        "type": "Point",
        "coordinates": [
          106.6759435,
          10.7871298
        ]
      },
      "id": "node/12830150281"
    },
    {
      "type": "Feature",
      "properties": {
        "@id": "node/12833531006",
        "addr:housenumber": "315A",
        "addr:street": "Đường Lê Văn Sỹ",
        "air_conditioning": "yes",
        "amenity": "restaurant",
        "check_date": "2025-05-13",
        "cuisine": "vietnamese",
        "diet:gluten_free": "yes",
        "diet:vegan": "only",
        "diet:vegetarian": "only",
        "indoor_seating": "yes",
        "name": "Hủ Tiếu Chay Cây Đề",
        "outdoor_seating": "no",
        "phone": "+842862928400",
        "smoking": "no",
        "wheelchair": "no"
      },
      "geometry": {
        "type": "Point",
        "coordinates": [
          106.6653543,
          10.7963499
        ]
      },
      "id": "node/12833531006"
    },
    {
      "type": "Feature",
      "properties": {
        "@id": "node/12836775523",
        "addr:housenumber": "53",
        "addr:street": "Hoàng Dư Khương",
        "air_conditioning": "yes",
        "amenity": "restaurant",
        "check_date": "2025-05-14",
        "cuisine": "vietnamese",
        "diet:gluten_free": "yes",
        "diet:vegan": "only",
        "diet:vegetarian": "only",
        "indoor_seating": "yes",
        "name": "Nhà Hàng Chay Bà Xã",
        "outdoor_seating": "no",
        "phone": "+84899183188",
        "smoking": "no",
        "website": "https://chaybaxa.com",
        "wheelchair": "no"
      },
      "geometry": {
        "type": "Point",
        "coordinates": [
          106.6718811,
          10.7765838
        ]
      },
      "id": "node/12836775523"
    },
    {
      "type": "Feature",
      "properties": {
        "@id": "node/12839797359",
        "addr:housenumber": "D9",
        "addr:street": "Hẻm 212B Nguyễn Trãi",
        "air_conditioning": "yes",
        "amenity": "restaurant",
        "check_date": "2025-11-25",
        "check_date:diet:halal": "2025-11-25",
        "cuisine": "vietnamese;cantonese;chinese",
        "diet:gluten_free": "yes",
        "diet:halal": "yes",
        "diet:vegan": "yes",
        "diet:vegetarian": "only",
        "indoor_seating": "yes",
        "name": "Tiệm Chay Mộc Lâm Duyên",
        "opening_hours": "Mo-Su 08:00-14:00,16:00-22:00",
        "outdoor_seating": "no",
        "phone": "+84907377388",
        "smoking": "no",
        "wheelchair": "no"
      },
      "geometry": {
        "type": "Point",
        "coordinates": [
          106.6856668,
          10.7653387
        ]
      },
      "id": "node/12839797359"
    },
    {
      "type": "Feature",
      "properties": {
        "@id": "node/12839983177",
        "addr:district": "Quận Phú Nhuận",
        "addr:housenumber": "12/19",
        "addr:street": "Hẻm 12 Đào Duy Anh",
        "addr:subdistrict": "Phường 9",
        "air_conditioning": "yes",
        "amenity": "restaurant",
        "bar": "no",
        "cuisine": "vietnamese",
        "internet_access": "yes",
        "internet_access:fee": "no",
        "name": "Latẩm",
        "opening_hours": "Mo-Su 07:30-18:30",
        "outdoor_seating": "no",
        "self_service": "no",
        "smoking": "no",
        "takeaway": "yes"
      },
      "geometry": {
        "type": "Point",
        "coordinates": [
          106.6777896,
          10.806476
        ]
      },
      "id": "node/12839983177"
    },
    {
      "type": "Feature",
      "properties": {
        "@id": "node/12843485089",
        "addr:housenumber": "25A",
        "addr:street": "Ngô Quang Huy",
        "air_conditioning": "yes",
        "amenity": "restaurant",
        "check_date": "2025-05-17",
        "cuisine": "chinese;vietnamese",
        "diet:gluten_free": "yes",
        "diet:vegan": "only",
        "diet:vegetarian": "only",
        "indoor_seating": "yes",
        "name": "Tiệm Mì Chay Chan Chan",
        "outdoor_seating": "no",
        "phone": "+841900638879",
        "smoking": "no",
        "wheelchair": "no"
      },
      "geometry": {
        "type": "Point",
        "coordinates": [
          106.7336341,
          10.8043354
        ]
      },
      "id": "node/12843485089"
    },
    {
      "type": "Feature",
      "properties": {
        "@id": "node/12843949018",
        "air_conditioning": "no",
        "amenity": "restaurant",
        "cuisine": "vietnamese",
        "diet:gluten_free": "yes",
        "diet:vegan": "yes",
        "diet:vegetarian": "only",
        "indoor_seating": "yes",
        "name": "Quán Chay Xanh Vegan",
        "outdoor_seating": "no",
        "smoking": "no",
        "wheelchair": "no"
      },
      "geometry": {
        "type": "Point",
        "coordinates": [
          106.6552029,
          10.7919959
        ]
      },
      "id": "node/12843949018"
    },
    {
      "type": "Feature",
      "properties": {
        "@id": "node/12846331779",
        "air_conditioning": "yes",
        "amenity": "restaurant",
        "cuisine": "vietnamese",
        "diet:gluten_free": "yes",
        "diet:vegan": "yes",
        "diet:vegetarian": "only",
        "indoor_seating": "yes",
        "name": "Nhà Hàng Chay Sân Mây",
        "outdoor_seating": "no",
        "smoking": "no",
        "wheelchair": "no"
      },
      "geometry": {
        "type": "Point",
        "coordinates": [
          106.6723403,
          10.7719542
        ]
      },
      "id": "node/12846331779"
    },
    {
      "type": "Feature",
      "properties": {
        "@id": "node/12846784897",
        "addr:housenumber": "14",
        "addr:street": "Đường Nguyễn Chí Thanh",
        "air_conditioning": "yes",
        "amenity": "restaurant",
        "check_date": "2025-05-18",
        "cuisine": "vietnamese;sushi;chinese",
        "diet:gluten_free": "yes",
        "diet:vegan": "yes",
        "diet:vegetarian": "only",
        "indoor_seating": "yes",
        "name": "Bếp Chay Nhân Duyên",
        "outdoor_seating": "no",
        "phone": "+84937039039",
        "smoking": "no",
        "website": "https://chaynhanduyen.com",
        "wheelchair": "no"
      },
      "geometry": {
        "type": "Point",
        "coordinates": [
          106.6742486,
          10.761144
        ]
      },
      "id": "node/12846784897"
    },
    {
      "type": "Feature",
      "properties": {
        "@id": "node/12848738670",
        "addr:housenumber": "46",
        "addr:street": "Huỳnh Lan Khanh",
        "air_conditioning": "yes",
        "amenity": "restaurant",
        "check_date": "2025-05-19",
        "cuisine": "vietnamese",
        "diet:gluten_free": "yes",
        "diet:vegan": "only",
        "diet:vegetarian": "only",
        "indoor_seating": "yes",
        "name": "Ẩm Thực Chay Diệu Cát Tường",
        "outdoor_seating": "no",
        "phone": "+84932185188",
        "smoking": "no",
        "wheelchair": "no"
      },
      "geometry": {
        "type": "Point",
        "coordinates": [
          106.6680753,
          10.8044606
        ]
      },
      "id": "node/12848738670"
    },
    {
      "type": "Feature",
      "properties": {
        "@id": "node/12850785241",
        "addr:housenumber": "74",
        "addr:street": "Nguyễn Ngọc Phương",
        "air_conditioning": "yes",
        "amenity": "restaurant",
        "check_date": "2025-05-20",
        "cuisine": "international",
        "diet:vegan": "yes",
        "diet:vegetarian": "only",
        "indoor_seating": "yes",
        "name": "Santorini Coffee & Veggies",
        "outdoor_seating": "no",
        "smoking": "no",
        "wheelchair": "no"
      },
      "geometry": {
        "type": "Point",
        "coordinates": [
          106.7089484,
          10.7886024
        ]
      },
      "id": "node/12850785241"
    },
    {
      "type": "Feature",
      "properties": {
        "@id": "node/12852980023",
        "air_conditioning": "no",
        "amenity": "restaurant",
        "cuisine": "hotpot;vietnamese",
        "diet:gluten_free": "yes",
        "diet:vegan": "yes",
        "diet:vegetarian": "only",
        "indoor_seating": "yes",
        "name": "Quán Chay An Cát Tường",
        "outdoor_seating": "no",
        "smoking": "no",
        "wheelchair": "no"
      },
      "geometry": {
        "type": "Point",
        "coordinates": [
          106.6665463,
          10.7764807
        ]
      },
      "id": "node/12852980023"
    },
    {
      "type": "Feature",
      "properties": {
        "@id": "node/12860099563",
        "addr:district": "Quận 3",
        "addr:housenumber": "290/20",
        "addr:street": "Hẻm 290 Nam Kỳ Khởi Nghĩa",
        "addr:subdistrict": "Phường 8",
        "air_conditioning": "yes",
        "amenity": "restaurant",
        "cuisine": "pasta;pizza;italian",
        "internet_access": "yes",
        "internet_access:fee": "no",
        "level": "1",
        "name": "Tomato Kitchen",
        "opening_hours": "Mo-Su 10:00-22:00",
        "outdoor_seating": "no",
        "phone": "+84 793 732 939"
      },
      "geometry": {
        "type": "Point",
        "coordinates": [
          106.6840807,
          10.7901419
        ]
      },
      "id": "node/12860099563"
    },
    {
      "type": "Feature",
      "properties": {
        "@id": "node/12860099570",
        "addr:housenumber": "66",
        "addr:street": "Ngô Thị Thu Minh",
        "air_conditioning": "no",
        "amenity": "restaurant",
        "bar": "no",
        "name": "Tiệm Mì Zigzag",
        "phone": "0901247989"
      },
      "geometry": {
        "type": "Point",
        "coordinates": [
          106.6627307,
          10.7969848
        ]
      },
      "id": "node/12860099570"
    },
    {
      "type": "Feature",
      "properties": {
        "@id": "node/12860099575",
        "addr:housenumber": "290/15A",
        "addr:street": "Hẻm 290 Nam Kỳ Khởi Nghĩa",
        "amenity": "restaurant",
        "cuisine": "vietnamese",
        "name": "Cơm Niêu Đẩu"
      },
      "geometry": {
        "type": "Point",
        "coordinates": [
          106.6842198,
          10.7900505
        ]
      },
      "id": "node/12860099575"
    },
    {
      "type": "Feature",
      "properties": {
        "@id": "node/12860099581",
        "addr:district": "Tân Bình",
        "addr:housenumber": "130/39",
        "addr:street": "Phạm Văn Hai",
        "addr:subdistrict": "2",
        "air_conditioning": "no",
        "amenity": "restaurant",
        "cuisine": "fried_rice;pasta",
        "delivery": "yes",
        "internet_access": "yes",
        "internet_access:fee": "no",
        "name": "đẫm eatery",
        "opening_hours": "Mo-Sa 16:20-01:00",
        "outdoor_seating": "no",
        "takeaway": "yes"
      },
      "geometry": {
        "type": "Point",
        "coordinates": [
          106.6616964,
          10.7974751
        ]
      },
      "id": "node/12860099581"
    },
    {
      "type": "Feature",
      "properties": {
        "@id": "node/12862442389",
        "air_conditioning": "no",
        "amenity": "restaurant",
        "cuisine": "vietnamese;pancake",
        "diet:gluten_free": "no",
        "diet:vegan": "only",
        "diet:vegetarian": "only",
        "indoor_seating": "yes",
        "name": "Quán Bánh Xèo Chay Miền Tây",
        "outdoor_seating": "sidewalk",
        "smoking": "no",
        "wheelchair": "yes"
      },
      "geometry": {
        "type": "Point",
        "coordinates": [
          106.648427,
          10.7841158
        ]
      },
      "id": "node/12862442389"
    },
    {
      "type": "Feature",
      "properties": {
        "@id": "node/12865884821",
        "air_conditioning": "no",
        "amenity": "restaurant",
        "cuisine": "vietnamese",
        "name": "Mì Quảng Nam",
        "opening_hours": "Mo-Su 06:00-12:00"
      },
      "geometry": {
        "type": "Point",
        "coordinates": [
          106.6057398,
          10.7726639
        ]
      },
      "id": "node/12865884821"
    },
    {
      "type": "Feature",
      "properties": {
        "@id": "node/12870782097",
        "addr:housenumber": "151",
        "addr:street": "Nguyễn Thị Nhỏ",
        "air_conditioning": "yes",
        "amenity": "restaurant",
        "check_date": "2025-05-29",
        "check_date:diet:vegan": "2025-05-29",
        "cuisine": "hotpot;vietnamese",
        "diet:gluten_free": "yes",
        "diet:vegan": "yes",
        "diet:vegetarian": "only",
        "indoor_seating": "yes",
        "name": "Nhà Hàng Chay Khai Ngộ",
        "outdoor_seating": "no",
        "phone": "+84926400300",
        "smoking": "no",
        "wheelchair": "yes"
      },
      "geometry": {
        "type": "Point",
        "coordinates": [
          106.6527068,
          10.7719743
        ]
      },
      "id": "node/12870782097"
    },
    {
      "type": "Feature",
      "properties": {
        "@id": "node/12878285648",
        "addr:housenumber": "177/1",
        "addr:street": "Hẻm 177 Lý Tự Trọng",
        "amenity": "restaurant",
        "cuisine": "vietnamese",
        "name": "Bánh Cuốn Nóng Hào Hoa"
      },
      "geometry": {
        "type": "Point",
        "coordinates": [
          106.6963254,
          10.7730605
        ]
      },
      "id": "node/12878285648"
    },
    {
      "type": "Feature",
      "properties": {
        "@id": "node/12878325169",
        "addr:housenumber": "41",
        "addr:street": "Hẻm 226 Đường Lê Văn Sỹ",
        "air_conditioning": "yes",
        "amenity": "restaurant",
        "check_date": "2025-06-01",
        "check_date:opening_hours": "2025-06-01",
        "cuisine": "vietnamese;pizza",
        "diet:gluten_free": "yes",
        "diet:vegan": "yes",
        "diet:vegetarian": "only",
        "indoor_seating": "yes",
        "name": "Kala Cà Phê & Món Chay",
        "opening_hours": "Mo-Su 06:30-14:00,16:00-20:00",
        "outdoor_seating": "no",
        "phone": "+84982185785",
        "smoking": "no",
        "wheelchair": "no"
      },
      "geometry": {
        "type": "Point",
        "coordinates": [
          106.6681908,
          10.7956221
        ]
      },
      "id": "node/12878325169"
    },
    {
      "type": "Feature",
      "properties": {
        "@id": "node/12878607001",
        "addr:street": "Pasteur",
        "air_conditioning": "yes",
        "amenity": "restaurant",
        "changing_table": "no",
        "cuisine": "western;american",
        "diet:gluten_free": "no",
        "diet:halal": "no",
        "diet:vegan": "yes",
        "diet:vegetarian": "yes",
        "indoor_seating": "yes",
        "name": "Eddie's New York Deli & Diner",
        "outdoor_seating": "no",
        "phone": "+842822122389",
        "smoking": "no",
        "website": "https://eddiesdiner.vn",
        "wheelchair": "no"
      },
      "geometry": {
        "type": "Point",
        "coordinates": [
          106.7006098,
          10.7751007
        ]
      },
      "id": "node/12878607001"
    },
    {
      "type": "Feature",
      "properties": {
        "@id": "node/12879120901",
        "addr:street": "Ðặng Thị Nhu",
        "amenity": "restaurant",
        "name": "Jimmy's Pizza"
      },
      "geometry": {
        "type": "Point",
        "coordinates": [
          106.6970218,
          10.7690948
        ]
      },
      "id": "node/12879120901"
    },
    {
      "type": "Feature",
      "properties": {
        "@id": "node/12880170399",
        "addr:housenumber": "210",
        "addr:street": "Đường  Bùi Văn Ba",
        "air_conditioning": "yes",
        "amenity": "restaurant",
        "check_date": "2025-06-02",
        "cuisine": "vietnamese;hotpot",
        "diet:gluten_free": "yes",
        "diet:vegan": "only",
        "diet:vegetarian": "only",
        "indoor_seating": "yes",
        "name": "Chay 365",
        "opening_hours": "Mo-Su 07:00-22:00",
        "outdoor_seating": "pedestrian_zone",
        "phone": "+842822222365",
        "smoking": "outside",
        "website": "https://chay365.vn",
        "wheelchair": "no"
      },
      "geometry": {
        "type": "Point",
        "coordinates": [
          106.7359778,
          10.7504379
        ]
      },
      "id": "node/12880170399"
    },
    {
      "type": "Feature",
      "properties": {
        "@id": "node/12890286396",
        "addr:housenumber": "37",
        "addr:street": "Đường số 10",
        "air_conditioning": "yes",
        "amenity": "restaurant",
        "check_date": "2025-06-06",
        "cuisine": "vietnamese",
        "diet:gluten_free": "yes",
        "diet:vegan": "yes",
        "diet:vegetarian": "only",
        "indoor_seating": "yes",
        "name": "Dòufu Chay & Chill",
        "opening_hours": "Mo-Su 08:00-21:00",
        "outdoor_seating": "veranda",
        "phone": "+84707885445",
        "smoking": "no",
        "wheelchair": "yes"
      },
      "geometry": {
        "type": "Point",
        "coordinates": [
          106.6279475,
          10.7520052
        ]
      },
      "id": "node/12890286396"
    },
    {
      "type": "Feature",
      "properties": {
        "@id": "node/12922557608",
        "addr:housenumber": "344",
        "addr:street": "Tên Lửa",
        "addr:subdistrict": "Phường Bình Trị Đông B",
        "amenity": "restaurant",
        "bar": "no",
        "cuisine": "vietnamese",
        "name": "Cơm Niêu Út Thảo",
        "opening_hours": "10:00-22:00",
        "pets_allowed": "no",
        "reservation": "yes",
        "takeaway": "yes"
      },
      "geometry": {
        "type": "Point",
        "coordinates": [
          106.6122073,
          10.7473048
        ]
      },
      "id": "node/12922557608"
    },
    {
      "type": "Feature",
      "properties": {
        "@id": "node/12927945467",
        "addr:housenumber": "7",
        "addr:street": "Hẻm 137 Bình Tiên",
        "air_conditioning": "yes",
        "amenity": "restaurant",
        "check_date": "2025-06-20",
        "contact:facebook": "quanchayquanam",
        "cuisine": "cantonese;vietnamese;international",
        "diet:gluten_free": "yes",
        "diet:vegan": "yes",
        "diet:vegetarian": "only",
        "indoor_seating": "yes",
        "name": "Quán Chay Quan Âm",
        "opening_hours": "Mo-Su 16:00-21:00",
        "outdoor_seating": "no",
        "phone": "+84949492238",
        "smoking": "no",
        "wheelchair": "yes"
      },
      "geometry": {
        "type": "Point",
        "coordinates": [
          106.6426533,
          10.7430882
        ]
      },
      "id": "node/12927945467"
    },
    {
      "type": "Feature",
      "properties": {
        "@id": "node/12942486190",
        "addr:housenumber": "25",
        "addr:street": "Nguyễn Ðình Chiểu",
        "amenity": "restaurant",
        "check_date": "2025-06-21",
        "cuisine": "international;western",
        "diet:vegan": "yes",
        "diet:vegetarian": "yes",
        "name": "Tartine",
        "opening_hours": "Mo-Su 07:00-22:00",
        "phone": "+84903990438",
        "smoking": "no",
        "wheelchair": "no"
      },
      "geometry": {
        "type": "Point",
        "coordinates": [
          106.6998954,
          10.788584
        ]
      },
      "id": "node/12942486190"
    },
    {
      "type": "Feature",
      "properties": {
        "@id": "node/12944535057",
        "air_conditioning": "yes",
        "amenity": "restaurant",
        "cuisine": "japanese",
        "diet:gluten_free": "yes",
        "diet:vegan": "yes",
        "diet:vegetarian": "yes",
        "indoor_seating": "yes",
        "name": "Morico",
        "outdoor_seating": "veranda",
        "smoking": "no",
        "wheelchair": "no"
      },
      "geometry": {
        "type": "Point",
        "coordinates": [
          106.700606,
          10.7743273
        ]
      },
      "id": "node/12944535057"
    },
    {
      "type": "Feature",
      "properties": {
        "@id": "node/12949255684",
        "addr:housenumber": "210",
        "addr:street": "Nguyễn Thái Bình",
        "air_conditioning": "yes",
        "amenity": "restaurant",
        "check_date": "2025-06-24",
        "contact:facebook": "Chay Quán Âm",
        "cuisine": "vietnamese",
        "diet:gluten_free": "yes",
        "diet:vegan": "only",
        "diet:vegetarian": "only",
        "indoor_seating": "yes",
        "name": "Nhà Hàng Thuần Chay Quán Âm",
        "opening_hours": "Mo-Su 07:00-22:00",
        "outdoor_seating": "no",
        "phone": "+842862923398",
        "smoking": "no",
        "website": "https://chayquanam.com"
      },
      "geometry": {
        "type": "Point",
        "coordinates": [
          106.6528938,
          10.7966992
        ]
      },
      "id": "node/12949255684"
    },
    {
      "type": "Feature",
      "properties": {
        "@id": "node/12956272949",
        "air_conditioning": "yes",
        "amenity": "restaurant",
        "cuisine": "vietnamese;buffet",
        "diet:gluten_free": "yes",
        "diet:vegan": "yes",
        "diet:vegetarian": "only",
        "indoor_seating": "yes",
        "name": "Vegetarian Buffet D'Gemma",
        "outdoor_seating": "no",
        "smoking": "no"
      },
      "geometry": {
        "type": "Point",
        "coordinates": [
          106.6664412,
          10.8058834
        ]
      },
      "id": "node/12956272949"
    },
    {
      "type": "Feature",
      "properties": {
        "@id": "node/12958243459",
        "air_conditioning": "yes",
        "amenity": "restaurant",
        "check_date": "2025-06-24",
        "cuisine": "vietnamese",
        "internet_access": "yes",
        "internet_access:fee": "no",
        "name": "An's Saigon",
        "opening_hours": "11:00-14:30,17:30+",
        "outdoor_seating": "yes",
        "takeaway": "no",
        "website": "https://www.anssaigon.com/"
      },
      "geometry": {
        "type": "Point",
        "coordinates": [
          106.7322612,
          10.8061069
        ]
      },
      "id": "node/12958243459"
    },
    {
      "type": "Feature",
      "properties": {
        "@id": "node/12970470401",
        "addr:housenumber": "24",
        "addr:street": "Phạm Văn Nghị",
        "amenity": "restaurant",
        "name": "Bún Đậu Homemade"
      },
      "geometry": {
        "type": "Point",
        "coordinates": [
          106.7066181,
          10.7329123
        ]
      },
      "id": "node/12970470401"
    },
    {
      "type": "Feature",
      "properties": {
        "@id": "node/12973583376",
        "air_conditioning": "yes",
        "amenity": "restaurant",
        "cuisine": "vietnamese;hotpot;noodle",
        "diet:gluten_free": "yes",
        "diet:vegan": "yes",
        "diet:vegetarian": "only",
        "indoor_seating": "yes",
        "name": "A Nan Chay",
        "opening_hours": "Mo-Su 15:00-21:00",
        "outdoor_seating": "no",
        "phone": "+84943032745",
        "smoking": "no",
        "wheelchair": "yes"
      },
      "geometry": {
        "type": "Point",
        "coordinates": [
          106.6470856,
          10.7632509
        ]
      },
      "id": "node/12973583376"
    },
    {
      "type": "Feature",
      "properties": {
        "@id": "node/12977223123",
        "addr:housenumber": "167",
        "addr:street": "Đường Văn Thân",
        "amenity": "restaurant",
        "check_date": "2025-07-04",
        "cuisine": "vietnamese;pancake",
        "diet:gluten_free": "yes",
        "diet:vegan": "yes",
        "diet:vegetarian": "only",
        "indoor_seating": "no",
        "name": "Quán Chay Hoàng Phúc",
        "opening_hours": "Mo-Su 06:00-12:00,14:00-21:00",
        "outdoor_seating": "veranda",
        "phone": "+84906930072",
        "smoking": "no",
        "wheelchair": "yes"
      },
      "geometry": {
        "type": "Point",
        "coordinates": [
          106.6371218,
          10.7408493
        ]
      },
      "id": "node/12977223123"
    },
    {
      "type": "Feature",
      "properties": {
        "@id": "node/12982251790",
        "amenity": "restaurant",
        "cuisine": "vietnamese",
        "diet:gluten_free": "yes",
        "diet:vegan": "yes",
        "diet:vegetarian": "only",
        "indoor_seating": "yes",
        "name": "Ẩm Thực Chay Rêu",
        "opening_hours": "Mo-Su 10:00-21:00",
        "outdoor_seating": "no",
        "phone": "+842862723066",
        "smoking": "no",
        "website": "https://reu-kitchen.vn",
        "wheelchair": "no"
      },
      "geometry": {
        "type": "Point",
        "coordinates": [
          106.6778249,
          10.7962062
        ]
      },
      "id": "node/12982251790"
    },
    {
      "type": "Feature",
      "properties": {
        "@id": "node/12985491230",
        "addr:housenumber": "129",
        "addr:street": "Hẻm 860 Xô viết Nghệ Tĩnh",
        "air_conditioning": "no",
        "amenity": "restaurant",
        "check_date": "2025-07-07",
        "cuisine": "vietnamese",
        "diet:gluten_free": "yes",
        "diet:vegan": "only",
        "diet:vegetarian": "only",
        "indoor_seating": "yes",
        "name": "Chay Lam",
        "outdoor_seating": "sidewalk",
        "phone": "+84906996369",
        "smoking": "no",
        "wheelchair": "yes"
      },
      "geometry": {
        "type": "Point",
        "coordinates": [
          106.7185548,
          10.8109693
        ]
      },
      "id": "node/12985491230"
    },
    {
      "type": "Feature",
      "properties": {
        "@id": "node/12987546312",
        "addr:housenumber": "8A",
        "addr:street": "Đường Nguyễn Cảnh Chân",
        "air_conditioning": "no",
        "amenity": "restaurant",
        "check_date": "2025-07-08",
        "cuisine": "vietnamese",
        "diet:gluten_free": "yes",
        "diet:vegan": "yes",
        "diet:vegetarian": "only",
        "indoor_seating": "yes",
        "name": "Nhà Hàng Chay Hoa Ưu Đàm",
        "opening_hours": "Mo-Su 10:00-14:00,16:00-20:00",
        "outdoor_seating": "no",
        "phone": "+84707238338",
        "smoking": "no",
        "wheelchair": "no"
      },
      "geometry": {
        "type": "Point",
        "coordinates": [
          106.6861777,
          10.7601734
        ]
      },
      "id": "node/12987546312"
    },
    {
      "type": "Feature",
      "properties": {
        "@id": "node/12994135840",
        "addr:housenumber": "288",
        "addr:street": "Nguyễn Thị Minh Khai",
        "air_conditioning": "yes",
        "amenity": "restaurant",
        "check_date": "2025-07-11",
        "cuisine": "vietnamese;malaysian",
        "diet:gluten_free": "yes",
        "diet:vegan": "yes",
        "diet:vegetarian": "only",
        "indoor_seating": "yes",
        "name": "Araham",
        "opening_hours": "Mo-Su 08:00-21:00",
        "outdoor_seating": "no",
        "phone": "+84334255288",
        "smoking": "no",
        "website": "https://www.chayaraham.vn",
        "wheelchair": "limited"
      },
      "geometry": {
        "type": "Point",
        "coordinates": [
          106.6890213,
          10.7733831
        ]
      },
      "id": "node/12994135840"
    },
    {
      "type": "Feature",
      "properties": {
        "@id": "node/12995338830",
        "air_conditioning": "yes",
        "amenity": "restaurant",
        "cuisine": "international;western",
        "diet:gluten_free": "yes",
        "diet:vegan": "yes",
        "diet:vegetarian": "only",
        "indoor_seating": "yes",
        "name": "Pi Bistro",
        "outdoor_seating": "no",
        "phone": "+842862799920",
        "smoking": "no"
      },
      "geometry": {
        "type": "Point",
        "coordinates": [
          106.6942466,
          10.7864857
        ]
      },
      "id": "node/12995338830"
    },
    {
      "type": "Feature",
      "properties": {
        "@id": "node/12995891146",
        "amenity": "restaurant",
        "name": "PASTA CLUB"
      },
      "geometry": {
        "type": "Point",
        "coordinates": [
          106.7399389,
          10.8047339
        ]
      },
      "id": "node/12995891146"
    },
    {
      "type": "Feature",
      "properties": {
        "@id": "node/12998508683",
        "addr:city": "Thành phố Hồ Chí Minh",
        "addr:housenumber": "56",
        "addr:postcode": "700000",
        "addr:street": "Xuân Thuỷ",
        "addr:ward": "Phường An Khánh",
        "amenity": "restaurant",
        "cuisine": "vietnamese",
        "name": "Phở Bùi Gia Thảo Điền"
      },
      "geometry": {
        "type": "Point",
        "coordinates": [
          106.7318264,
          10.8030828
        ]
      },
      "id": "node/12998508683"
    },
    {
      "type": "Feature",
      "properties": {
        "@id": "node/12999590913",
        "addr:city": "Hồ Chí Minh",
        "addr:district": "Quận 2",
        "addr:housenumber": "199F",
        "addr:street": "Nguyễn Văn Hưởng",
        "addr:subdistrict": "Thảo Điền",
        "amenity": "restaurant",
        "cuisine": "tacos;pizza",
        "name": "Simple Place",
        "phone": "+84904421089"
      },
      "geometry": {
        "type": "Point",
        "coordinates": [
          106.7335904,
          10.8139864
        ]
      },
      "id": "node/12999590913"
    },
    {
      "type": "Feature",
      "properties": {
        "@id": "node/13001102155",
        "addr:city": "Hồ Chí Minh",
        "addr:district": "Thành phố Thủ Đức",
        "addr:housenumber": "88",
        "addr:postcode": "70000",
        "addr:province": "Thành phố Hồ Chí Minh",
        "addr:street": "Đường Song Hành",
        "addr:subdistrict": "An Phu",
        "amenity": "restaurant",
        "cuisine": "pizza",
        "name": "Pizza 4P's",
        "phone": "+84 19006043"
      },
      "geometry": {
        "type": "Point",
        "coordinates": [
          106.7489422,
          10.8019711
        ]
      },
      "id": "node/13001102155"
    },
    {
      "type": "Feature",
      "properties": {
        "@id": "node/13001116488",
        "addr:city": "Ho Chi Minh City",
        "addr:district": "Thành phố Thủ Đức",
        "addr:housenumber": "16",
        "addr:postcode": "70000",
        "addr:province": "Thành phố Hồ Chí Minh",
        "addr:street": "Thảo Điền",
        "addr:subdistrict": "Thảo Điền",
        "amenity": "restaurant",
        "cuisine": "taiwanese",
        "name": "Yeshi Taiwanese Kitchen",
        "phone": "+84 901317058"
      },
      "geometry": {
        "type": "Point",
        "coordinates": [
          106.7368769,
          10.804997
        ]
      },
      "id": "node/13001116488"
    },
    {
      "type": "Feature",
      "properties": {
        "@id": "node/13001138345",
        "addr:city": "Ho Chi Minh CIty",
        "addr:district": "Thành phố Thủ Đức",
        "addr:housenumber": "106",
        "addr:postcode": "70000",
        "addr:province": "Thành phố Hồ Chí Minh",
        "addr:street": "Xuân Thuỷ",
        "addr:subdistrict": "Phường Thảo Điền",
        "amenity": "restaurant",
        "cuisine": "ice_cream",
        "name": "MANUKA.MEE"
      },
      "geometry": {
        "type": "Point",
        "coordinates": [
          106.7359928,
          10.8038328
        ]
      },
      "id": "node/13001138345"
    },
    {
      "type": "Feature",
      "properties": {
        "@id": "node/13002210246",
        "addr:city": "Thành phố Hồ Chí Minh",
        "addr:district": "Quận 2",
        "addr:housenumber": "64",
        "addr:postcode": "700000",
        "addr:province": "Hồ Chí Minh",
        "addr:street": "Xuân Thuỷ",
        "addr:subdistrict": "Thảo Điền",
        "amenity": "restaurant",
        "cuisine": "smoothie",
        "name": "Sinh Tố - Xuân Thủy"
      },
      "geometry": {
        "type": "Point",
        "coordinates": [
          106.7320594,
          10.8031882
        ]
      },
      "id": "node/13002210246"
    },
    {
      "type": "Feature",
      "properties": {
        "@id": "node/13005603021",
        "addr:housenumber": "342C",
        "addr:street": "Cách Mạng Tháng 8",
        "amenity": "restaurant",
        "changing_table": "no",
        "check_date": "2025-09-27",
        "check_date:diet:gluten_free": "2025-09-27",
        "check_date:diet:halal": "2025-09-27",
        "cuisine": "vietnamese",
        "diet:gluten_free": "no",
        "diet:halal": "yes",
        "diet:vegan": "yes",
        "diet:vegetarian": "only",
        "indoor_seating": "no",
        "name": "Bánh Mì Chay Khôi",
        "opening_hours": "Mo-Su 06:00-21:00",
        "outdoor_seating": "no",
        "payment:credit_cards": "no",
        "payment:debit_cards": "no",
        "phone": "+84934076334",
        "takeaway": "only",
        "wheelchair": "yes"
      },
      "geometry": {
        "type": "Point",
        "coordinates": [
          106.674839,
          10.7815689
        ]
      },
      "id": "node/13005603021"
    },
    {
      "type": "Feature",
      "properties": {
        "@id": "node/13011555600",
        "addr:housenumber": "22",
        "addr:street": "Hẻm 319 Đường Lê Đức Thọ",
        "air_conditioning": "yes",
        "amenity": "restaurant",
        "check_date": "2025-07-19",
        "cuisine": "vietnamese",
        "diet:gluten_free": "yes",
        "diet:vegan": "yes",
        "diet:vegetarian": "only",
        "indoor_seating": "yes",
        "name": "Ẩm Thực Chay Hương Sen",
        "opening_hours": "Mo-Su 07:00-21:00",
        "outdoor_seating": "no",
        "phone": "+84949031959",
        "smoking": "no",
        "website": "https://nhahangchayhuongsen.com",
        "wheelchair": "no"
      },
      "geometry": {
        "type": "Point",
        "coordinates": [
          106.6561554,
          10.8457405
        ]
      },
      "id": "node/13011555600"
    },
    {
      "type": "Feature",
      "properties": {
        "@id": "node/13013108501",
        "addr:housenumber": "61A",
        "addr:street": "Nguyễn Văn Đậu",
        "amenity": "restaurant",
        "internet_access": "wlan",
        "name": "Trung Tâm Yến Tiệc Và Hội Nghị Amor Resort",
        "opening_hours": "Mo-Su 08:00-22:00",
        "website": "https://amorresort.com.vn/"
      },
      "geometry": {
        "type": "Point",
        "coordinates": [
          106.687733,
          10.8080456
        ]
      },
      "id": "node/13013108501"
    },
    {
      "type": "Feature",
      "properties": {
        "@id": "node/13015375442",
        "addr:housenumber": "152",
        "addr:street": "Nguyễn Trọng Tuyển",
        "air_conditioning": "yes",
        "amenity": "restaurant",
        "check_date": "2025-07-21",
        "cuisine": "vietnamese",
        "diet:gluten_free": "yes",
        "diet:vegan": "yes",
        "diet:vegetarian": "only",
        "indoor_seating": "yes",
        "name": "An Yên",
        "outdoor_seating": "no",
        "phone": "+84397646600",
        "smoking": "no"
      },
      "geometry": {
        "type": "Point",
        "coordinates": [
          106.6762701,
          10.7976089
        ]
      },
      "id": "node/13015375442"
    },
    {
      "type": "Feature",
      "properties": {
        "@id": "node/13039147360",
        "air_conditioning": "yes",
        "amenity": "restaurant",
        "bar": "yes",
        "check_date": "30-07-2025",
        "cuisine": "indian",
        "internet_access": "yes",
        "internet_access:fee": "no",
        "level": "2",
        "name": "Curry-licious",
        "smoking": "no"
      },
      "geometry": {
        "type": "Point",
        "coordinates": [
          106.7038982,
          10.776982
        ]
      },
      "id": "node/13039147360"
    },
    {
      "type": "Feature",
      "properties": {
        "@id": "node/13061276101",
        "amenity": "restaurant",
        "cuisine": "vietnamese",
        "name": "Nhà Tú"
      },
      "geometry": {
        "type": "Point",
        "coordinates": [
          106.6895763,
          10.7751942
        ]
      },
      "id": "node/13061276101"
    },
    {
      "type": "Feature",
      "properties": {
        "@id": "node/13068560784",
        "air_conditioning": "yes",
        "amenity": "restaurant",
        "check_date": "2025-08-13",
        "cuisine": "vietnamese;hotpot",
        "diet:gluten_free": "yes",
        "diet:vegan": "yes",
        "diet:vegetarian": "yes",
        "indoor_seating": "yes",
        "level": "1",
        "name": "Buffet Lẩu Rau Nấm Vua Rau",
        "outdoor_seating": "no",
        "phone": "+841900633789",
        "smoking": "no",
        "wheelchair": "no"
      },
      "geometry": {
        "type": "Point",
        "coordinates": [
          106.6841959,
          10.7900547
        ]
      },
      "id": "node/13068560784"
    },
    {
      "type": "Feature",
      "properties": {
        "@id": "node/13069078919",
        "air_conditioning": "yes",
        "amenity": "restaurant",
        "changing_table": "no",
        "cuisine": "vietnamese",
        "diet:gluten_free": "yes",
        "diet:halal": "yes",
        "diet:vegan": "yes",
        "diet:vegetarian": "only",
        "indoor_seating": "yes",
        "name": "Nhà Hàng Chay Mọc Nhiên",
        "opening_hours": "Mo-Su 10:00-22:00",
        "outdoor_seating": "no",
        "phone": "+84903981999",
        "smoking": "no",
        "wheelchair": "yes"
      },
      "geometry": {
        "type": "Point",
        "coordinates": [
          106.6819034,
          10.7868811
        ]
      },
      "id": "node/13069078919"
    },
    {
      "type": "Feature",
      "properties": {
        "@id": "node/13070219394",
        "air_conditioning": "yes",
        "amenity": "restaurant",
        "cuisine": "vietnamese",
        "diet:gluten_free": "yes",
        "diet:vegan": "yes",
        "diet:vegetarian": "only",
        "indoor_seating": "yes",
        "name": "Soha plant-based",
        "outdoor_seating": "no",
        "smoking": "no"
      },
      "geometry": {
        "type": "Point",
        "coordinates": [
          106.7407569,
          10.8061023
        ]
      },
      "id": "node/13070219394"
    },
    {
      "type": "Feature",
      "properties": {
        "@id": "node/13073542040",
        "air_conditioning": "yes",
        "amenity": "restaurant",
        "cuisine": "western",
        "diet:gluten_free": "yes",
        "diet:halal": "yes",
        "diet:vegan": "only",
        "diet:vegetarian": "only",
        "indoor_seating": "yes",
        "name": "Roots Plant-based Cafe",
        "opening_hours": "Mo-Su 07:30-22:30",
        "outdoor_seating": "no",
        "smoking": "no",
        "wheelchair": "no"
      },
      "geometry": {
        "type": "Point",
        "coordinates": [
          106.6973898,
          10.7740117
        ]
      },
      "id": "node/13073542040"
    },
    {
      "type": "Feature",
      "properties": {
        "@id": "node/13074116952",
        "addr:housenumber": "T6",
        "addr:street": "Đường Nguyễn Hữu Hào",
        "air_conditioning": "yes",
        "amenity": "restaurant",
        "check_date": "2025-08-16",
        "cuisine": "vietnamese",
        "diet:gluten_free": "yes",
        "diet:vegan": "yes",
        "diet:vegetarian": "only",
        "indoor_seating": "yes",
        "name": "Nhà Hàng Thuần Chay Nhất Tâm",
        "opening_hours": "Mo-Su 09:00-14:00,16:00-21:00",
        "outdoor_seating": "no",
        "phone": "+84938638693",
        "smoking": "no",
        "wheelchair": "no"
      },
      "geometry": {
        "type": "Point",
        "coordinates": [
          106.7018137,
          10.7602288
        ]
      },
      "id": "node/13074116952"
    },
    {
      "type": "Feature",
      "properties": {
        "@id": "node/13075412253",
        "addr:housenumber": "127",
        "addr:street": "Đinh Tiên Hoàng",
        "air_conditioning": "no",
        "amenity": "restaurant",
        "check_date": "2025-08-17",
        "cuisine": "vietnamese",
        "diet:gluten_free": "yes",
        "diet:vegan": "yes",
        "diet:vegetarian": "yes",
        "indoor_seating": "yes",
        "name": "Bánh Cuốn Tây Hồ 127",
        "opening_hours": "Mo-Su 05:30-21:30",
        "outdoor_seating": "sidewalk",
        "phone": "+84777749669",
        "smoking": "outside",
        "wheelchair": "no"
      },
      "geometry": {
        "type": "Point",
        "coordinates": [
          106.696988,
          10.7907465
        ]
      },
      "id": "node/13075412253"
    },
    {
      "type": "Feature",
      "properties": {
        "@id": "node/13075716895",
        "addr:housenumber": "143",
        "addr:street": "Hồ Văn Huê",
        "air_conditioning": "yes",
        "amenity": "restaurant",
        "check_date": "2025-08-17",
        "cuisine": "vietnamese",
        "diet:gluten_free": "yes",
        "diet:vegan": "yes",
        "diet:vegetarian": "only",
        "indoor_seating": "yes",
        "name": "Nhà Hàng Chay Hương Sen",
        "opening_hours": "Mo-Su 09:00-14:00,16:00-21:00",
        "outdoor_seating": "no",
        "phone": "+842835039857",
        "smoking": "no",
        "wheelchair": "no"
      },
      "geometry": {
        "type": "Point",
        "coordinates": [
          106.6792709,
          10.811184
        ]
      },
      "id": "node/13075716895"
    },
    {
      "type": "Feature",
      "properties": {
        "@id": "node/13077669801",
        "amenity": "restaurant",
        "name": "Xích Lô"
      },
      "geometry": {
        "type": "Point",
        "coordinates": [
          106.6944624,
          10.7666487
        ]
      },
      "id": "node/13077669801"
    },
    {
      "type": "Feature",
      "properties": {
        "@id": "node/13081655342",
        "air_conditioning": "yes",
        "amenity": "restaurant",
        "cuisine": "vietnamese",
        "diet:gluten_free": "yes",
        "diet:halal": "yes",
        "diet:vegan": "yes",
        "diet:vegetarian": "only",
        "indoor_seating": "yes",
        "name": "Nhà Hàng Mộc Chay",
        "outdoor_seating": "no",
        "payment:credit_cards": "yes",
        "payment:debit_cards": "yes",
        "phone": "+84967380886",
        "smoking": "no",
        "wheelchair": "no"
      },
      "geometry": {
        "type": "Point",
        "coordinates": [
          106.633553,
          10.8016736
        ]
      },
      "id": "node/13081655342"
    },
    {
      "type": "Feature",
      "properties": {
        "@id": "node/13084187301",
        "amenity": "restaurant",
        "name": "Thúy Hiền"
      },
      "geometry": {
        "type": "Point",
        "coordinates": [
          106.6965101,
          10.7876478
        ]
      },
      "id": "node/13084187301"
    },
    {
      "type": "Feature",
      "properties": {
        "@id": "node/13084214910",
        "air_conditioning": "no",
        "amenity": "restaurant",
        "changing_table": "no",
        "cuisine": "vietnamese",
        "diet:gluten_free": "yes",
        "diet:vegan": "yes",
        "diet:vegetarian": "only",
        "indoor_seating": "yes",
        "name": "Bếp Chay Nhà Zen",
        "outdoor_seating": "no",
        "phone": "+84931806068",
        "smoking": "no",
        "wheelchair": "no"
      },
      "geometry": {
        "type": "Point",
        "coordinates": [
          106.6560902,
          10.7874334
        ]
      },
      "id": "node/13084214910"
    },
    {
      "type": "Feature",
      "properties": {
        "@id": "node/13088983251",
        "air_conditioning": "yes",
        "amenity": "restaurant",
        "cuisine": "vietnamese",
        "diet:gluten_free": "yes",
        "diet:vegan": "yes",
        "diet:vegetarian": "only",
        "indoor_seating": "yes",
        "name": "Cát Vàng Chay",
        "outdoor_seating": "no",
        "smoking": "no",
        "wheelchair": "no"
      },
      "geometry": {
        "type": "Point",
        "coordinates": [
          106.6114582,
          10.7494897
        ]
      },
      "id": "node/13088983251"
    },
    {
      "type": "Feature",
      "properties": {
        "@id": "node/13092457902",
        "air_conditioning": "yes",
        "amenity": "restaurant",
        "cuisine": "japanese",
        "diet:gluten_free": "yes",
        "diet:vegan": "yes",
        "diet:vegetarian": "only",
        "indoor_seating": "yes",
        "name": "CELA Nhà Hàng Chay",
        "opening_hours": "Mo-Su 11:00-15:00,18:00-23:00",
        "outdoor_seating": "no",
        "phone": "+84949080725",
        "smoking": "no",
        "wheelchair": "no"
      },
      "geometry": {
        "type": "Point",
        "coordinates": [
          106.6970289,
          10.7890424
        ]
      },
      "id": "node/13092457902"
    },
    {
      "type": "Feature",
      "properties": {
        "@id": "node/13100412057",
        "addr:housenumber": "42",
        "addr:postcode": "700000",
        "addr:street": "Nguyễn Huệ",
        "air_conditioning": "yes",
        "amenity": "restaurant",
        "cuisine": "vietnamese;asian",
        "diet:gluten_free": "yes",
        "diet:vegan": "yes",
        "diet:vegetarian": "only",
        "indoor_seating": "yes",
        "level": "4",
        "name": "21 Grams Chay",
        "opening_hours": "Mo-Su 10:00-22:00",
        "outdoor_seating": "no",
        "phone": "0933 554 966",
        "smoking": "no",
        "wheelchair": "no"
      },
      "geometry": {
        "type": "Point",
        "coordinates": [
          106.7042586,
          10.7740948
        ]
      },
      "id": "node/13100412057"
    },
    {
      "type": "Feature",
      "properties": {
        "@id": "node/13100443359",
        "air_conditioning": "yes",
        "amenity": "restaurant",
        "cuisine": "vietnamese;asian;international",
        "diet:gluten_free": "yes",
        "diet:halal": "yes",
        "diet:vegan": "yes",
        "diet:vegetarian": "only",
        "indoor_seating": "yes",
        "name": "Tuệ Marina Chay",
        "outdoor_seating": "no",
        "phone": "+84923093838",
        "smoking": "no",
        "wheelchair": "yes"
      },
      "geometry": {
        "type": "Point",
        "coordinates": [
          106.7080781,
          10.7815956
        ]
      },
      "id": "node/13100443359"
    },
    {
      "type": "Feature",
      "properties": {
        "@id": "node/13105739401",
        "air_conditioning": "no",
        "amenity": "restaurant",
        "cuisine": "vietnamese",
        "diet:gluten_free": "yes",
        "diet:vegan": "yes",
        "diet:vegetarian": "only",
        "indoor_seating": "yes",
        "name": "Quán Lục Lạc Cơm Chay 15.000",
        "outdoor_seating": "no",
        "smoking": "no",
        "wheelchair": "no"
      },
      "geometry": {
        "type": "Point",
        "coordinates": [
          106.6396567,
          10.7846465
        ]
      },
      "id": "node/13105739401"
    },
    {
      "type": "Feature",
      "properties": {
        "@id": "node/13113995270",
        "air_conditioning": "yes",
        "amenity": "restaurant",
        "cuisine": "vietnamese",
        "diet:gluten_free": "yes",
        "diet:halal": "yes",
        "diet:vegan": "yes",
        "diet:vegetarian": "only",
        "indoor_seating": "yes",
        "name": "Nhá Háng Chay Thiền Trúc",
        "outdoor_seating": "veranda",
        "phone": "+8477277707",
        "smoking": "no",
        "wheelchair": "no"
      },
      "geometry": {
        "type": "Point",
        "coordinates": [
          106.7138542,
          10.8396644
        ]
      },
      "id": "node/13113995270"
    },
    {
      "type": "Feature",
      "properties": {
        "@id": "node/13116152900",
        "air_conditioning": "yes",
        "amenity": "restaurant",
        "cuisine": "vietnamese",
        "diet:gluten_free": "yes",
        "diet:halal": "yes",
        "diet:vegan": "yes",
        "diet:vegetarian": "only",
        "indoor_seating": "yes",
        "name": "Metta Chay",
        "outdoor_seating": "no",
        "smoking": "no"
      },
      "geometry": {
        "type": "Point",
        "coordinates": [
          106.6881372,
          10.782228
        ]
      },
      "id": "node/13116152900"
    },
    {
      "type": "Feature",
      "properties": {
        "@id": "node/13123266374",
        "air_conditioning": "yes",
        "amenity": "restaurant",
        "cuisine": "vietnamese",
        "diet:gluten_free": "yes",
        "diet:halal": "yes",
        "diet:vegan": "yes",
        "diet:vegetarian": "only",
        "indoor_seating": "yes",
        "name": "Ẩm Thực Chay Thiên An",
        "outdoor_seating": "no",
        "smoking": "no",
        "wheelchair": "no"
      },
      "geometry": {
        "type": "Point",
        "coordinates": [
          106.6641851,
          10.804531
        ]
      },
      "id": "node/13123266374"
    },
    {
      "type": "Feature",
      "properties": {
        "@id": "node/13124835051",
        "amenity": "restaurant",
        "cuisine": "vietnamese",
        "diet:gluten_free": "yes",
        "diet:halal": "yes",
        "diet:vegan": "yes",
        "diet:vegetarian": "only",
        "indoor_seating": "yes",
        "name": "Cục Gạch Chay",
        "outdoor_seating": "no",
        "smoking": "no"
      },
      "geometry": {
        "type": "Point",
        "coordinates": [
          106.6918273,
          10.7907933
        ]
      },
      "id": "node/13124835051"
    },
    {
      "type": "Feature",
      "properties": {
        "@id": "node/13133056377",
        "amenity": "restaurant",
        "changing_table": "no",
        "cuisine": "vietnamese;asian",
        "diet:gluten_free": "no",
        "diet:halal": "yes",
        "diet:vegan": "yes",
        "diet:vegetarian": "yes",
        "indoor_seating": "no",
        "name": "Saigon Chay Vegan House",
        "outdoor_seating": "veranda",
        "phone": "+84903898058",
        "smoking": "no",
        "wheelchair": "yes"
      },
      "geometry": {
        "type": "Point",
        "coordinates": [
          106.6770503,
          10.7860878
        ]
      },
      "id": "node/13133056377"
    },
    {
      "type": "Feature",
      "properties": {
        "@id": "node/13138020239",
        "air_conditioning": "yes",
        "amenity": "restaurant",
        "cuisine": "vietnamese",
        "diet:gluten_free": "yes",
        "diet:halal": "yes",
        "diet:vegan": "yes",
        "diet:vegetarian": "only",
        "indoor_seating": "yes",
        "name": "Bếp Chay An Nhiên Viên",
        "outdoor_seating": "no",
        "phone": "+84368823933",
        "smoking": "no",
        "wheelchair": "no"
      },
      "geometry": {
        "type": "Point",
        "coordinates": [
          106.6747281,
          10.7757418
        ]
      },
      "id": "node/13138020239"
    },
    {
      "type": "Feature",
      "properties": {
        "@id": "node/13140342470",
        "air_conditioning": "yes",
        "amenity": "restaurant",
        "cuisine": "vietnamese",
        "diet:gluten_free": "yes",
        "diet:halal": "yes",
        "diet:vegan": "yes",
        "diet:vegetarian": "only",
        "indoor_seating": "yes",
        "name": "Thiền Trúc",
        "outdoor_seating": "no",
        "smoking": "no",
        "wheelchair": "yes"
      },
      "geometry": {
        "type": "Point",
        "coordinates": [
          106.6901861,
          10.793772
        ]
      },
      "id": "node/13140342470"
    },
    {
      "type": "Feature",
      "properties": {
        "@id": "node/13143681464",
        "addr:housenumber": "24B",
        "addr:street": "Xuân Thuỷ",
        "amenity": "restaurant",
        "name": "Yummy Cơm Gà Hải Nam"
      },
      "geometry": {
        "type": "Point",
        "coordinates": [
          106.7288423,
          10.8027151
        ]
      },
      "id": "node/13143681464"
    },
    {
      "type": "Feature",
      "properties": {
        "@id": "node/13144341415",
        "air_conditioning": "yes",
        "amenity": "restaurant",
        "cuisine": "vietnamese",
        "diet:gluten_free": "yes",
        "diet:halal": "yes",
        "diet:vegan": "yes",
        "diet:vegetarian": "only",
        "indoor_seating": "yes",
        "name": "Nhà Hàng Chay Nhoàn",
        "outdoor_seating": "no",
        "smoking": "no",
        "wheelchair": "no"
      },
      "geometry": {
        "type": "Point",
        "coordinates": [
          106.7536087,
          10.8089617
        ]
      },
      "id": "node/13144341415"
    },
    {
      "type": "Feature",
      "properties": {
        "@id": "node/13146519451",
        "addr:housenumber": "334",
        "addr:postcode": "71516",
        "addr:province": "Thành phố Hồ Chí Minh",
        "addr:street": "Hà Huy Giáp",
        "addr:subdistrict": "Phường An Phú Đông",
        "amenity": "restaurant",
        "cuisine": "regional",
        "name": "Quán cơm tấm, bún thịt nướng"
      },
      "geometry": {
        "type": "Point",
        "coordinates": [
          106.6802935,
          10.8658921
        ]
      },
      "id": "node/13146519451"
    },
    {
      "type": "Feature",
      "properties": {
        "@id": "node/13146519464",
        "addr:housenumber": "19",
        "addr:postcode": "71516",
        "addr:province": "Thành phố Hồ Chí Minh",
        "addr:street": "Thạnh Lộc 19",
        "addr:subdistrict": "Phường An Phú Đông",
        "amenity": "restaurant",
        "mapillary": "1411881263095612",
        "name": "Quán Võ Lâm"
      },
      "geometry": {
        "type": "Point",
        "coordinates": [
          106.6809868,
          10.866655
        ]
      },
      "id": "node/13146519464"
    },
    {
      "type": "Feature",
      "properties": {
        "@id": "node/13146519467",
        "addr:housenumber": "35",
        "addr:postcode": "71516",
        "addr:province": "Thành phố Hồ Chí Minh",
        "addr:street": "Thạnh Lộc 19",
        "addr:subdistrict": "Phường An Phú Đông",
        "amenity": "restaurant",
        "cuisine": "regional",
        "name": "Quán ăn Rảnh là ghé",
        "phone": "0941742288"
      },
      "geometry": {
        "type": "Point",
        "coordinates": [
          106.6811817,
          10.8668373
        ]
      },
      "id": "node/13146519467"
    },
    {
      "type": "Feature",
      "properties": {
        "@id": "node/13146519482",
        "addr:housenumber": "59",
        "addr:postcode": "71516",
        "addr:province": "Thành phố Hồ Chí Minh",
        "addr:street": "Thạnh Lộc 19",
        "addr:subdistrict": "Phường An Phú Đông",
        "amenity": "restaurant",
        "cuisine": "regional",
        "name": "Quán hủ tiếu, cơm tấm"
      },
      "geometry": {
        "type": "Point",
        "coordinates": [
          106.6819195,
          10.867725
        ]
      },
      "id": "node/13146519482"
    },
    {
      "type": "Feature",
      "properties": {
        "@id": "node/13146519486",
        "addr:housenumber": "81-83",
        "addr:postcode": "71516",
        "addr:province": "Thành phố Hồ Chí Minh",
        "addr:street": "Thạnh Lộc 19",
        "addr:subdistrict": "Phường An Phú Đông",
        "amenity": "restaurant",
        "name": "Quán ăn Tài ký"
      },
      "geometry": {
        "type": "Point",
        "coordinates": [
          106.682662,
          10.8687721
        ]
      },
      "id": "node/13146519486"
    },
    {
      "type": "Feature",
      "properties": {
        "@id": "node/13146519490",
        "addr:housenumber": "89",
        "addr:postcode": "71516",
        "addr:province": "Thành phố Hồ Chí Minh",
        "addr:street": "Thạnh Lộc 19",
        "addr:subdistrict": "Phường An Phú Đông",
        "amenity": "restaurant",
        "name": "Quán ăn gia đình Nam Sơn"
      },
      "geometry": {
        "type": "Point",
        "coordinates": [
          106.6828773,
          10.8690062
        ]
      },
      "id": "node/13146519490"
    },
    {
      "type": "Feature",
      "properties": {
        "@id": "node/13146961820",
        "air_conditioning": "yes",
        "amenity": "restaurant",
        "cuisine": "cantonese;vietnamese",
        "diet:gluten_free": "yes",
        "diet:halal": "yes",
        "diet:vegan": "yes",
        "diet:vegetarian": "only",
        "indoor_seating": "yes",
        "name": "Chay Thiện Quang",
        "opening_hours": "Mo-Su 10:00-21:00",
        "outdoor_seating": "sidewalk",
        "phone": "+84376188868",
        "smoking": "no",
        "toilets:wheelchair": "no",
        "wheelchair": "limited"
      },
      "geometry": {
        "type": "Point",
        "coordinates": [
          106.6611946,
          10.7593199
        ]
      },
      "id": "node/13146961820"
    },
    {
      "type": "Feature",
      "properties": {
        "@id": "node/13157489160",
        "amenity": "restaurant",
        "cuisine": "vietnamese",
        "diet:gluten_free": "yes",
        "diet:halal": "yes",
        "diet:vegan": "only",
        "diet:vegetarian": "only",
        "indoor_seating": "yes",
        "name": "Quán An Chay",
        "opening_hours": "Mo-Su 10:30-21:00",
        "outdoor_seating": "no",
        "smoking": "no",
        "wheelchair": "no"
      },
      "geometry": {
        "type": "Point",
        "coordinates": [
          106.6924219,
          10.7959189
        ]
      },
      "id": "node/13157489160"
    },
    {
      "type": "Feature",
      "properties": {
        "@id": "node/13157747549",
        "air_conditioning": "yes",
        "amenity": "restaurant",
        "cuisine": "vietnamese",
        "diet:gluten_free": "yes",
        "diet:halal": "yes",
        "diet:vegan": "yes",
        "diet:vegetarian": "only",
        "indoor_seating": "yes",
        "name": "Nhà Hàng Chay San May",
        "outdoor_seating": "no",
        "smoking": "no",
        "wheelchair": "limited"
      },
      "geometry": {
        "type": "Point",
        "coordinates": [
          106.6982345,
          10.789009
        ]
      },
      "id": "node/13157747549"
    },
    {
      "type": "Feature",
      "properties": {
        "@id": "node/13159102810",
        "amenity": "restaurant",
        "name": "Quán chay Diệu Quyên",
        "opening_hours": "Mo-Su 07:00-19:00"
      },
      "geometry": {
        "type": "Point",
        "coordinates": [
          106.798902,
          10.8467031
        ]
      },
      "id": "node/13159102810"
    },
    {
      "type": "Feature",
      "properties": {
        "@id": "node/13165046921",
        "air_conditioning": "yes",
        "amenity": "restaurant",
        "changing_table": "yes",
        "cuisine": "vietnamese;buffet",
        "diet:gluten_free": "yes",
        "diet:halal": "yes",
        "diet:vegan": "yes",
        "diet:vegetarian": "only",
        "indoor_seating": "yes",
        "name": "Buffet Chay D'Gemma",
        "outdoor_seating": "no",
        "phone": "+84819900991",
        "smoking": "no",
        "website": "https://www.dgemma.vn",
        "wheelchair": "yes"
      },
      "geometry": {
        "type": "Point",
        "coordinates": [
          106.6807932,
          10.7760788
        ]
      },
      "id": "node/13165046921"
    },
    {
      "type": "Feature",
      "properties": {
        "@id": "node/13166985278",
        "amenity": "restaurant",
        "name": "Quán chay Thôi Kệ",
        "opening_hours": "Mo-Su 06:00-20:00"
      },
      "geometry": {
        "type": "Point",
        "coordinates": [
          106.7967492,
          10.8462053
        ]
      },
      "id": "node/13166985278"
    },
    {
      "type": "Feature",
      "properties": {
        "@id": "node/13166996058",
        "amenity": "restaurant",
        "name": "Cơm chay Thiện Tâm",
        "opening_hours": "Mo-Su 06:30-20:30"
      },
      "geometry": {
        "type": "Point",
        "coordinates": [
          106.7983766,
          10.8421706
        ]
      },
      "id": "node/13166996058"
    },
    {
      "type": "Feature",
      "properties": {
        "@id": "node/13173349905",
        "air_conditioning": "yes",
        "amenity": "restaurant",
        "cuisine": "vietnamese",
        "diet:gluten_free": "yes",
        "diet:halal": "yes",
        "diet:vegan": "only",
        "diet:vegetarian": "only",
        "indoor_seating": "yes",
        "name": "Nhà Hàng Chay Diệu Hạnh",
        "outdoor_seating": "no",
        "phone": "+84896610808",
        "smoking": "no",
        "wheelchair": "no"
      },
      "geometry": {
        "type": "Point",
        "coordinates": [
          106.7136439,
          10.778921
        ]
      },
      "id": "node/13173349905"
    },
    {
      "type": "Feature",
      "properties": {
        "@id": "node/13174800700",
        "air_conditioning": "yes",
        "amenity": "restaurant",
        "changing_table": "no",
        "cuisine": "vietnamese",
        "diet:gluten_free": "yes",
        "diet:halal": "yes",
        "diet:vegan": "only",
        "diet:vegetarian": "only",
        "indoor_seating": "yes",
        "name": "Bếp Chay Đế Thính",
        "outdoor_seating": "no",
        "smoking": "no",
        "wheelchair": "no"
      },
      "geometry": {
        "type": "Point",
        "coordinates": [
          106.6672225,
          10.7942711
        ]
      },
      "id": "node/13174800700"
    },
    {
      "type": "Feature",
      "properties": {
        "@id": "node/13175463463",
        "amenity": "restaurant",
        "name": "Lẩu chay Thiện Ý 2",
        "opening_hours": "Mo-Su 09:30-21:30"
      },
      "geometry": {
        "type": "Point",
        "coordinates": [
          106.7676759,
          10.8319009
        ]
      },
      "id": "node/13175463463"
    },
    {
      "type": "Feature",
      "properties": {
        "@id": "node/13175465091",
        "amenity": "restaurant",
        "name": "Cơm chay Phước Thiện",
        "opening_hours": "Mo-Su 07:00-19:00"
      },
      "geometry": {
        "type": "Point",
        "coordinates": [
          106.7673134,
          10.8319795
        ]
      },
      "id": "node/13175465091"
    },
    {
      "type": "Feature",
      "properties": {
        "@id": "node/13176290302",
        "air_conditioning": "yes",
        "amenity": "restaurant",
        "cuisine": "korean",
        "diet:gluten_free": "no",
        "diet:halal": "yes",
        "diet:vegan": "yes",
        "diet:vegetarian": "yes",
        "indoor_seating": "yes",
        "name": "Sasin Mì Cay Hàn Quốc",
        "outdoor_seating": "no",
        "smoking": "no",
        "wheelchair": "no"
      },
      "geometry": {
        "type": "Point",
        "coordinates": [
          106.6664108,
          10.7955707
        ]
      },
      "id": "node/13176290302"
    },
    {
      "type": "Feature",
      "properties": {
        "@id": "node/13183808690",
        "air_conditioning": "yes",
        "amenity": "restaurant",
        "cuisine": "vietnamese",
        "diet:gluten_free": "yes",
        "diet:halal": "yes",
        "diet:vegan": "yes",
        "diet:vegetarian": "only",
        "indoor_seating": "yes",
        "name": "Nhà Hàng Chay Vĩnh Nghiêm",
        "opening_hours": "Mo-Su 07:00-14:00,16:00-20:30",
        "outdoor_seating": "no",
        "phone": "+842838481829",
        "smoking": "no",
        "wheelchair": "no"
      },
      "geometry": {
        "type": "Point",
        "coordinates": [
          106.6826279,
          10.79042
        ]
      },
      "id": "node/13183808690"
    },
    {
      "type": "Feature",
      "properties": {
        "@id": "node/13185847339",
        "air_conditioning": "yes",
        "amenity": "restaurant",
        "cuisine": "vietnamese;hotpot",
        "diet:gluten_free": "yes",
        "diet:halal": "only",
        "diet:vegan": "only",
        "diet:vegetarian": "only",
        "indoor_seating": "yes",
        "name": "Vườn Chay Giác Duyên",
        "outdoor_seating": "no",
        "phone": "+84961180979",
        "smoking": "no",
        "wheelchair": "no"
      },
      "geometry": {
        "type": "Point",
        "coordinates": [
          106.6911673,
          10.7926915
        ]
      },
      "id": "node/13185847339"
    },
    {
      "type": "Feature",
      "properties": {
        "@id": "node/13186166078",
        "addr:city": "Thành phố Hồ Chí Minh",
        "addr:housenumber": "532/28/32",
        "addr:street": "Hẻm 532/28 Khu Y Tế Kỹ Thuật Cao",
        "addr:ward": "Phường An Lạc",
        "air_conditioning": "no",
        "amenity": "restaurant",
        "check_date": "2025-09-17",
        "cuisine": "vietnamese",
        "delivery": "yes",
        "description": "Bánh tầm cari",
        "name": "Quán Hoa Đào",
        "opening_hours": "Mo-Su 06:00-21:00",
        "outdoor_seating": "yes",
        "payment:cash": "yes",
        "payment:qr_code": "yes",
        "takeaway": "yes",
        "wheelchair": "limited"
      },
      "geometry": {
        "type": "Point",
        "coordinates": [
          106.612455,
          10.7378429
        ]
      },
      "id": "node/13186166078"
    },
    {
      "type": "Feature",
      "properties": {
        "@id": "node/13190504585",
        "air_conditioning": "yes",
        "amenity": "restaurant",
        "changing_table": "no",
        "cuisine": "vietnamese",
        "diet:gluten_free": "yes",
        "diet:halal": "yes",
        "diet:vegan": "yes",
        "diet:vegetarian": "only",
        "indoor_seating": "yes",
        "name": "Soha Nhà Chay",
        "outdoor_seating": "no",
        "phone": "+84903001800",
        "smoking": "no",
        "toilets:wheelchair": "no",
        "wheelchair": "limited"
      },
      "geometry": {
        "type": "Point",
        "coordinates": [
          106.6962704,
          10.7721912
        ]
      },
      "id": "node/13190504585"
    },
    {
      "type": "Feature",
      "properties": {
        "@id": "node/13191984780",
        "air_conditioning": "yes",
        "amenity": "restaurant",
        "cuisine": "vietnamese;japanese;international;teahouse",
        "diet:gluten_free": "yes",
        "diet:halal": "yes",
        "diet:vegan": "yes",
        "diet:vegetarian": "only",
        "indoor_seating": "yes",
        "name": "Quan Tea",
        "opening_hours": "Tu-Fr 10:30-21:30; Sa,Su 08:00-21:30",
        "outdoor_seating": "sidewalk",
        "smoking": "no",
        "wheelchair": "yes"
      },
      "geometry": {
        "type": "Point",
        "coordinates": [
          106.7124566,
          10.7673324
        ]
      },
      "id": "node/13191984780"
    },
    {
      "type": "Feature",
      "properties": {
        "@id": "node/13192267855",
        "air_conditioning": "yes",
        "amenity": "restaurant",
        "cuisine": "vietnamese",
        "diet:gluten_free": "yes",
        "diet:halal": "yes",
        "diet:vegan": "yes",
        "diet:vegetarian": "only",
        "indoor_seating": "yes",
        "name": "Quán Chay Pháp Uyển",
        "outdoor_seating": "veranda",
        "phone": "+842835035579",
        "smoking": "no",
        "wheelchair": "limited"
      },
      "geometry": {
        "type": "Point",
        "coordinates": [
          106.6892193,
          10.8048579
        ]
      },
      "id": "node/13192267855"
    },
    {
      "type": "Feature",
      "properties": {
        "@id": "node/13195623854",
        "air_conditioning": "yes",
        "amenity": "restaurant",
        "changing_table": "no",
        "cuisine": "vietnamese;japanese",
        "diet:gluten_free": "yes",
        "diet:halal": "yes",
        "diet:vegan": "yes",
        "diet:vegetarian": "only",
        "indoor_seating": "yes",
        "name": "Nhà Hàng Chay Vô Úy",
        "opening_hours": "Mo-Su 10:00-14:00,17:00-21:00",
        "outdoor_seating": "no",
        "phone": "+84902353527",
        "smoking": "no",
        "wheelchair": "no"
      },
      "geometry": {
        "type": "Point",
        "coordinates": [
          106.6703588,
          10.8355182
        ]
      },
      "id": "node/13195623854"
    },
    {
      "type": "Feature",
      "properties": {
        "@id": "node/13200465721",
        "air_conditioning": "no",
        "amenity": "restaurant",
        "changing_table": "no",
        "cuisine": "vietnamese",
        "diet:gluten_free": "yes",
        "diet:halal": "yes",
        "diet:vegan": "yes",
        "diet:vegetarian": "only",
        "indoor_seating": "yes",
        "name": "Nhàn Chay",
        "outdoor_seating": "veranda",
        "phone": "+84337292096",
        "smoking": "no",
        "wheelchair": "no"
      },
      "geometry": {
        "type": "Point",
        "coordinates": [
          106.7146671,
          10.8040116
        ]
      },
      "id": "node/13200465721"
    },
    {
      "type": "Feature",
      "properties": {
        "@id": "node/13206148822",
        "addr:city": "Ho Chi Minh City",
        "addr:district": "Quận 1",
        "addr:housenumber": "9a",
        "addr:postcode": "700000",
        "addr:province": "Thành phố Hồ Chí Minh",
        "addr:street": "Phan Ke binh",
        "addr:subdistrict": "Đa Kao",
        "amenity": "restaurant",
        "cuisine": "italian;pizza",
        "name": "Pizza Belga - Phan Ke Binh",
        "phone": "+84379018883",
        "website": "https://pizzabelga.com/"
      },
      "geometry": {
        "type": "Point",
        "coordinates": [
          106.6994356,
          10.789697
        ]
      },
      "id": "node/13206148822"
    },
    {
      "type": "Feature",
      "properties": {
        "@id": "node/13227204101",
        "addr:street": "Ga đến T3 (Tầng 1)",
        "amenity": "restaurant",
        "level": "0",
        "name": "Cuisine de Saigon"
      },
      "geometry": {
        "type": "Point",
        "coordinates": [
          106.6517136,
          10.8112557
        ]
      },
      "id": "node/13227204101"
    },
    {
      "type": "Feature",
      "properties": {
        "@id": "node/13227850402",
        "addr:housenumber": "727",
        "addr:street": "Lê Hồng Phong",
        "air_conditioning": "no",
        "amenity": "restaurant",
        "changing_table": "no",
        "cuisine": "vietnamese",
        "diet:gluten_free": "yes",
        "diet:halal": "yes",
        "diet:vegan": "yes",
        "diet:vegetarian": "yes",
        "indoor_seating": "yes",
        "name": "Quán chay Thôi Kệ",
        "name:vi": "Quán chay Thôi Kệ",
        "outdoor_seating": "no",
        "payment:credit_cards": "no",
        "payment:debit_cards": "no",
        "phone": "+84932076088",
        "smoking": "no",
        "toilets:wheelchair": "no",
        "wheelchair": "limited"
      },
      "geometry": {
        "type": "Point",
        "coordinates": [
          106.6725929,
          10.7714592
        ]
      },
      "id": "node/13227850402"
    },
    {
      "type": "Feature",
      "properties": {
        "@id": "node/13235977801",
        "addr:housenumber": "32",
        "addr:street": "Đường số 10",
        "amenity": "restaurant",
        "cuisine": "beef_bowl;noodles;vietnamese",
        "name": "O Hạnh beef noodle",
        "name:vi": "Bún bò Huế O Hạnh",
        "self_service": "no"
      },
      "geometry": {
        "type": "Point",
        "coordinates": [
          106.7101619,
          10.7468863
        ]
      },
      "id": "node/13235977801"
    },
    {
      "type": "Feature",
      "properties": {
        "@id": "node/13238411101",
        "amenity": "restaurant",
        "cuisine": "vietnamese",
        "name": "Zen Coffee"
      },
      "geometry": {
        "type": "Point",
        "coordinates": [
          106.6791769,
          10.8609889
        ]
      },
      "id": "node/13238411101"
    },
    {
      "type": "Feature",
      "properties": {
        "@id": "node/13242895201",
        "addr:housenumber": "116",
        "addr:street": "Nguyễn Văn Đậu",
        "amenity": "restaurant",
        "cuisine": "vietnamese",
        "diet:vegan": "yes",
        "name": "Quán Chay Hoàng Lan",
        "opening_hours": "Mo-Su 06:30-21:00",
        "phone": "0352 333 647"
      },
      "geometry": {
        "type": "Point",
        "coordinates": [
          106.6890004,
          10.8091374
        ]
      },
      "id": "node/13242895201"
    },
    {
      "type": "Feature",
      "properties": {
        "@id": "node/13246983501",
        "amenity": "restaurant",
        "cuisine": "breakfast;noodles;vietnamese",
        "name:vi": "Quán chay Minh Thành"
      },
      "geometry": {
        "type": "Point",
        "coordinates": [
          106.6995375,
          10.7539123
        ]
      },
      "id": "node/13246983501"
    },
    {
      "type": "Feature",
      "properties": {
        "@id": "node/13247304501",
        "addr:housenumber": "36",
        "addr:street": "Đường Lê Lợi",
        "amenity": "restaurant",
        "cuisine": "vietnamese",
        "diet:vegan": "yes",
        "name": "Quán chay Diệu An"
      },
      "geometry": {
        "type": "Point",
        "coordinates": [
          106.6872448,
          10.8207067
        ]
      },
      "id": "node/13247304501"
    },
    {
      "type": "Feature",
      "properties": {
        "@id": "node/13250263995",
        "amenity": "restaurant",
        "name": "SẠC"
      },
      "geometry": {
        "type": "Point",
        "coordinates": [
          106.6959074,
          10.7689879
        ]
      },
      "id": "node/13250263995"
    },
    {
      "type": "Feature",
      "properties": {
        "@id": "node/13251941550",
        "air_conditioning": "yes",
        "amenity": "restaurant",
        "cuisine": "vietnamese",
        "diet:gluten_free": "yes",
        "diet:halal": "yes",
        "diet:vegan": "yes",
        "diet:vegetarian": "only",
        "indoor_seating": "yes",
        "name": "Quán Chay Thanh Lạc",
        "outdoor_seating": "no",
        "phone": "+84908008525",
        "smoking": "no",
        "wheelchair": "no"
      },
      "geometry": {
        "type": "Point",
        "coordinates": [
          106.7076661,
          10.7633733
        ]
      },
      "id": "node/13251941550"
    },
    {
      "type": "Feature",
      "properties": {
        "@id": "node/13255356828",
        "addr:housenumber": "29",
        "addr:street": "Lê Anh Xuân",
        "air_conditioning": "yes",
        "amenity": "restaurant",
        "check_date": "2026-04-30",
        "check_date:opening_hours": "2026-04-30",
        "contact:facebook": "iveganvietnam",
        "contact:instagram": "ivegan.vietnam",
        "cuisine": "international",
        "diet:gluten_free": "yes",
        "diet:halal": "yes",
        "diet:vegan": "only",
        "diet:vegetarian": "only",
        "indoor_seating": "yes",
        "internet_access": "wlan",
        "level": "0",
        "name": "iVegan Supershop",
        "opening_hours": "Mo-Su 08:30-22:00",
        "outdoor_seating": "no",
        "self_service": "only",
        "smoking": "no",
        "website": "https://ivegansupershop.com/",
        "website:menu": "https://ivegansupershop.com/menu",
        "wheelchair": "no"
      },
      "geometry": {
        "type": "Point",
        "coordinates": [
          106.6951726,
          10.7716659
        ]
      },
      "id": "node/13255356828"
    },
    {
      "type": "Feature",
      "properties": {
        "@id": "node/13255697600",
        "air_conditioning": "yes",
        "amenity": "restaurant",
        "cuisine": "vietnamese",
        "diet:gluten_free": "yes",
        "diet:halal": "yes",
        "diet:vegan": "yes",
        "diet:vegetarian": "only",
        "indoor_seating": "yes",
        "name": "Nhà Mấy Dì",
        "opening_hours": "Mo-Su 09:00-21:00",
        "outdoor_seating": "no",
        "phone": "+84878181115",
        "smoking": "no",
        "wheelchair": "no"
      },
      "geometry": {
        "type": "Point",
        "coordinates": [
          106.7100983,
          10.7955025
        ]
      },
      "id": "node/13255697600"
    },
    {
      "type": "Feature",
      "properties": {
        "@id": "node/13270194633",
        "air_conditioning": "yes",
        "amenity": "restaurant",
        "cuisine": "vietnamese",
        "diet:gluten_free": "yes",
        "diet:halal": "yes",
        "diet:vegan": "only",
        "diet:vegetarian": "only",
        "indoor_seating": "yes",
        "name": "Quán Chay Lam",
        "outdoor_seating": "no",
        "phone": "+84932725731",
        "smoking": "no",
        "wheelchair": "no"
      },
      "geometry": {
        "type": "Point",
        "coordinates": [
          106.6815759,
          10.7699115
        ]
      },
      "id": "node/13270194633"
    },
    {
      "type": "Feature",
      "properties": {
        "@id": "node/13272234765",
        "air_conditioning": "yes",
        "amenity": "restaurant",
        "cuisine": "vietnamese",
        "diet:gluten_free": "yes",
        "diet:halal": "yes",
        "diet:vegan": "yes",
        "diet:vegetarian": "only",
        "indoor_seating": "yes",
        "name": "The Joi Factory",
        "outdoor_seating": "no",
        "smoking": "no",
        "wheelchair": "no"
      },
      "geometry": {
        "type": "Point",
        "coordinates": [
          106.6865537,
          10.765341
        ]
      },
      "id": "node/13272234765"
    },
    {
      "type": "Feature",
      "properties": {
        "@id": "node/13274963870",
        "amenity": "restaurant",
        "cuisine": "taiwanese;chinese;vietnamese",
        "diet:gluten_free": "yes",
        "diet:halal": "yes",
        "diet:vegan": "yes",
        "diet:vegetarian": "only",
        "indoor_seating": "yes",
        "name": "Tiệm Chay Heye",
        "outdoor_seating": "no",
        "phone": "+84937885888",
        "smoking": "no",
        "wheelchair": "limited"
      },
      "geometry": {
        "type": "Point",
        "coordinates": [
          106.6827934,
          10.769371
        ]
      },
      "id": "node/13274963870"
    },
    {
      "type": "Feature",
      "properties": {
        "@id": "node/13279564667",
        "air_conditioning": "yes",
        "amenity": "restaurant",
        "changing_table": "no",
        "cuisine": "vietnamese",
        "diet:gluten_free": "yes",
        "diet:halal": "yes",
        "diet:vegan": "yes",
        "diet:vegetarian": "only",
        "indoor_seating": "yes",
        "name": "Nhà Hàng Chay Chí Cao",
        "opening_hours": "Mo-Su 07:00-21:30",
        "outdoor_seating": "no",
        "phone": "+84938147257",
        "smoking": "no",
        "toilets:wheelchair": "no",
        "wheelchair": "limited"
      },
      "geometry": {
        "type": "Point",
        "coordinates": [
          106.6956158,
          10.8112046
        ]
      },
      "id": "node/13279564667"
    },
    {
      "type": "Feature",
      "properties": {
        "@id": "node/13285015463",
        "air_conditioning": "no",
        "amenity": "restaurant",
        "changing_table": "no",
        "cuisine": "vietnamese",
        "diet:gluten_free": "yes",
        "diet:halal": "yes",
        "diet:vegan": "yes",
        "diet:vegetarian": "only",
        "indoor_seating": "yes",
        "name": "Ẩm Thực Chay Thôi Kệ - Lạc An",
        "opening_hours": "Mo-Su 06:30-20:30",
        "outdoor_seating": "sidewalk",
        "phone": "+84938038260",
        "smoking": "no",
        "wheelchair": "no"
      },
      "geometry": {
        "type": "Point",
        "coordinates": [
          106.6679605,
          10.764443
        ]
      },
      "id": "node/13285015463"
    },
    {
      "type": "Feature",
      "properties": {
        "@id": "node/13294164735",
        "air_conditioning": "yes",
        "amenity": "restaurant",
        "changing_table": "no",
        "cuisine": "vietnamese",
        "diet:gluten_free": "yes",
        "diet:halal": "yes",
        "diet:vegan": "yes",
        "diet:vegetarian": "only",
        "indoor_seating": "yes",
        "name": "Ẩm Thực Chay Tuệ Đăng",
        "outdoor_seating": "veranda",
        "phone": "+84819472586",
        "smoking": "no",
        "wheelchair": "no"
      },
      "geometry": {
        "type": "Point",
        "coordinates": [
          106.6278462,
          10.7409497
        ]
      },
      "id": "node/13294164735"
    },
    {
      "type": "Feature",
      "properties": {
        "@id": "node/13294837801",
        "addr:city": "Ho Chi Minh City",
        "addr:district": "District 1",
        "addr:housenumber": "63/5",
        "addr:postcode": "700000",
        "addr:province": "Ho Chi Minh",
        "addr:street": "Hẻm 63 Pasteur",
        "addr:subdistrict": "Bến Nghé",
        "amenity": "restaurant",
        "cuisine": "vietnamese;63/5_pasteur;breakfast;lunch;noodle;crab;mantis_shrimp;bún_riêu;bề_bề;tôm_tít;tôm_tích;hà_nội_xưa;hanoi;hanoi_old_quarter;local_food;traditional_food",
        "diet:local": "yes",
        "diet:non-vegetarian": "yes",
        "name": "Bề Bề Nội - Hương Vị Hà Nội Xưa",
        "opening_hours": "Mo-Su 06:00-15:00",
        "phone": "+84 398 566 899"
      },
      "geometry": {
        "type": "Point",
        "coordinates": [
          106.7003476,
          10.7748387
        ]
      },
      "id": "node/13294837801"
    },
    {
      "type": "Feature",
      "properties": {
        "@id": "node/13296773101",
        "amenity": "restaurant",
        "internet_access": "wlan",
        "name:en": "SOUL RESTAURANT & BAR"
      },
      "geometry": {
        "type": "Point",
        "coordinates": [
          106.6978445,
          10.7731871
        ]
      },
      "id": "node/13296773101"
    },
    {
      "type": "Feature",
      "properties": {
        "@id": "node/13302871326",
        "addr:housenumber": "230",
        "addr:street": "Lê Thánh Tôn",
        "air_conditioning": "yes",
        "amenity": "restaurant",
        "bar": "yes",
        "brewery": "yes",
        "check_date": "2026-04-30",
        "cuisine": "regional;vietnamese",
        "diet:vegetarian": "yes",
        "internet_access": "wlan",
        "internet_access:fee": "customers",
        "name": "Tung's",
        "name:vi": "Tung's",
        "payment:cash": "yes",
        "payment:credit_cards": "yes",
        "payment:debit_cards": "yes",
        "wheelchair": "no"
      },
      "geometry": {
        "type": "Point",
        "coordinates": [
          106.6965364,
          10.7724964
        ]
      },
      "id": "node/13302871326"
    },
    {
      "type": "Feature",
      "properties": {
        "@id": "node/13304588977",
        "air_conditioning": "no",
        "amenity": "restaurant",
        "award:michelin": "selected:2023,2024,2025",
        "check_date": "2025-11-14",
        "cuisine": "regional",
        "name": "Cô Liêng",
        "payment:cards": "no",
        "payment:cash": "yes",
        "payment:credit_cards": "no",
        "payment:debit_cards": "no",
        "restaurant": "eatery",
        "wheelchair": "limited"
      },
      "geometry": {
        "type": "Point",
        "coordinates": [
          106.6858145,
          10.771616
        ]
      },
      "id": "node/13304588977"
    },
    {
      "type": "Feature",
      "properties": {
        "@id": "node/13305571011",
        "amenity": "restaurant",
        "bar": "yes",
        "check_date": "2025-11-15",
        "name": "Day By Day"
      },
      "geometry": {
        "type": "Point",
        "coordinates": [
          106.6933369,
          10.7691858
        ]
      },
      "id": "node/13305571011"
    },
    {
      "type": "Feature",
      "properties": {
        "@id": "node/13307627507",
        "air_conditioning": "yes",
        "amenity": "restaurant",
        "cuisine": "vietnamese",
        "diet:gluten_free": "yes",
        "diet:halal": "yes",
        "diet:vegan": "yes",
        "diet:vegetarian": "only",
        "indoor_seating": "yes",
        "name": "Nhà Hàng Chay Sesame",
        "outdoor_seating": "no",
        "smoking": "no"
      },
      "geometry": {
        "type": "Point",
        "coordinates": [
          106.7019193,
          10.7732977
        ]
      },
      "id": "node/13307627507"
    },
    {
      "type": "Feature",
      "properties": {
        "@id": "node/13307638196",
        "amenity": "restaurant",
        "check_date": "2025-11-16",
        "cuisine": "indian",
        "name": "Gateway of India"
      },
      "geometry": {
        "type": "Point",
        "coordinates": [
          106.6928274,
          10.7718658
        ]
      },
      "id": "node/13307638196"
    },
    {
      "type": "Feature",
      "properties": {
        "@id": "node/13310873239",
        "air_conditioning": "yes",
        "amenity": "restaurant",
        "cuisine": "vietnamese",
        "diet:gluten_free": "yes",
        "diet:halal": "yes",
        "diet:vegan": "yes",
        "diet:vegetarian": "only",
        "indoor_seating": "yes",
        "name": "Ẩm Thực Chay Visatra",
        "outdoor_seating": "no",
        "phone": "+84929457878",
        "smoking": "no",
        "wheelchair": "no"
      },
      "geometry": {
        "type": "Point",
        "coordinates": [
          106.6962144,
          10.7383625
        ]
      },
      "id": "node/13310873239"
    },
    {
      "type": "Feature",
      "properties": {
        "@id": "node/13327975596",
        "air_conditioning": "no",
        "amenity": "restaurant",
        "cuisine": "vietnamese",
        "diet:gluten_free": "yes",
        "diet:halal": "yes",
        "diet:vegan": "yes",
        "diet:vegetarian": "yes",
        "indoor_seating": "yes",
        "name": "Tabàha",
        "outdoor_seating": "no",
        "smoking": "no"
      },
      "geometry": {
        "type": "Point",
        "coordinates": [
          106.6673605,
          10.7958977
        ]
      },
      "id": "node/13327975596"
    },
    {
      "type": "Feature",
      "properties": {
        "@id": "node/13328545280",
        "amenity": "restaurant",
        "cuisine": "vietnamese",
        "name": "Quán Ăn Huế Bà Bảy"
      },
      "geometry": {
        "type": "Point",
        "coordinates": [
          106.6947895,
          10.7816408
        ]
      },
      "id": "node/13328545280"
    },
    {
      "type": "Feature",
      "properties": {
        "@id": "node/13336327001",
        "addr:city": "Phường An Phú Đông",
        "addr:housenumber": "124",
        "addr:province": "Thành phố Hồ Chí Minh",
        "addr:street": "Thạnh Lộc 13",
        "addr:subdistrict": "Khu phố 44",
        "amenity": "restaurant",
        "mapillary": "1138179920675636",
        "name": "Phở Đạt"
      },
      "geometry": {
        "type": "Point",
        "coordinates": [
          106.6826514,
          10.8696289
        ]
      },
      "id": "node/13336327001"
    },
    {
      "type": "Feature",
      "properties": {
        "@id": "node/13340269808",
        "air_conditioning": "no",
        "amenity": "restaurant",
        "changing_table": "no",
        "diet:gluten_free": "no",
        "diet:halal": "yes",
        "diet:vegan": "only",
        "diet:vegetarian": "only",
        "indoor_seating": "yes",
        "name": "Bánh Mì Chay XANH",
        "outdoor_seating": "yes",
        "smoking": "no",
        "toilets:wheelchair": "no",
        "wheelchair": "limited"
      },
      "geometry": {
        "type": "Point",
        "coordinates": [
          106.69207,
          10.7714741
        ]
      },
      "id": "node/13340269808"
    },
    {
      "type": "Feature",
      "properties": {
        "@id": "node/13340272804",
        "air_conditioning": "yes",
        "amenity": "restaurant",
        "changing_table": "no",
        "cuisine": "vietnamese",
        "diet:gluten_free": "yes",
        "diet:halal": "yes",
        "diet:vegan": "yes",
        "diet:vegetarian": "only",
        "indoor_seating": "yes",
        "name": "Nhà Hàng Chay Thanh Hương",
        "opening_hours": "Mo-Su 09:00-14:00,16:00-22:00",
        "outdoor_seating": "no",
        "phone": "+84903618326",
        "smoking": "no",
        "toilets:wheelchair": "no",
        "wheelchair": "limited"
      },
      "geometry": {
        "type": "Point",
        "coordinates": [
          106.656613,
          10.7994785
        ]
      },
      "id": "node/13340272804"
    },
    {
      "type": "Feature",
      "properties": {
        "@id": "node/13342318673",
        "air_conditioning": "yes",
        "amenity": "restaurant",
        "cuisine": "vietnamese",
        "diet:gluten_free": "yes",
        "diet:halal": "yes",
        "diet:vegan": "yes",
        "diet:vegetarian": "yes",
        "indoor_seating": "yes",
        "name": "Nhà Hàng Hoang",
        "outdoor_seating": "no",
        "smoking": "no",
        "wheelchair": "no"
      },
      "geometry": {
        "type": "Point",
        "coordinates": [
          106.6967475,
          10.7742806
        ]
      },
      "id": "node/13342318673"
    },
    {
      "type": "Feature",
      "properties": {
        "@id": "node/13344455442",
        "air_conditioning": "no",
        "amenity": "restaurant",
        "changing_table": "no",
        "cuisine": "vietnamese",
        "diet:gluten_free": "yes",
        "diet:halal": "yes",
        "diet:vegan": "yes",
        "diet:vegetarian": "only",
        "indoor_seating": "yes",
        "name": "Thực Đơn Chay 380",
        "opening_hours": "Mo-Su 08:30-14:00,16:30-20:00",
        "outdoor_seating": "no",
        "phone": "+84902791301",
        "smoking": "no",
        "wheelchair": "yes"
      },
      "geometry": {
        "type": "Point",
        "coordinates": [
          106.683653,
          10.7910486
        ]
      },
      "id": "node/13344455442"
    },
    {
      "type": "Feature",
      "properties": {
        "@id": "node/13353050674",
        "air_conditioning": "yes",
        "amenity": "restaurant",
        "changing_table": "no",
        "cuisine": "vietnamese",
        "diet:gluten_free": "yes",
        "diet:halal": "yes",
        "diet:vegan": "yes",
        "diet:vegetarian": "only",
        "indoor_seating": "yes",
        "name": "Tự Taị Quán Chay",
        "outdoor_seating": "no",
        "phone": "+84931305386",
        "smoking": "no",
        "wheelchair": "no"
      },
      "geometry": {
        "type": "Point",
        "coordinates": [
          106.6758678,
          10.7976327
        ]
      },
      "id": "node/13353050674"
    },
    {
      "type": "Feature",
      "properties": {
        "@id": "node/13356991087",
        "air_conditioning": "yes",
        "amenity": "restaurant",
        "cuisine": "vietnamese",
        "diet:gluten_free": "yes",
        "diet:halal": "yes",
        "diet:vegan": "yes",
        "diet:vegetarian": "only",
        "indoor_seating": "yes",
        "name": "Nhà Hàng Chay Tịnh Liên Vàng",
        "outdoor_seating": "veranda",
        "phone": "+84707669554",
        "smoking": "no",
        "wheelchair": "no"
      },
      "geometry": {
        "type": "Point",
        "coordinates": [
          106.7277434,
          10.723561
        ]
      },
      "id": "node/13356991087"
    },
    {
      "type": "Feature",
      "properties": {
        "@id": "node/13358718086",
        "air_conditioning": "no",
        "amenity": "restaurant",
        "changing_table": "no",
        "cuisine": "vietnamese",
        "diet:gluten_free": "yes",
        "diet:halal": "yes",
        "diet:vegan": "yes",
        "diet:vegetarian": "only",
        "indoor_seating": "yes",
        "name": "Bếp Chay Phạm Hồng Phước",
        "outdoor_seating": "no",
        "phone": "+84902728283",
        "smoking": "no",
        "wheelchair": "no"
      },
      "geometry": {
        "type": "Point",
        "coordinates": [
          106.6853823,
          10.77539
        ]
      },
      "id": "node/13358718086"
    },
    {
      "type": "Feature",
      "properties": {
        "@id": "node/13359212516",
        "air_conditioning": "no",
        "amenity": "restaurant",
        "cuisine": "vietnamese",
        "diet:gluten_free": "yes",
        "diet:halal": "yes",
        "diet:vegan": "yes",
        "diet:vegetarian": "only",
        "indoor_seating": "yes",
        "name": "Quán Chay Trúc Lâm Bồ Đề",
        "outdoor_seating": "no",
        "smoking": "no",
        "wheelchair": "no"
      },
      "geometry": {
        "type": "Point",
        "coordinates": [
          106.6630455,
          10.7652672
        ]
      },
      "id": "node/13359212516"
    },
    {
      "type": "Feature",
      "properties": {
        "@id": "node/13359804522",
        "addr:housenumber": "155-157-159-161",
        "addr:street": "Đường Nguyễn Tri Phương",
        "amenity": "restaurant",
        "cuisine": "seafood",
        "name": "157"
      },
      "geometry": {
        "type": "Point",
        "coordinates": [
          106.6694325,
          10.7557038
        ]
      },
      "id": "node/13359804522"
    },
    {
      "type": "Feature",
      "properties": {
        "@id": "node/13359804524",
        "addr:housenumber": "173",
        "addr:street": "Đường Nguyễn Tri Phương",
        "amenity": "restaurant",
        "name": "Mìng Sấm"
      },
      "geometry": {
        "type": "Point",
        "coordinates": [
          106.6694462,
          10.7559957
        ]
      },
      "id": "node/13359804524"
    },
    {
      "type": "Feature",
      "properties": {
        "@id": "node/13359804543",
        "addr:housenumber": "135",
        "addr:street": "Đường Nguyễn Tri Phương",
        "amenity": "restaurant",
        "cuisine": "seafood",
        "name": "Hân"
      },
      "geometry": {
        "type": "Point",
        "coordinates": [
          106.6694082,
          10.7551849
        ]
      },
      "id": "node/13359804543"
    },
    {
      "type": "Feature",
      "properties": {
        "@id": "node/13361117501",
        "addr:housenumber": "159A",
        "addr:street": "Nguyễn Văn Thủ",
        "amenity": "restaurant",
        "internet_access": "wlan",
        "name": "Belgo Nguyễn Văn Thủ - Belgian Craft Beer & Restaurant"
      },
      "geometry": {
        "type": "Point",
        "coordinates": [
          106.697965,
          10.7887704
        ]
      },
      "id": "node/13361117501"
    },
    {
      "type": "Feature",
      "properties": {
        "@id": "node/13364319483",
        "addr:housenumber": "648",
        "addr:street": "Đường Nguyễn Trãi",
        "amenity": "restaurant",
        "name": "Hai Lúa"
      },
      "geometry": {
        "type": "Point",
        "coordinates": [
          106.6641951,
          10.7538371
        ]
      },
      "id": "node/13364319483"
    },
    {
      "type": "Feature",
      "properties": {
        "@id": "node/13368938119",
        "amenity": "restaurant",
        "name": "Tacoleo"
      },
      "geometry": {
        "type": "Point",
        "coordinates": [
          106.693945,
          10.7660499
        ]
      },
      "id": "node/13368938119"
    },
    {
      "type": "Feature",
      "properties": {
        "@id": "node/13373304054",
        "air_conditioning": "yes",
        "amenity": "restaurant",
        "changing_table": "no",
        "cuisine": "vietnamese;international",
        "diet:gluten_free": "yes",
        "diet:halal": "yes",
        "diet:vegan": "only",
        "diet:vegetarian": "only",
        "indoor_seating": "yes",
        "name": "Chay Lười Giàu Đam",
        "outdoor_seating": "no",
        "smoking": "no",
        "wheelchair": "no"
      },
      "geometry": {
        "type": "Point",
        "coordinates": [
          106.6870059,
          10.79102
        ]
      },
      "id": "node/13373304054"
    },
    {
      "type": "Feature",
      "properties": {
        "@id": "node/13373758649",
        "amenity": "restaurant",
        "name": "Bahn Mi 611"
      },
      "geometry": {
        "type": "Point",
        "coordinates": [
          106.6904605,
          10.7667125
        ]
      },
      "id": "node/13373758649"
    },
    {
      "type": "Feature",
      "properties": {
        "@id": "node/13375722301",
        "addr:housenumber": "144",
        "addr:street": "Cô Giang",
        "amenity": "restaurant",
        "cuisine": "seafood;vietnamese",
        "internet_access": "wlan",
        "name": "Ốc Singapore - Hải Sản Bình Dân",
        "phone": "+84901678051"
      },
      "geometry": {
        "type": "Point",
        "coordinates": [
          106.6939335,
          10.7622276
        ]
      },
      "id": "node/13375722301"
    },
    {
      "type": "Feature",
      "properties": {
        "@id": "node/13378303020",
        "amenity": "restaurant",
        "name": "Tu Li Ku Su"
      },
      "geometry": {
        "type": "Point",
        "coordinates": [
          106.6914875,
          10.7651524
        ]
      },
      "id": "node/13378303020"
    },
    {
      "type": "Feature",
      "properties": {
        "@id": "node/13392139832",
        "addr:city": "Thành phố Hồ Chí Minh",
        "addr:district": "Thủ Đức",
        "addr:housenumber": "12",
        "addr:province": "Thành phố Hồ Chí Minh",
        "addr:street": "Nguyễn Văn Hưởng",
        "addr:subdistrict": "Thảo Điền",
        "amenity": "restaurant",
        "cuisine": "basque;izakaya",
        "name": "BOCĀO Basque Izakaya",
        "name:en": "Bocao Basque Izakaya",
        "website": "https://bocaosgn.com/"
      },
      "geometry": {
        "type": "Point",
        "coordinates": [
          106.7274172,
          10.8029885
        ]
      },
      "id": "node/13392139832"
    },
    {
      "type": "Feature",
      "properties": {
        "@id": "node/13395203058",
        "air_conditioning": "no",
        "amenity": "restaurant",
        "cuisine": "vietnamese",
        "diet:vegetarian": "only",
        "indoor_seating": "yes",
        "name": "An Yên Chay",
        "outdoor_seating": "no",
        "smoking": "no",
        "wheelchair": "no"
      },
      "geometry": {
        "type": "Point",
        "coordinates": [
          106.6498106,
          10.7770609
        ]
      },
      "id": "node/13395203058"
    },
    {
      "type": "Feature",
      "properties": {
        "@id": "node/13396683121",
        "amenity": "restaurant",
        "name": "Bò kho gánh"
      },
      "geometry": {
        "type": "Point",
        "coordinates": [
          106.6729985,
          10.7617853
        ]
      },
      "id": "node/13396683121"
    },
    {
      "type": "Feature",
      "properties": {
        "@id": "node/13396982250",
        "amenity": "restaurant",
        "name": "Lẩu gà cơ bắp"
      },
      "geometry": {
        "type": "Point",
        "coordinates": [
          106.6759719,
          10.7637659
        ]
      },
      "id": "node/13396982250"
    },
    {
      "type": "Feature",
      "properties": {
        "@id": "node/13399386301",
        "amenity": "restaurant",
        "name": "Quán ăn @Vũ"
      },
      "geometry": {
        "type": "Point",
        "coordinates": [
          106.6716875,
          10.7863125
        ]
      },
      "id": "node/13399386301"
    },
    {
      "type": "Feature",
      "properties": {
        "@id": "node/13399399646",
        "amenity": "restaurant",
        "name": "Quán Cơm"
      },
      "geometry": {
        "type": "Point",
        "coordinates": [
          106.602872,
          10.8619818
        ]
      },
      "id": "node/13399399646"
    },
    {
      "type": "Feature",
      "properties": {
        "@id": "node/13401311300",
        "air_conditioning": "yes",
        "amenity": "restaurant",
        "cuisine": "vietnamese",
        "diet:gluten_free": "yes",
        "diet:halal": "yes",
        "diet:vegan": "yes",
        "diet:vegetarian": "only",
        "indoor_seating": "yes",
        "name": "Chay Garden",
        "opening_hours": "Mo-Su 11:00-14:00,18:00-21:00",
        "outdoor_seating": "patio",
        "smoking": "no",
        "wheelchair": "yes"
      },
      "geometry": {
        "type": "Point",
        "coordinates": [
          106.6998924,
          10.7849714
        ]
      },
      "id": "node/13401311300"
    },
    {
      "type": "Feature",
      "properties": {
        "@id": "node/13403787791",
        "air_conditioning": "yes",
        "amenity": "restaurant",
        "cuisine": "vietnamese",
        "diet:gluten_free": "yes",
        "diet:halal": "yes",
        "diet:vegan": "yes",
        "diet:vegetarian": "only",
        "indoor_seating": "yes",
        "name": "Nhà Hàng Chay Soha",
        "outdoor_seating": "no",
        "smoking": "no",
        "wheelchair": "no"
      },
      "geometry": {
        "type": "Point",
        "coordinates": [
          106.6940144,
          10.7667351
        ]
      },
      "id": "node/13403787791"
    },
    {
      "type": "Feature",
      "properties": {
        "@id": "node/13411764853",
        "amenity": "restaurant",
        "cuisine": "thai",
        "diet:vegan": "yes",
        "level": "0",
        "name": "Nâunâu",
        "opening_hours": "Mo-Su 06:00-20:00",
        "outdoor_seating": "no",
        "toilets:access": "customers",
        "toilets:wheelchair": "no",
        "wheelchair": "limited"
      },
      "geometry": {
        "type": "Point",
        "coordinates": [
          106.6907291,
          10.7667991
        ]
      },
      "id": "node/13411764853"
    },
    {
      "type": "Feature",
      "properties": {
        "@id": "node/13411795178",
        "amenity": "restaurant",
        "name": "Gia Hùng"
      },
      "geometry": {
        "type": "Point",
        "coordinates": [
          106.7039132,
          10.7941947
        ]
      },
      "id": "node/13411795178"
    },
    {
      "type": "Feature",
      "properties": {
        "@id": "node/13412677834",
        "amenity": "restaurant",
        "name": "Bún Bò Huế Quyên"
      },
      "geometry": {
        "type": "Point",
        "coordinates": [
          106.7070618,
          10.795497
        ]
      },
      "id": "node/13412677834"
    },
    {
      "type": "Feature",
      "properties": {
        "@id": "node/13413110301",
        "addr:housenumber": "84",
        "addr:street": "Ký Con",
        "amenity": "restaurant",
        "name": "The Crab Shack Central"
      },
      "geometry": {
        "type": "Point",
        "coordinates": [
          106.6986439,
          10.7664912
        ]
      },
      "id": "node/13413110301"
    },
    {
      "type": "Feature",
      "properties": {
        "@id": "node/13415286784",
        "amenity": "restaurant",
        "name": "Bò Né"
      },
      "geometry": {
        "type": "Point",
        "coordinates": [
          106.7029022,
          10.7933441
        ]
      },
      "id": "node/13415286784"
    },
    {
      "type": "Feature",
      "properties": {
        "@id": "node/13415408728",
        "amenity": "restaurant",
        "changing_table": "no",
        "cuisine": "vietnamese",
        "diet:gluten_free": "yes",
        "diet:halal": "yes",
        "diet:vegan": "yes",
        "diet:vegetarian": "only",
        "indoor_seating": "no",
        "name": "Cơm Chay Cát Tường",
        "outdoor_seating": "sidewalk",
        "phone": "+84962061953",
        "smoking": "no",
        "wheelchair": "yes"
      },
      "geometry": {
        "type": "Point",
        "coordinates": [
          106.6710535,
          10.7848899
        ]
      },
      "id": "node/13415408728"
    },
    {
      "type": "Feature",
      "properties": {
        "@id": "node/13415542101",
        "amenity": "restaurant",
        "cuisine": "italian;italian_pizza",
        "internet_access": "wlan",
        "level": "0",
        "name": "MÌ Ý A.HOÀI - Do Chính A.HOÀI Đảm Trách",
        "outdoor_seating": "no",
        "self_service": "no"
      },
      "geometry": {
        "type": "Point",
        "coordinates": [
          106.690652,
          10.7607761
        ]
      },
      "id": "node/13415542101"
    },
    {
      "type": "Feature",
      "properties": {
        "@id": "node/13415653401",
        "amenity": "restaurant",
        "cuisine": "vietnamese",
        "level": "0",
        "name": "Quán ăn 257",
        "outdoor_seating": "yes",
        "self_service": "no"
      },
      "geometry": {
        "type": "Point",
        "coordinates": [
          106.6932764,
          10.759643
        ]
      },
      "id": "node/13415653401"
    },
    {
      "type": "Feature",
      "properties": {
        "@id": "node/13417881337",
        "air_conditioning": "yes",
        "amenity": "restaurant",
        "changing_table": "no",
        "cuisine": "vietnamese",
        "diet:gluten_free": "yes",
        "diet:halal": "only",
        "diet:vegan": "only",
        "diet:vegetarian": "only",
        "indoor_seating": "yes",
        "name": "Nhà Hàng Chay Nấm Thiên Đàng",
        "opening_hours": "Mo-Su 09:00-14:00,16:00-21:00",
        "outdoor_seating": "no",
        "phone": "+842866713777",
        "smoking": "no",
        "wheelchair": "no"
      },
      "geometry": {
        "type": "Point",
        "coordinates": [
          106.7039656,
          10.742641
        ]
      },
      "id": "node/13417881337"
    },
    {
      "type": "Feature",
      "properties": {
        "@id": "node/13420752136",
        "amenity": "restaurant",
        "name": "Phở"
      },
      "geometry": {
        "type": "Point",
        "coordinates": [
          106.7016856,
          10.7941894
        ]
      },
      "id": "node/13420752136"
    },
    {
      "type": "Feature",
      "properties": {
        "@id": "node/13420752137",
        "amenity": "restaurant",
        "name": "Phở"
      },
      "geometry": {
        "type": "Point",
        "coordinates": [
          106.7016077,
          10.7940833
        ]
      },
      "id": "node/13420752137"
    },
    {
      "type": "Feature",
      "properties": {
        "@id": "node/13429931138",
        "amenity": "restaurant",
        "check_date:opening_hours": "2026-01-04",
        "cuisine": "vietnamese",
        "name": "Amavi Kom & Vegan",
        "opening_hours:signed": "no"
      },
      "geometry": {
        "type": "Point",
        "coordinates": [
          106.7309352,
          10.8066811
        ]
      },
      "id": "node/13429931138"
    },
    {
      "type": "Feature",
      "properties": {
        "@id": "node/13430306006",
        "amenity": "restaurant",
        "cuisine": "vietnamese",
        "name": "Big Bowl"
      },
      "geometry": {
        "type": "Point",
        "coordinates": [
          106.6554646,
          10.8127206
        ]
      },
      "id": "node/13430306006"
    },
    {
      "type": "Feature",
      "properties": {
        "@id": "node/13436595454",
        "amenity": "restaurant",
        "name": "The Alley Cat"
      },
      "geometry": {
        "type": "Point",
        "coordinates": [
          106.6926312,
          10.7677912
        ]
      },
      "id": "node/13436595454"
    },
    {
      "type": "Feature",
      "properties": {
        "@id": "node/13437016701",
        "addr:street": "Ðề Thám",
        "amenity": "restaurant",
        "cuisine": "vietnamese",
        "level": "0",
        "name": "Phượng Hoàng",
        "outdoor_seating": "yes",
        "self_service": "no"
      },
      "geometry": {
        "type": "Point",
        "coordinates": [
          106.6940993,
          10.7670725
        ]
      },
      "id": "node/13437016701"
    },
    {
      "type": "Feature",
      "properties": {
        "@id": "node/13437083381",
        "amenity": "restaurant",
        "name": "Cơm Gà"
      },
      "geometry": {
        "type": "Point",
        "coordinates": [
          106.7042788,
          10.7941085
        ]
      },
      "id": "node/13437083381"
    },
    {
      "type": "Feature",
      "properties": {
        "@id": "node/13437566675",
        "air_conditioning": "yes",
        "amenity": "restaurant",
        "cuisine": "vietnamese",
        "diet:gluten_free": "yes",
        "diet:halal": "yes",
        "diet:vegan": "only",
        "diet:vegetarian": "only",
        "indoor_seating": "yes",
        "name": "Nhà Hàng Chay Bà Xã",
        "outdoor_seating": "no",
        "phone": "+84899183188",
        "smoking": "no",
        "website": "https://chaybaxa.com",
        "wheelchair": "no"
      },
      "geometry": {
        "type": "Point",
        "coordinates": [
          106.6480214,
          10.8069725
        ]
      },
      "id": "node/13437566675"
    },
    {
      "type": "Feature",
      "properties": {
        "@id": "node/13437582047",
        "amenity": "restaurant",
        "cuisine": "vietnamese",
        "description": "This was the secret headquarters of the Viet Cong (Vietnamese Communists; VC) in Saigon and from here they planned their attacks on the US embassy and other Saigon targets during the Tet Offensive of 1968. (Mini Museum upstairs)",
        "name": "Phở Bình",
        "tourism": "attraction"
      },
      "geometry": {
        "type": "Point",
        "coordinates": [
          106.6870771,
          10.790891
        ]
      },
      "id": "node/13437582047"
    },
    {
      "type": "Feature",
      "properties": {
        "@id": "node/13447450401",
        "addr:housenumber": "74",
        "addr:street": "Nguyễn Văn Cừ",
        "amenity": "restaurant",
        "cuisine": "vietnamese",
        "internet_access": "wlan",
        "name": "Cơm tấm Nguyễn Văn Cừ",
        "opening_hours": "Mo-Su 07:00-15:00"
      },
      "geometry": {
        "type": "Point",
        "coordinates": [
          106.6852208,
          10.7568815
        ]
      },
      "id": "node/13447450401"
    },
    {
      "type": "Feature",
      "properties": {
        "@id": "node/13449975637",
        "amenity": "restaurant",
        "name": "Gà Ta Phát Tài"
      },
      "geometry": {
        "type": "Point",
        "coordinates": [
          106.6965285,
          10.8091398
        ]
      },
      "id": "node/13449975637"
    },
    {
      "type": "Feature",
      "properties": {
        "@id": "node/13449975638",
        "amenity": "restaurant",
        "name": "Bún Thịt Nướng"
      },
      "geometry": {
        "type": "Point",
        "coordinates": [
          106.69654,
          10.8091129
        ]
      },
      "id": "node/13449975638"
    },
    {
      "type": "Feature",
      "properties": {
        "@id": "node/13455849810",
        "addr:city": "Thành phố Hồ Chí Minh",
        "addr:district": "Quận Tân Bình",
        "addr:housenumber": "49",
        "addr:province": "Thành phố Hồ Chí Minh",
        "addr:street": "Trần Quốc Hoàn",
        "addr:subdistrict": "Phường 04",
        "air_conditioning": "yes",
        "amenity": "restaurant",
        "baby_feeding": "no",
        "changing_table": "no",
        "cuisine": "vietnamese",
        "diet:fish": "yes",
        "diet:milk": "yes",
        "indoor_seating": "yes",
        "internet_access": "yes",
        "name": "Bún cá sữa - Cơm rang giòn",
        "opening_hours": "Mo-Su 08:00-21:00",
        "outdoor_seating": "yes",
        "panoramax": "2044c277-ab0a-4015-8a76-746217cb6924",
        "payment:credit_cards": "yes",
        "payment:debit_cards": "yes",
        "smoking": "outside",
        "takeaway": "yes",
        "toilets:access": "customers",
        "toilets:wheelchair": "no",
        "wheelchair": "yes"
      },
      "geometry": {
        "type": "Point",
        "coordinates": [
          106.6636197,
          10.8033493
        ]
      },
      "id": "node/13455849810"
    },
    {
      "type": "Feature",
      "properties": {
        "@id": "node/13462061463",
        "air_conditioning": "yes",
        "amenity": "restaurant",
        "cuisine": "vietnamese",
        "diet:gluten_free": "yes",
        "diet:halal": "yes",
        "diet:vegan": "yes",
        "diet:vegetarian": "only",
        "indoor_seating": "yes",
        "name": "Nhà Hàng Chay Làng Ta",
        "outdoor_seating": "no",
        "phone": "+84984314668",
        "smoking": "no"
      },
      "geometry": {
        "type": "Point",
        "coordinates": [
          106.6839637,
          10.7827784
        ]
      },
      "id": "node/13462061463"
    },
    {
      "type": "Feature",
      "properties": {
        "@id": "node/13463358113",
        "amenity": "restaurant",
        "name": "Bánh mì Pewpew"
      },
      "geometry": {
        "type": "Point",
        "coordinates": [
          106.6890048,
          10.8264152
        ]
      },
      "id": "node/13463358113"
    },
    {
      "type": "Feature",
      "properties": {
        "@id": "node/13463496130",
        "amenity": "restaurant",
        "name": "Phở Hiền"
      },
      "geometry": {
        "type": "Point",
        "coordinates": [
          106.690096,
          10.8253827
        ]
      },
      "id": "node/13463496130"
    },
    {
      "type": "Feature",
      "properties": {
        "@id": "node/13463903305",
        "air_conditioning": "yes",
        "amenity": "restaurant",
        "cuisine": "hotpot;vietnamese",
        "diet:gluten_free": "yes",
        "diet:halal": "yes",
        "diet:vegan": "yes",
        "diet:vegetarian": "only",
        "indoor_seating": "yes",
        "name": "Lẩu Rau Nấm Chay Mê Rau",
        "outdoor_seating": "no",
        "phone": "+84939747479",
        "smoking": "no"
      },
      "geometry": {
        "type": "Point",
        "coordinates": [
          106.6847304,
          10.7688755
        ]
      },
      "id": "node/13463903305"
    },
    {
      "type": "Feature",
      "properties": {
        "@id": "node/13469966595",
        "addr:housenumber": "639B",
        "addr:street": "Đường Nguyễn Trãi",
        "amenity": "restaurant",
        "cuisine": "vietnamese",
        "noname": "yes"
      },
      "geometry": {
        "type": "Point",
        "coordinates": [
          106.6633215,
          10.7532709
        ]
      },
      "id": "node/13469966595"
    },
    {
      "type": "Feature",
      "properties": {
        "@id": "node/13470187228",
        "addr:city": "Hồ Chí Minh",
        "addr:district": "Tân Bình",
        "addr:housenumber": "189",
        "addr:street": "Phạm Văn Bạch",
        "addr:subdistrict": "Phường 15",
        "amenity": "restaurant",
        "cuisine": "noodle",
        "name": "Hủ tiếu mực - Hải sản Vũng Tàu"
      },
      "geometry": {
        "type": "Point",
        "coordinates": [
          106.6372261,
          10.81761
        ]
      },
      "id": "node/13470187228"
    },
    {
      "type": "Feature",
      "properties": {
        "@id": "node/13475401001",
        "addr:housenumber": "292",
        "addr:street": "Nguyễn Đình Chiểu",
        "amenity": "restaurant",
        "name": "Kimbong Toast & Drink"
      },
      "geometry": {
        "type": "Point",
        "coordinates": [
          106.6872055,
          10.775463
        ]
      },
      "id": "node/13475401001"
    },
    {
      "type": "Feature",
      "properties": {
        "@id": "node/13478925187",
        "air_conditioning": "no",
        "amenity": "restaurant",
        "cuisine": "cantonese;chinese;vietnamese",
        "diet:gluten_free": "yes",
        "diet:halal": "yes",
        "diet:vegan": "yes",
        "diet:vegetarian": "only",
        "indoor_seating": "yes",
        "name": "Tiệm Chay Tường Viên",
        "opening_hours": "Mo-Su 06:00-21:00",
        "outdoor_seating": "no",
        "phone": "+842862758938",
        "smoking": "no",
        "wheelchair": "no"
      },
      "geometry": {
        "type": "Point",
        "coordinates": [
          106.6766871,
          10.7550176
        ]
      },
      "id": "node/13478925187"
    },
    {
      "type": "Feature",
      "properties": {
        "@id": "node/13494992822",
        "amenity": "restaurant",
        "name": "Nem nướng út hương"
      },
      "geometry": {
        "type": "Point",
        "coordinates": [
          106.7306998,
          10.7920949
        ]
      },
      "id": "node/13494992822"
    },
    {
      "type": "Feature",
      "properties": {
        "@id": "node/13495601982",
        "air_conditioning": "yes",
        "amenity": "restaurant",
        "cuisine": "vietnamese;asian",
        "diet:gluten_free": "yes",
        "diet:halal": "yes",
        "diet:vegan": "yes",
        "diet:vegetarian": "only",
        "indoor_seating": "yes",
        "name": "Nhà Hàng Chay Tâm",
        "outdoor_seating": "no",
        "phone": "+84938008735",
        "smoking": "no",
        "wheelchair": "no"
      },
      "geometry": {
        "type": "Point",
        "coordinates": [
          106.6886168,
          10.7635604
        ]
      },
      "id": "node/13495601982"
    },
    {
      "type": "Feature",
      "properties": {
        "@id": "node/13503355911",
        "addr:city": "Thành phố Hồ Chí Minh",
        "addr:district": "Gò Vấp",
        "addr:housenumber": "598",
        "addr:postcode": "700000",
        "addr:province": "Thành phố Hồ Chí Minh",
        "addr:street": "Nguyễn Oanh",
        "addr:subdistrict": "Phường 6",
        "amenity": "restaurant",
        "cuisine": "bubble_tea;tea",
        "name": "Hồng Trà Tuổi Thơ T007",
        "name:zh": "回憶小時候 T007",
        "opening_hours": "08:00-22:00",
        "phone": "+84901888967",
        "website": "https://huiyitea.vn"
      },
      "geometry": {
        "type": "Point",
        "coordinates": [
          106.6788071,
          10.8489546
        ]
      },
      "id": "node/13503355911"
    },
    {
      "type": "Feature",
      "properties": {
        "@id": "node/13503391201",
        "amenity": "restaurant",
        "name": "Long"
      },
      "geometry": {
        "type": "Point",
        "coordinates": [
          106.6574442,
          10.7851926
        ]
      },
      "id": "node/13503391201"
    },
    {
      "type": "Feature",
      "properties": {
        "@id": "node/13514157355",
        "amenity": "restaurant",
        "name": "Tiệm Lẩu Trứ Danh"
      },
      "geometry": {
        "type": "Point",
        "coordinates": [
          106.6881969,
          10.7625249
        ]
      },
      "id": "node/13514157355"
    },
    {
      "type": "Feature",
      "properties": {
        "@id": "node/13514194748",
        "air_conditioning": "yes",
        "amenity": "restaurant",
        "changing_table": "no",
        "cuisine": "vietnamese;cantonese;chinese",
        "diet:gluten_free": "yes",
        "diet:halal": "yes",
        "diet:vegan": "yes",
        "diet:vegetarian": "only",
        "indoor_seating": "yes",
        "name": "Nhà Hàng Chay An Hương",
        "outdoor_seating": "no",
        "phone": "+84931300600",
        "smoking": "no",
        "wheelchair": "no"
      },
      "geometry": {
        "type": "Point",
        "coordinates": [
          106.6432055,
          10.7454011
        ]
      },
      "id": "node/13514194748"
    },
    {
      "type": "Feature",
      "properties": {
        "@id": "node/13515197415",
        "amenity": "restaurant",
        "cuisine": "regional",
        "internet_access": "yes",
        "internet_access:fee": "no",
        "outdoor_seating": "yes"
      },
      "geometry": {
        "type": "Point",
        "coordinates": [
          106.6258471,
          10.7397919
        ]
      },
      "id": "node/13515197415"
    },
    {
      "type": "Feature",
      "properties": {
        "@id": "node/13516689614",
        "amenity": "restaurant",
        "name": "Bò Né"
      },
      "geometry": {
        "type": "Point",
        "coordinates": [
          106.6396903,
          10.791325
        ]
      },
      "id": "node/13516689614"
    },
    {
      "type": "Feature",
      "properties": {
        "@id": "node/13518425140",
        "amenity": "restaurant",
        "name": "Hủ tiếu nam vang Thành Đạt"
      },
      "geometry": {
        "type": "Point",
        "coordinates": [
          106.6987866,
          10.7891169
        ]
      },
      "id": "node/13518425140"
    },
    {
      "type": "Feature",
      "properties": {
        "@id": "node/13519231190",
        "air_conditioning": "yes",
        "amenity": "restaurant",
        "changing_table": "no",
        "cuisine": "ramen;japanese;cafe",
        "diet:gluten_free": "no",
        "diet:halal": "yes",
        "diet:vegan": "yes",
        "diet:vegetarian": "only",
        "indoor_seating": "yes",
        "name": "Nhà Hàng Chay Hikari",
        "opening_hours": "Mo-Su 08:30-21:00",
        "outdoor_seating": "street",
        "phone": "+84817499224",
        "smoking": "no",
        "wheelchair": "no"
      },
      "geometry": {
        "type": "Point",
        "coordinates": [
          106.6645467,
          10.7750442
        ]
      },
      "id": "node/13519231190"
    },
    {
      "type": "Feature",
      "properties": {
        "@id": "node/13521003827",
        "addr:housenumber": "1029B",
        "addr:street": "Đường Nguyễn Trãi",
        "amenity": "restaurant",
        "cuisine": "vietnamese",
        "name": "Anh Thư"
      },
      "geometry": {
        "type": "Point",
        "coordinates": [
          106.6521073,
          10.752833
        ]
      },
      "id": "node/13521003827"
    },
    {
      "type": "Feature",
      "properties": {
        "@id": "node/13521003828",
        "addr:housenumber": "1029E-1029F",
        "addr:street": "Đường Nguyễn Trãi",
        "amenity": "restaurant",
        "cuisine": "vietnamese",
        "name": "Cơm 67"
      },
      "geometry": {
        "type": "Point",
        "coordinates": [
          106.651994,
          10.7528617
        ]
      },
      "id": "node/13521003828"
    },
    {
      "type": "Feature",
      "properties": {
        "@id": "node/13521437693",
        "amenity": "restaurant",
        "name": "Mì Quảng 3 Anh Em"
      },
      "geometry": {
        "type": "Point",
        "coordinates": [
          106.685269,
          10.8010357
        ]
      },
      "id": "node/13521437693"
    },
    {
      "type": "Feature",
      "properties": {
        "@id": "node/13523629182",
        "amenity": "restaurant",
        "name": "Beer garden - Taste of India"
      },
      "geometry": {
        "type": "Point",
        "coordinates": [
          106.6950547,
          10.791194
        ]
      },
      "id": "node/13523629182"
    },
    {
      "type": "Feature",
      "properties": {
        "@id": "node/13524055763",
        "amenity": "restaurant",
        "name": "Cơm tấm chị hồng Calmette"
      },
      "geometry": {
        "type": "Point",
        "coordinates": [
          106.7036329,
          10.7634316
        ]
      },
      "id": "node/13524055763"
    },
    {
      "type": "Feature",
      "properties": {
        "@id": "node/13525371773",
        "amenity": "restaurant",
        "name": "Quán Ốc"
      },
      "geometry": {
        "type": "Point",
        "coordinates": [
          106.7067455,
          10.758923
        ]
      },
      "id": "node/13525371773"
    },
    {
      "type": "Feature",
      "properties": {
        "@id": "node/13525519578",
        "amenity": "restaurant",
        "name": "Quán Nga - Bún thịt nướng"
      },
      "geometry": {
        "type": "Point",
        "coordinates": [
          106.6909826,
          10.7917587
        ]
      },
      "id": "node/13525519578"
    },
    {
      "type": "Feature",
      "properties": {
        "@id": "node/13528708354",
        "amenity": "restaurant",
        "cuisine": "vietnamese",
        "name": "Banh canh"
      },
      "geometry": {
        "type": "Point",
        "coordinates": [
          106.6870569,
          10.7994173
        ]
      },
      "id": "node/13528708354"
    },
    {
      "type": "Feature",
      "properties": {
        "@id": "node/13529296428",
        "amenity": "restaurant",
        "name": "Cơm tấm Khương cs2"
      },
      "geometry": {
        "type": "Point",
        "coordinates": [
          106.6365506,
          10.8377676
        ]
      },
      "id": "node/13529296428"
    },
    {
      "type": "Feature",
      "properties": {
        "@id": "node/13531464673",
        "addr:district": "Phường An Khánh",
        "addr:housenumber": "2",
        "addr:street": "Trúc Đường",
        "air_conditioning": "yes",
        "amenity": "restaurant",
        "check_date": "2026-02-02",
        "contact:phone": "+84 93 333 57 57",
        "cuisine": "vietnamese;chinese",
        "name": "Hủ Tiếu Nam Vang A - Lú",
        "old_addr:city": "Thành phố Thủ Đức",
        "old_addr:district": "Quận 2",
        "old_addr:subdistrict": "Phường Thảo Điền"
      },
      "geometry": {
        "type": "Point",
        "coordinates": [
          106.7331432,
          10.8086964
        ]
      },
      "id": "node/13531464673"
    },
    {
      "type": "Feature",
      "properties": {
        "@id": "node/13531914872",
        "amenity": "restaurant",
        "name": "Hanuri"
      },
      "geometry": {
        "type": "Point",
        "coordinates": [
          106.7087883,
          10.7944111
        ]
      },
      "id": "node/13531914872"
    },
    {
      "type": "Feature",
      "properties": {
        "@id": "node/13532651201",
        "addr:housenumber": "60",
        "addr:street": "Thành Thái",
        "amenity": "restaurant",
        "cuisine": "noodle",
        "name": "Mì Quảng Hai Chị Em"
      },
      "geometry": {
        "type": "Point",
        "coordinates": [
          106.6654569,
          10.7718079
        ]
      },
      "id": "node/13532651201"
    },
    {
      "type": "Feature",
      "properties": {
        "@id": "node/13532888501",
        "addr:housenumber": "38",
        "addr:street": "Lê Đức Thọ",
        "amenity": "restaurant",
        "cuisine": "breakfast;vietnamese",
        "name": "Cơm Tấm Phúc Lộc Thọ",
        "website": "https://comtamphucloctho.vn/"
      },
      "geometry": {
        "type": "Point",
        "coordinates": [
          106.682773,
          10.8321683
        ]
      },
      "id": "node/13532888501"
    },
    {
      "type": "Feature",
      "properties": {
        "@id": "node/13533560501",
        "amenity": "restaurant",
        "cuisine": "vietnamese",
        "diet:vegan": "yes",
        "diet:vegetarian": "yes",
        "name": "Chay Diệu My"
      },
      "geometry": {
        "type": "Point",
        "coordinates": [
          106.6954529,
          10.7638908
        ]
      },
      "id": "node/13533560501"
    },
    {
      "type": "Feature",
      "properties": {
        "@id": "node/13534267030",
        "amenity": "restaurant",
        "name": "Lẩu Bò - Bảo ký"
      },
      "geometry": {
        "type": "Point",
        "coordinates": [
          106.6207644,
          10.7885088
        ]
      },
      "id": "node/13534267030"
    },
    {
      "type": "Feature",
      "properties": {
        "@id": "node/13534608649",
        "amenity": "restaurant",
        "name": "Chè mai"
      },
      "geometry": {
        "type": "Point",
        "coordinates": [
          106.6395874,
          10.7929145
        ]
      },
      "id": "node/13534608649"
    },
    {
      "type": "Feature",
      "properties": {
        "@id": "node/13535761476",
        "addr:city": "Ho Chi Minh City",
        "addr:district": "Quận 10",
        "addr:housenumber": "252",
        "addr:street": "Lý Thái Tổ",
        "addr:subdistrict": "Phường 01",
        "amenity": "restaurant",
        "cuisine": "sticky_rice",
        "name": "Xôi Bình Tiên"
      },
      "geometry": {
        "type": "Point",
        "coordinates": [
          106.6766746,
          10.7670949
        ]
      },
      "id": "node/13535761476"
    },
    {
      "type": "Feature",
      "properties": {
        "@id": "node/13541335702",
        "amenity": "restaurant",
        "name": "Hung Map"
      },
      "geometry": {
        "type": "Point",
        "coordinates": [
          106.6879562,
          10.7661348
        ]
      },
      "id": "node/13541335702"
    },
    {
      "type": "Feature",
      "properties": {
        "@id": "node/13541335703",
        "amenity": "restaurant",
        "cuisine": "seafood",
        "name": "Oc Dao"
      },
      "geometry": {
        "type": "Point",
        "coordinates": [
          106.6846551,
          10.7652142
        ]
      },
      "id": "node/13541335703"
    },
    {
      "type": "Feature",
      "properties": {
        "@id": "node/13542366200",
        "amenity": "restaurant",
        "name": "Phở Anh"
      },
      "geometry": {
        "type": "Point",
        "coordinates": [
          106.6828713,
          10.7844647
        ]
      },
      "id": "node/13542366200"
    },
    {
      "type": "Feature",
      "properties": {
        "@id": "node/13543289958",
        "amenity": "restaurant",
        "name": "Bánh xèo"
      },
      "geometry": {
        "type": "Point",
        "coordinates": [
          106.6362996,
          10.7866919
        ]
      },
      "id": "node/13543289958"
    },
    {
      "type": "Feature",
      "properties": {
        "@id": "node/13544138201",
        "amenity": "restaurant",
        "name": "Cafe Latino"
      },
      "geometry": {
        "type": "Point",
        "coordinates": [
          106.6908524,
          10.7814124
        ]
      },
      "id": "node/13544138201"
    },
    {
      "type": "Feature",
      "properties": {
        "@id": "node/13555998781",
        "amenity": "restaurant",
        "name": "Bún thịt nướng Cô Nga"
      },
      "geometry": {
        "type": "Point",
        "coordinates": [
          106.706738,
          10.7608349
        ]
      },
      "id": "node/13555998781"
    },
    {
      "type": "Feature",
      "properties": {
        "@id": "node/13580481802",
        "amenity": "restaurant",
        "name": "Duyến Ký"
      },
      "geometry": {
        "type": "Point",
        "coordinates": [
          106.6627352,
          10.7517208
        ]
      },
      "id": "node/13580481802"
    },
    {
      "type": "Feature",
      "properties": {
        "@id": "node/13584140069",
        "amenity": "restaurant",
        "diet:vegetarian": "only",
        "name": "Buffet Chay Omhoon"
      },
      "geometry": {
        "type": "Point",
        "coordinates": [
          106.6525802,
          10.8000008
        ]
      },
      "id": "node/13584140069"
    },
    {
      "type": "Feature",
      "properties": {
        "@id": "node/13586164126",
        "air_conditioning": "no",
        "amenity": "restaurant",
        "changing_table": "no",
        "cuisine": "vietnamese",
        "diet:gluten_free": "yes",
        "diet:halal": "yes",
        "diet:vegan": "yes",
        "diet:vegetarian": "only",
        "indoor_seating": "yes",
        "name": "Quán Chay 59",
        "outdoor_seating": "sidewalk",
        "phone": "+84707522617",
        "smoking": "no",
        "wheelchair": "no"
      },
      "geometry": {
        "type": "Point",
        "coordinates": [
          106.7099884,
          10.7917746
        ]
      },
      "id": "node/13586164126"
    },
    {
      "type": "Feature",
      "properties": {
        "@id": "node/13607388956",
        "amenity": "restaurant",
        "changing_table": "no",
        "cuisine": "cantonese;vietnamese",
        "diet:gluten_free": "no",
        "diet:halal": "yes",
        "diet:vegan": "only",
        "diet:vegetarian": "only",
        "indoor_seating": "no",
        "name": "Hủ Tiếu Chay Chú Quang",
        "opening_hours": "Mo-Su 17:30-21:30",
        "outdoor_seating": "street",
        "smoking": "no",
        "wheelchair": "yes"
      },
      "geometry": {
        "type": "Point",
        "coordinates": [
          106.655196,
          10.7624821
        ]
      },
      "id": "node/13607388956"
    },
    {
      "type": "Feature",
      "properties": {
        "@id": "node/13608852390",
        "amenity": "restaurant",
        "name": "Gắp gắp"
      },
      "geometry": {
        "type": "Point",
        "coordinates": [
          106.6894773,
          10.7864428
        ]
      },
      "id": "node/13608852390"
    },
    {
      "type": "Feature",
      "properties": {
        "@id": "node/13609184534",
        "air_conditioning": "yes",
        "amenity": "restaurant",
        "cuisine": "indian",
        "diet:gluten_free": "yes",
        "diet:halal": "only",
        "diet:vegan": "yes",
        "diet:vegetarian": "only",
        "indoor_seating": "yes",
        "name": "Atithi Indian Vegetarian",
        "opening_hours": "Mo-Su 09:00-23:30",
        "outdoor_seating": "no",
        "phone": "+84908869931",
        "smoking": "no",
        "wheelchair": "no"
      },
      "geometry": {
        "type": "Point",
        "coordinates": [
          106.6940388,
          10.771926
        ]
      },
      "id": "node/13609184534"
    },
    {
      "type": "Feature",
      "properties": {
        "@id": "node/13611605873",
        "air_conditioning": "yes",
        "amenity": "restaurant",
        "changing_table": "no",
        "cuisine": "vietnamese;korean",
        "diet:gluten_free": "yes",
        "diet:halal": "only",
        "diet:vegan": "only",
        "diet:vegetarian": "only",
        "indoor_seating": "yes",
        "name": "Trạm Chạm Chay",
        "outdoor_seating": "balcony",
        "smoking": "no",
        "wheelchair": "no"
      },
      "geometry": {
        "type": "Point",
        "coordinates": [
          106.6766758,
          10.7799416
        ]
      },
      "id": "node/13611605873"
    },
    {
      "type": "Feature",
      "properties": {
        "@id": "node/13611704106",
        "amenity": "restaurant",
        "name": "Bột chiên"
      },
      "geometry": {
        "type": "Point",
        "coordinates": [
          106.7094388,
          10.7935393
        ]
      },
      "id": "node/13611704106"
    },
    {
      "type": "Feature",
      "properties": {
        "@id": "node/13618053201",
        "addr:housenumber": "Hưng Vượng 2",
        "addr:street": "Bùi Bằng Đoàn",
        "amenity": "restaurant",
        "check_date": "2026-03-04",
        "cuisine": "vietnamese",
        "name": "Phở Việt Nam",
        "phone": "+84909 297 400"
      },
      "geometry": {
        "type": "Point",
        "coordinates": [
          106.7087217,
          10.7309334
        ]
      },
      "id": "node/13618053201"
    },
    {
      "type": "Feature",
      "properties": {
        "@id": "node/13618095901",
        "addr:street": "Nguyễn Đức Cảnh",
        "amenity": "restaurant",
        "check_date": "2026-03-04",
        "cuisine": "vietnamese",
        "internet_access": "wlan",
        "name": "Phở SOL"
      },
      "geometry": {
        "type": "Point",
        "coordinates": [
          106.7088351,
          10.7269412
        ]
      },
      "id": "node/13618095901"
    },
    {
      "type": "Feature",
      "properties": {
        "@id": "node/13624485707",
        "addr:city": "Hồ Chí Minh",
        "addr:district": "Quận Tân Phú",
        "addr:housenumber": "99",
        "addr:postcode": "72000",
        "addr:province": "Thành phố Hồ Chí Minh",
        "addr:street": "Tây Thạnh",
        "addr:subdistrict": "Phường Tây Thạnh",
        "amenity": "restaurant",
        "name": "GU Bình Dân - Quán nhậu ngon gần đây Tây Thạnh, Tân Phú",
        "opening_hours": "Mo-Su 16:00-23:00",
        "phone": "0393770294",
        "website": "https://gubinhdan.com/"
      },
      "geometry": {
        "type": "Point",
        "coordinates": [
          106.625199,
          10.8158476
        ]
      },
      "id": "node/13624485707"
    },
    {
      "type": "Feature",
      "properties": {
        "@id": "node/13625666305",
        "amenity": "restaurant",
        "name": "Thanh Dat"
      },
      "geometry": {
        "type": "Point",
        "coordinates": [
          106.6810554,
          10.7657079
        ]
      },
      "id": "node/13625666305"
    },
    {
      "type": "Feature",
      "properties": {
        "@id": "node/13629743723",
        "air_conditioning": "no",
        "amenity": "restaurant",
        "changing_table": "no",
        "diet:gluten_free": "no",
        "diet:halal": "only",
        "diet:vegan": "only",
        "diet:vegetarian": "only",
        "indoor_seating": "yes",
        "name": "Bún Riêu Chay",
        "opening_hours": "Mo-Su 11:00-20:00",
        "outdoor_seating": "no",
        "payment:credit_cards": "no",
        "payment:debit_cards": "no",
        "smoking": "no",
        "wheelchair": "yes"
      },
      "geometry": {
        "type": "Point",
        "coordinates": [
          106.6716847,
          10.7679322
        ]
      },
      "id": "node/13629743723"
    },
    {
      "type": "Feature",
      "properties": {
        "@id": "node/13629745380",
        "air_conditioning": "no",
        "amenity": "restaurant",
        "changing_table": "yes",
        "diet:gluten_free": "no",
        "diet:halal": "yes",
        "diet:vegan": "only",
        "diet:vegetarian": "only",
        "indoor_seating": "yes",
        "name": "Bún Riêu Chay",
        "outdoor_seating": "no",
        "payment:credit_cards": "no",
        "payment:debit_cards": "no",
        "smoking": "no",
        "wheelchair": "yes"
      },
      "geometry": {
        "type": "Point",
        "coordinates": [
          106.6716847,
          10.7679322
        ]
      },
      "id": "node/13629745380"
    },
    {
      "type": "Feature",
      "properties": {
        "@id": "node/13633833869",
        "air_conditioning": "yes",
        "amenity": "restaurant",
        "changing_table": "no",
        "cuisine": "vietnamese",
        "diet:gluten_free": "yes",
        "diet:halal": "only",
        "diet:vegan": "only",
        "diet:vegetarian": "only",
        "indoor_seating": "yes",
        "name": "Quán Chay Nấm Hân",
        "opening_hours": "Mo-Su 08:00-13:00,16:00-21:00",
        "outdoor_seating": "no",
        "payment:credit_cards": "no",
        "payment:debit_cards": "no",
        "phone": "+84877887889",
        "smoking": "no",
        "wheelchair": "no"
      },
      "geometry": {
        "type": "Point",
        "coordinates": [
          106.6991406,
          10.7531205
        ]
      },
      "id": "node/13633833869"
    },
    {
      "type": "Feature",
      "properties": {
        "@id": "node/13636192263",
        "addr:housenumber": "898-900",
        "addr:street": "Đường Nguyễn Trãi",
        "amenity": "restaurant",
        "cuisine": "vietnamese",
        "name": "Hủ tiếu mì Thuận Lợi"
      },
      "geometry": {
        "type": "Point",
        "coordinates": [
          106.6558494,
          10.7529552
        ]
      },
      "id": "node/13636192263"
    },
    {
      "type": "Feature",
      "properties": {
        "@id": "node/13638074226",
        "amenity": "restaurant",
        "cuisine": "hotpot;cantonese;vietnamese",
        "diet:vegetarian": "only",
        "indoor_seating": "yes",
        "name": "Lẩu Chay Diệu Tài",
        "outdoor_seating": "no",
        "wheelchair": "no"
      },
      "geometry": {
        "type": "Point",
        "coordinates": [
          106.6752706,
          10.7497784
        ]
      },
      "id": "node/13638074226"
    },
    {
      "type": "Feature",
      "properties": {
        "@id": "node/13647166402",
        "air_conditioning": "yes",
        "amenity": "restaurant",
        "cuisine": "hotpot;vietnamese",
        "diet:gluten_free": "yes",
        "diet:halal": "yes",
        "diet:vegan": "yes",
        "diet:vegetarian": "only",
        "indoor_seating": "yes",
        "name": "Ann Vegetarian",
        "name:vi": "Nhà Hàng Chay Ann",
        "outdoor_seating": "no",
        "phone": "+84936581996",
        "smoking": "no",
        "wheelchair": "no"
      },
      "geometry": {
        "type": "Point",
        "coordinates": [
          106.6615827,
          10.7826015
        ]
      },
      "id": "node/13647166402"
    },
    {
      "type": "Feature",
      "properties": {
        "@id": "node/13649066201",
        "amenity": "restaurant"
      },
      "geometry": {
        "type": "Point",
        "coordinates": [
          106.6852049,
          10.7723476
        ]
      },
      "id": "node/13649066201"
    },
    {
      "type": "Feature",
      "properties": {
        "@id": "node/13649449940",
        "air_conditioning": "yes",
        "amenity": "restaurant",
        "cuisine": "vietnamese",
        "diet:gluten_free": "yes",
        "diet:halal": "yes",
        "diet:vegan": "yes",
        "diet:vegetarian": "only",
        "indoor_seating": "yes",
        "name": "Nhà Hàng Chay Tuệ Minh",
        "outdoor_seating": "no",
        "phone": "+84988169314",
        "smoking": "no",
        "wheelchair": "no"
      },
      "geometry": {
        "type": "Point",
        "coordinates": [
          106.7112716,
          10.7901107
        ]
      },
      "id": "node/13649449940"
    },
    {
      "type": "Feature",
      "properties": {
        "@id": "node/13657260894",
        "addr:housenumber": "836-838",
        "addr:street": "Đường Nguyễn Trãi",
        "amenity": "restaurant",
        "cuisine": "vietnamese",
        "diet:vegetarian": "only",
        "name": "Bánh mì chay Nguyễn Trãi",
        "takeaway": "only"
      },
      "geometry": {
        "type": "Point",
        "coordinates": [
          106.6571361,
          10.7530131
        ]
      },
      "id": "node/13657260894"
    },
    {
      "type": "Feature",
      "properties": {
        "@id": "node/13657814201",
        "amenity": "restaurant",
        "name": "Com"
      },
      "geometry": {
        "type": "Point",
        "coordinates": [
          106.6825162,
          10.7698146
        ]
      },
      "id": "node/13657814201"
    },
    {
      "type": "Feature",
      "properties": {
        "@id": "node/13657814501",
        "amenity": "restaurant"
      },
      "geometry": {
        "type": "Point",
        "coordinates": [
          106.6829476,
          10.7692746
        ]
      },
      "id": "node/13657814501"
    },
    {
      "type": "Feature",
      "properties": {
        "@id": "node/13664555101",
        "amenity": "restaurant"
      },
      "geometry": {
        "type": "Point",
        "coordinates": [
          106.6987865,
          10.773938
        ]
      },
      "id": "node/13664555101"
    },
    {
      "type": "Feature",
      "properties": {
        "@id": "node/13666189401",
        "amenity": "restaurant",
        "name": "Casa Lê Quy Dôn"
      },
      "geometry": {
        "type": "Point",
        "coordinates": [
          106.6928847,
          10.7796001
        ]
      },
      "id": "node/13666189401"
    },
    {
      "type": "Feature",
      "properties": {
        "@id": "node/13667047001",
        "addr:housenumber": "42",
        "addr:street": "Tôn Thất Thiệp",
        "amenity": "restaurant",
        "name": "A Taste of Saigon"
      },
      "geometry": {
        "type": "Point",
        "coordinates": [
          106.7021715,
          10.773828
        ]
      },
      "id": "node/13667047001"
    },
    {
      "type": "Feature",
      "properties": {
        "@id": "node/13667388817",
        "addr:housenumber": "798A",
        "addr:street": "Đường Nguyễn Trãi",
        "amenity": "restaurant",
        "cuisine": "chinese",
        "name": "Gà nướng Bia hơi Hồng Kông"
      },
      "geometry": {
        "type": "Point",
        "coordinates": [
          106.6582278,
          10.7530657
        ]
      },
      "id": "node/13667388817"
    },
    {
      "type": "Feature",
      "properties": {
        "@id": "node/13667388873",
        "addr:housenumber": "822",
        "addr:street": "Đường Nguyễn Trãi",
        "amenity": "restaurant",
        "cuisine": "vietnamese",
        "name": "Tăng"
      },
      "geometry": {
        "type": "Point",
        "coordinates": [
          106.6574822,
          10.7530403
        ]
      },
      "id": "node/13667388873"
    },
    {
      "type": "Feature",
      "properties": {
        "@id": "node/13668153304",
        "amenity": "restaurant",
        "name": "Best pho (Anh Thanh)"
      },
      "geometry": {
        "type": "Point",
        "coordinates": [
          106.6722778,
          10.7726004
        ]
      },
      "id": "node/13668153304"
    },
    {
      "type": "Feature",
      "properties": {
        "@id": "node/13668153801",
        "amenity": "restaurant"
      },
      "geometry": {
        "type": "Point",
        "coordinates": [
          106.6062297,
          10.7199927
        ]
      },
      "id": "node/13668153801"
    },
    {
      "type": "Feature",
      "properties": {
        "@id": "node/13668312701",
        "amenity": "restaurant",
        "name": "Phin Vietnamese Food & Coffee"
      },
      "geometry": {
        "type": "Point",
        "coordinates": [
          106.6937927,
          10.7686953
        ]
      },
      "id": "node/13668312701"
    },
    {
      "type": "Feature",
      "properties": {
        "@id": "node/13668396348",
        "addr:housenumber": "823",
        "addr:street": "Đường Nguyễn Trãi",
        "amenity": "restaurant",
        "cuisine": "chinese",
        "name": "Tâm Ký Phá lấu"
      },
      "geometry": {
        "type": "Point",
        "coordinates": [
          106.6576888,
          10.7528718
        ]
      },
      "id": "node/13668396348"
    },
    {
      "type": "Feature",
      "properties": {
        "@id": "node/13668396353",
        "addr:housenumber": "200B",
        "addr:street": "Đường Phùng Hưng",
        "amenity": "restaurant",
        "cuisine": "chinese",
        "name": "Lý Hòa Trân Lạp vị gia",
        "takeaway": "only"
      },
      "geometry": {
        "type": "Point",
        "coordinates": [
          106.6574836,
          10.7528654
        ]
      },
      "id": "node/13668396353"
    },
    {
      "type": "Feature",
      "properties": {
        "@id": "node/13671357655",
        "air_conditioning": "no",
        "amenity": "restaurant",
        "changing_table": "no",
        "cuisine": "vietnamese",
        "diet:gluten_free": "yes",
        "diet:halal": "yes",
        "diet:vegan": "yes",
        "diet:vegetarian": "only",
        "indoor_seating": "yes",
        "name": "Cơm Chay Thanh Lương",
        "outdoor_seating": "no",
        "phone": "+842838552286",
        "smoking": "no",
        "wheelchair": "yes"
      },
      "geometry": {
        "type": "Point",
        "coordinates": [
          106.6666144,
          10.7672264
        ]
      },
      "id": "node/13671357655"
    },
    {
      "type": "Feature",
      "properties": {
        "@id": "node/13672126201",
        "addr:housenumber": "108b",
        "addr:street": "Phạm Viết Chánh",
        "amenity": "restaurant",
        "name": "Pho thang",
        "opening_hours": "Mo-Su 09:00-02:00"
      },
      "geometry": {
        "type": "Point",
        "coordinates": [
          106.6847937,
          10.767565
        ]
      },
      "id": "node/13672126201"
    },
    {
      "type": "Feature",
      "properties": {
        "@id": "node/13674296034",
        "amenity": "restaurant",
        "changing_table": "no",
        "cuisine": "vietnamese",
        "diet:gluten_free": "yes",
        "diet:halal": "yes",
        "diet:vegan": "only",
        "diet:vegetarian": "only",
        "indoor_seating": "no",
        "name": "Bếp Chay An Xanh",
        "outdoor_seating": "street",
        "smoking": "no",
        "toilets:wheelchair": "no",
        "wheelchair": "limited"
      },
      "geometry": {
        "type": "Point",
        "coordinates": [
          106.6791296,
          10.7672317
        ]
      },
      "id": "node/13674296034"
    },
    {
      "type": "Feature",
      "properties": {
        "@id": "node/13674757601",
        "addr:housenumber": "70",
        "addr:street": "Nguyễn Trường Tộ",
        "amenity": "restaurant",
        "check_date": "2026-03-24",
        "check_date:opening_hours": "2026-03-24",
        "name": "Bún Bò 5T",
        "opening_hours": "Mo-Su 06:00-21:00",
        "phone": "+84949833668",
        "website:menu": "https://humble.asia/bun-bo-5t/quan-4/"
      },
      "geometry": {
        "type": "Point",
        "coordinates": [
          106.7050879,
          10.7646988
        ]
      },
      "id": "node/13674757601"
    },
    {
      "type": "Feature",
      "properties": {
        "@id": "node/13676681202",
        "amenity": "restaurant",
        "brand": "Pizza Hut",
        "brand:wikidata": "Q191615",
        "cuisine": "pizza",
        "name": "Pizza Hut"
      },
      "geometry": {
        "type": "Point",
        "coordinates": [
          106.61765,
          10.8012501
        ]
      },
      "id": "node/13676681202"
    },
    {
      "type": "Feature",
      "properties": {
        "@id": "node/13679641401",
        "amenity": "restaurant"
      },
      "geometry": {
        "type": "Point",
        "coordinates": [
          106.6660869,
          10.8030216
        ]
      },
      "id": "node/13679641401"
    },
    {
      "type": "Feature",
      "properties": {
        "@id": "node/13679641501",
        "amenity": "restaurant"
      },
      "geometry": {
        "type": "Point",
        "coordinates": [
          106.6661672,
          10.8033237
        ]
      },
      "id": "node/13679641501"
    },
    {
      "type": "Feature",
      "properties": {
        "@id": "node/13679641602",
        "amenity": "restaurant"
      },
      "geometry": {
        "type": "Point",
        "coordinates": [
          106.6686066,
          10.8075771
        ]
      },
      "id": "node/13679641602"
    },
    {
      "type": "Feature",
      "properties": {
        "@id": "node/13684573932",
        "air_conditioning": "no",
        "amenity": "restaurant",
        "changing_table": "no",
        "cuisine": "vietnamese",
        "diet:gluten_free": "yes",
        "diet:halal": "yes",
        "diet:vegan": "yes",
        "diet:vegetarian": "only",
        "indoor_seating": "yes",
        "name": "AnHome Chay & Cà Phê",
        "outdoor_seating": "no",
        "phone": "+84985201211",
        "smoking": "no",
        "wheelchair": "no"
      },
      "geometry": {
        "type": "Point",
        "coordinates": [
          106.643979,
          10.793907
        ]
      },
      "id": "node/13684573932"
    },
    {
      "type": "Feature",
      "properties": {
        "@id": "node/13688604718",
        "addr:city": "Phường An Phú Đông",
        "addr:housenumber": "42A",
        "addr:province": "Thành phố Hồ Chí Minh",
        "addr:street": "Thạnh Lộc 19",
        "addr:subdistrict": "Khu phố 44",
        "amenity": "restaurant",
        "cuisine": "vietnamese",
        "name": "Quán ăn"
      },
      "geometry": {
        "type": "Point",
        "coordinates": [
          106.6814852,
          10.8671622
        ]
      },
      "id": "node/13688604718"
    },
    {
      "type": "Feature",
      "properties": {
        "@id": "node/13688604719",
        "addr:city": "Phường An Phú Đông",
        "addr:housenumber": "362/18",
        "addr:province": "Thành phố Hồ Chí Minh",
        "addr:street": "Thạnh Lộc 19",
        "addr:subdistrict": "Khu phố 44",
        "amenity": "restaurant",
        "cuisine": "vietnamese",
        "name": "Quán ăn"
      },
      "geometry": {
        "type": "Point",
        "coordinates": [
          106.6830735,
          10.869264
        ]
      },
      "id": "node/13688604719"
    },
    {
      "type": "Feature",
      "properties": {
        "@id": "node/13688642115",
        "addr:district": "Chánh Hưng",
        "addr:housenumber": "655",
        "addr:province": "Thành phố Hồ Chí Minh",
        "addr:street": "Tạ Quang Bửu",
        "addr:subdistrict": "Phường 04",
        "amenity": "restaurant",
        "cuisine": "vietnamese;seafood;regional;grill",
        "image": "https://lh3.googleusercontent.com/p/AF1QipNwcamYOunCKYxgqAYNfJRKkNfb4Q4WVk5X0nur=s1024-v1",
        "name": "Quán Cỏ May - 655 Tạ Quang Bửu",
        "opening_hours": "Mo-Su 11:00-23:00",
        "phone": "+84906828735"
      },
      "geometry": {
        "type": "Point",
        "coordinates": [
          106.6756523,
          10.7395214
        ]
      },
      "id": "node/13688642115"
    },
    {
      "type": "Feature",
      "properties": {
        "@id": "node/13695085289",
        "air_conditioning": "yes",
        "amenity": "restaurant",
        "changing_table": "no",
        "cuisine": "vietnamese;hotpot",
        "diet:gluten_free": "yes",
        "diet:halal": "no",
        "diet:vegan": "yes",
        "diet:vegetarian": "yes",
        "indoor_seating": "yes",
        "name": "Lẩu Nấm Rơm",
        "outdoor_seating": "no",
        "phone": "+84936164479",
        "smoking": "no",
        "wheelchair": "no"
      },
      "geometry": {
        "type": "Point",
        "coordinates": [
          106.6694469,
          10.7722706
        ]
      },
      "id": "node/13695085289"
    },
    {
      "type": "Feature",
      "properties": {
        "@id": "node/13698169465",
        "addr:housenumber": "30",
        "addr:street": "Đường số 2",
        "amenity": "restaurant",
        "cuisine": "vietnamese",
        "name": "Quán bún bò"
      },
      "geometry": {
        "type": "Point",
        "coordinates": [
          106.6556936,
          10.7720804
        ]
      },
      "id": "node/13698169465"
    },
    {
      "type": "Feature",
      "properties": {
        "@id": "node/13701301388",
        "amenity": "restaurant",
        "cuisine": "vietnamese",
        "diet:vegetarian": "only",
        "name": "Cơm Tấm Chay An",
        "phone": "+84835147180"
      },
      "geometry": {
        "type": "Point",
        "coordinates": [
          106.660185,
          10.7919566
        ]
      },
      "id": "node/13701301388"
    },
    {
      "type": "Feature",
      "properties": {
        "@id": "node/13703442286",
        "air_conditioning": "no",
        "amenity": "restaurant",
        "changing_table": "no",
        "cuisine": "vietnamese",
        "diet:gluten_free": "yes",
        "diet:halal": "yes",
        "diet:vegan": "only",
        "diet:vegetarian": "only",
        "indoor_seating": "yes",
        "name": "Quán Chay Tâm Đức",
        "opening_hours": "Mo-Sa 10:30-14:00, Mo-Su 16:00-21:00",
        "outdoor_seating": "sidewalk",
        "payment:credit_cards": "no",
        "payment:debit_cards": "no",
        "phone": "+84928770750",
        "smoking": "no",
        "wheelchair": "no"
      },
      "geometry": {
        "type": "Point",
        "coordinates": [
          106.6544594,
          10.776502
        ]
      },
      "id": "node/13703442286"
    },
    {
      "type": "Feature",
      "properties": {
        "@id": "node/13705391875",
        "air_conditioning": "yes",
        "amenity": "restaurant",
        "changing_table": "no",
        "cuisine": "vietnamese",
        "diet:gluten_free": "yes",
        "diet:halal": "yes",
        "diet:vegan": "yes",
        "diet:vegetarian": "only",
        "indoor_seating": "yes",
        "name": "Chay Hoa Sala",
        "outdoor_seating": "patio",
        "phone": "+84967717103",
        "smoking": "no",
        "wheelchair": "no"
      },
      "geometry": {
        "type": "Point",
        "coordinates": [
          106.6208618,
          10.7955577
        ]
      },
      "id": "node/13705391875"
    },
    {
      "type": "Feature",
      "properties": {
        "@id": "node/13713659477",
        "air_conditioning": "no",
        "amenity": "restaurant",
        "changing_table": "no",
        "cuisine": "vietnamese",
        "diet:gluten_free": "yes",
        "diet:halal": "yes",
        "diet:vegan": "yes",
        "diet:vegetarian": "only",
        "indoor_seating": "yes",
        "name": "Nhà Hàng Chay Yukikitchen",
        "outdoor_seating": "no",
        "smoking": "no",
        "wheelchair": "no"
      },
      "geometry": {
        "type": "Point",
        "coordinates": [
          106.6897081,
          10.7935352
        ]
      },
      "id": "node/13713659477"
    },
    {
      "type": "Feature",
      "properties": {
        "@id": "node/13713769911",
        "air_conditioning": "no",
        "amenity": "restaurant",
        "changing_table": "no",
        "cuisine": "vietnamese",
        "diet:gluten_free": "yes",
        "diet:halal": "yes",
        "diet:vegan": "yes",
        "diet:vegetarian": "only",
        "indoor_seating": "yes",
        "name": "Thực Dưỡng Chay Yến Phương - 757",
        "outdoor_seating": "no",
        "payment:credit_cards": "no",
        "payment:debit_cards": "no",
        "phone": "+84792021268",
        "smoking": "no",
        "wheelchair": "no"
      },
      "geometry": {
        "type": "Point",
        "coordinates": [
          106.6820517,
          10.7750642
        ]
      },
      "id": "node/13713769911"
    },
    {
      "type": "Feature",
      "properties": {
        "@id": "node/13716199433",
        "air_conditioning": "yes",
        "amenity": "restaurant",
        "cuisine": "ethiopian",
        "diet:gluten_free": "yes",
        "diet:vegan": "yes",
        "diet:vegetarian": "yes",
        "indoor_seating": "yes",
        "name": "Nhà Hàng Ethiopia Sara",
        "outdoor_seating": "veranda",
        "payment:credit_cards": "yes",
        "payment:debit_cards": "yes",
        "smoking": "no",
        "wheelchair": "yes"
      },
      "geometry": {
        "type": "Point",
        "coordinates": [
          106.7239469,
          10.776317
        ]
      },
      "id": "node/13716199433"
    },
    {
      "type": "Feature",
      "properties": {
        "@id": "node/13718409597",
        "air_conditioning": "yes",
        "amenity": "restaurant",
        "changing_table": "no",
        "cuisine": "vietnamese",
        "diet:gluten_free": "yes",
        "diet:halal": "yes",
        "diet:vegan": "yes",
        "diet:vegetarian": "only",
        "indoor_seating": "yes",
        "name": "Nhà Hàng Chay Thăng Hoa 487",
        "opening_hours": "Mo-Su 08:30-21:30",
        "outdoor_seating": "no",
        "smoking": "no",
        "wheelchair": "no"
      },
      "geometry": {
        "type": "Point",
        "coordinates": [
          106.6422916,
          10.7852577
        ]
      },
      "id": "node/13718409597"
    },
    {
      "type": "Feature",
      "properties": {
        "@id": "node/13722505442",
        "air_conditioning": "no",
        "amenity": "restaurant",
        "changing_table": "no",
        "cuisine": "vietnamese",
        "diet:gluten_free": "yes",
        "diet:halal": "yes",
        "diet:vegan": "only",
        "diet:vegetarian": "only",
        "indoor_seating": "yes",
        "name": "Cơm Tấm Chay 253",
        "outdoor_seating": "no",
        "payment:credit_cards": "no",
        "payment:debit_cards": "no",
        "smoking": "no",
        "wheelchair": "yes"
      },
      "geometry": {
        "type": "Point",
        "coordinates": [
          106.6717884,
          10.7588579
        ]
      },
      "id": "node/13722505442"
    },
    {
      "type": "Feature",
      "properties": {
        "@id": "node/13722857243",
        "amenity": "restaurant",
        "changing_table": "no",
        "cuisine": "vietnamese",
        "diet:gluten_free": "yes",
        "diet:halal": "yes",
        "diet:vegan": "yes",
        "diet:vegetarian": "only",
        "indoor_seating": "no",
        "name": "Hủ Tiếu Chay Hương Phát",
        "outdoor_seating": "sidewalk",
        "payment:credit_cards": "no",
        "payment:debit_cards": "no",
        "phone": "+84903602644",
        "smoking": "no",
        "wheelchair": "yes"
      },
      "geometry": {
        "type": "Point",
        "coordinates": [
          106.641586,
          10.7981936
        ]
      },
      "id": "node/13722857243"
    },
    {
      "type": "Feature",
      "properties": {
        "@id": "node/13729830786",
        "amenity": "restaurant",
        "changing_table": "no",
        "cuisine": "vietnamese",
        "diet:gluten_free": "yes",
        "diet:halal": "yes",
        "diet:vegan": "only",
        "diet:vegetarian": "only",
        "indoor_seating": "no",
        "name": "Cơm Chay Tâm Phúc",
        "outdoor_seating": "street",
        "payment:credit_cards": "no",
        "payment:debit_cards": "no",
        "smoking": "no",
        "wheelchair": "yes"
      },
      "geometry": {
        "type": "Point",
        "coordinates": [
          106.6732373,
          10.7821222
        ]
      },
      "id": "node/13729830786"
    },
    {
      "type": "Feature",
      "properties": {
        "@id": "node/13741909302",
        "amenity": "restaurant",
        "check_date": "2026-04-19",
        "cuisine": "vietnamese",
        "diet:vegan": "yes",
        "name": "Hoang's Kitchen"
      },
      "geometry": {
        "type": "Point",
        "coordinates": [
          106.6906538,
          10.7671732
        ]
      },
      "id": "node/13741909302"
    },
    {
      "type": "Feature",
      "properties": {
        "@id": "node/13742183999",
        "air_conditioning": "yes",
        "amenity": "restaurant",
        "changing_table": "no",
        "cuisine": "vietnamese",
        "diet:gluten_free": "yes",
        "diet:halal": "yes",
        "diet:vegan": "yes",
        "diet:vegetarian": "only",
        "indoor_seating": "yes",
        "name": "Nhà Hàng Chay Tashi",
        "opening_hours": "Mo-Su 07:30-21:00",
        "outdoor_seating": "patio",
        "phone": "+84888553055",
        "smoking": "no",
        "website": "https://tashiveggie.cukcuk.vn",
        "wheelchair": "no"
      },
      "geometry": {
        "type": "Point",
        "coordinates": [
          106.7002663,
          10.7481734
        ]
      },
      "id": "node/13742183999"
    },
    {
      "type": "Feature",
      "properties": {
        "@id": "node/13742629605",
        "amenity": "restaurant",
        "diet:vegetarian": "only",
        "name": "Cơm Chay Yến Mai"
      },
      "geometry": {
        "type": "Point",
        "coordinates": [
          106.6609185,
          10.7666041
        ]
      },
      "id": "node/13742629605"
    },
    {
      "type": "Feature",
      "properties": {
        "@id": "node/13743230101",
        "addr:housenumber": "267",
        "addr:street": "Ðề Thám",
        "amenity": "restaurant",
        "check_date": "2026-04-23",
        "check_date:opening_hours": "2026-04-23",
        "cuisine": "burger;hotdog;kebab;sandwich",
        "diet:vegan": "yes",
        "diet:vegetarian": "yes",
        "email": "gotchasaigon@gmail.com",
        "internet_access": "wlan",
        "level": "0",
        "name": "Gotcha Saigon",
        "opening_hours": "24/7",
        "phone": "+84834336966",
        "self_service": "only"
      },
      "geometry": {
        "type": "Point",
        "coordinates": [
          106.6933655,
          10.7683685
        ]
      },
      "id": "node/13743230101"
    },
    {
      "type": "Feature",
      "properties": {
        "@id": "node/13751835701",
        "amenity": "restaurant",
        "check_date": "2026-04-22",
        "check_date:opening_hours": "2026-04-22",
        "cuisine": "vietnamese",
        "diet:vegan": "yes",
        "name": "nâunâu Vegan",
        "opening_hours": "Mo-Sa 09:00-21:00"
      },
      "geometry": {
        "type": "Point",
        "coordinates": [
          106.690904,
          10.7666113
        ]
      },
      "id": "node/13751835701"
    },
    {
      "type": "Feature",
      "properties": {
        "@id": "node/13754124801",
        "amenity": "restaurant"
      },
      "geometry": {
        "type": "Point",
        "coordinates": [
          106.6783881,
          10.785619
        ]
      },
      "id": "node/13754124801"
    },
    {
      "type": "Feature",
      "properties": {
        "@id": "node/13754414105",
        "addr:housenumber": "669",
        "addr:street": "Đường Nguyễn Trãi",
        "amenity": "restaurant",
        "cuisine": "chinese",
        "name": "Bánh cuốn Quảng Đông"
      },
      "geometry": {
        "type": "Point",
        "coordinates": [
          106.662237,
          10.7530683
        ]
      },
      "id": "node/13754414105"
    },
    {
      "type": "Feature",
      "properties": {
        "@id": "node/13754659002",
        "addr:housenumber": "27",
        "addr:street": "Đường Nguyễn Thiện Thuật",
        "amenity": "restaurant",
        "name": "Ginza"
      },
      "geometry": {
        "type": "Point",
        "coordinates": [
          106.6816121,
          10.7666089
        ]
      },
      "id": "node/13754659002"
    },
    {
      "type": "Feature",
      "properties": {
        "@id": "node/13754826501",
        "amenity": "restaurant"
      },
      "geometry": {
        "type": "Point",
        "coordinates": [
          106.6856135,
          10.764876
        ]
      },
      "id": "node/13754826501"
    },
    {
      "type": "Feature",
      "properties": {
        "@id": "node/13754895716",
        "air_conditioning": "no",
        "amenity": "restaurant",
        "diet:vegetarian": "only",
        "name": "Chay Tâm An",
        "wheelchair": "yes"
      },
      "geometry": {
        "type": "Point",
        "coordinates": [
          106.6765064,
          10.7906815
        ]
      },
      "id": "node/13754895716"
    },
    {
      "type": "Feature",
      "properties": {
        "@id": "node/13754968375",
        "air_conditioning": "yes",
        "amenity": "restaurant",
        "cuisine": "vietnamese;hotpot",
        "diet:gluten_free": "yes",
        "diet:halal": "yes",
        "diet:vegan": "yes",
        "diet:vegetarian": "only",
        "indoor_seating": "yes",
        "name": "Ăn Rau Chay",
        "outdoor_seating": "no",
        "smoking": "no"
      },
      "geometry": {
        "type": "Point",
        "coordinates": [
          106.676478,
          10.7916997
        ]
      },
      "id": "node/13754968375"
    },
    {
      "type": "Feature",
      "properties": {
        "@id": "node/13757967502",
        "amenity": "restaurant"
      },
      "geometry": {
        "type": "Point",
        "coordinates": [
          106.6517149,
          10.7523241
        ]
      },
      "id": "node/13757967502"
    },
    {
      "type": "Feature",
      "properties": {
        "@id": "node/13757967503",
        "amenity": "restaurant",
        "name": "Pho 30k"
      },
      "geometry": {
        "type": "Point",
        "coordinates": [
          106.642465,
          10.7540598
        ]
      },
      "id": "node/13757967503"
    },
    {
      "type": "Feature",
      "properties": {
        "@id": "node/13757967506",
        "amenity": "restaurant",
        "name": "Com tam"
      },
      "geometry": {
        "type": "Point",
        "coordinates": [
          106.6217644,
          10.757091
        ]
      },
      "id": "node/13757967506"
    },
    {
      "type": "Feature",
      "properties": {
        "@id": "node/13757967601",
        "amenity": "restaurant"
      },
      "geometry": {
        "type": "Point",
        "coordinates": [
          106.6518487,
          10.7523052
        ]
      },
      "id": "node/13757967601"
    },
    {
      "type": "Feature",
      "properties": {
        "@id": "node/13757967605",
        "amenity": "restaurant"
      },
      "geometry": {
        "type": "Point",
        "coordinates": [
          106.6230985,
          10.7565559
        ]
      },
      "id": "node/13757967605"
    },
    {
      "type": "Feature",
      "properties": {
        "@id": "node/13757967609",
        "amenity": "restaurant"
      },
      "geometry": {
        "type": "Point",
        "coordinates": [
          106.6180015,
          10.7575647
        ]
      },
      "id": "node/13757967609"
    },
    {
      "type": "Feature",
      "properties": {
        "@id": "node/13757967704",
        "amenity": "restaurant",
        "brand": "Pizza Hut",
        "brand:wikidata": "Q191615",
        "cuisine": "pizza",
        "name": "Pizza Hut"
      },
      "geometry": {
        "type": "Point",
        "coordinates": [
          106.6233473,
          10.7565837
        ]
      },
      "id": "node/13757967704"
    },
    {
      "type": "Feature",
      "properties": {
        "@id": "node/13757967905",
        "amenity": "restaurant",
        "name": "Vit"
      },
      "geometry": {
        "type": "Point",
        "coordinates": [
          106.6219189,
          10.7570669
        ]
      },
      "id": "node/13757967905"
    },
    {
      "type": "Feature",
      "properties": {
        "@id": "node/13757969201",
        "amenity": "restaurant"
      },
      "geometry": {
        "type": "Point",
        "coordinates": [
          106.6229475,
          10.7566159
        ]
      },
      "id": "node/13757969201"
    },
    {
      "type": "Feature",
      "properties": {
        "@id": "node/13760293401",
        "addr:housenumber": "135",
        "addr:street": "Bùi Viện",
        "amenity": "restaurant",
        "check_date": "2026-04-25",
        "check_date:opening_hours": "2026-04-25",
        "cuisine": "burger;pizza;vietnamese",
        "internet_access": "wlan",
        "level": "0",
        "name": "Station Sports Bar",
        "opening_hours": "24/7",
        "phone": "+84815135137",
        "website": "https://www.stationsportbar.com/",
        "website:menu": "https://drive.google.com/drive/mobile/folders/1n1yTwsCQeWD45enfJp5PGg0k06XS_3ql"
      },
      "geometry": {
        "type": "Point",
        "coordinates": [
          106.691926,
          10.7664308
        ]
      },
      "id": "node/13760293401"
    },
    {
      "type": "Feature",
      "properties": {
        "@id": "node/13763672677",
        "amenity": "restaurant",
        "cuisine": "sushi"
      },
      "geometry": {
        "type": "Point",
        "coordinates": [
          106.6844625,
          10.7704588
        ]
      },
      "id": "node/13763672677"
    },
    {
      "type": "Feature",
      "properties": {
        "@id": "node/13767407801",
        "amenity": "restaurant",
        "check_date": "2026-04-27",
        "contact:facebook": "detroitpizzavn",
        "cuisine": "korean;pasta;pizza",
        "internet_access": "wlan",
        "name": "DETROIT PIZZA"
      },
      "geometry": {
        "type": "Point",
        "coordinates": [
          106.6900919,
          10.7653911
        ]
      },
      "id": "node/13767407801"
    },
    {
      "type": "Feature",
      "properties": {
        "@id": "node/13773965375",
        "addr:city": "Thành phố hồ chí minh",
        "addr:housenumber": "411/70",
        "addr:postcode": "70000",
        "addr:street": "Dương Thị Mười",
        "addr:subdistrict": "Phường trung mỹ tây",
        "amenity": "restaurant",
        "cuisine": "noodle;coffee_shop;regional",
        "name": "QUAN BUN GO HEO - MI QUANG",
        "opening_hours": "24/7",
        "phone": "0378345024",
        "website": "http://www.thucphammoiamtoan.com"
      },
      "geometry": {
        "type": "Point",
        "coordinates": [
          106.6338306,
          10.8687795
        ]
      },
      "id": "node/13773965375"
    },
    {
      "type": "Feature",
      "properties": {
        "@id": "node/13774995982",
        "air_conditioning": "yes",
        "amenity": "restaurant",
        "changing_table": "no",
        "cuisine": "indian",
        "diet:gluten_free": "yes",
        "diet:halal": "only",
        "diet:vegan": "yes",
        "diet:vegetarian": "yes",
        "indoor_seating": "yes",
        "name": "Sher E Punjab",
        "opening_hours": "Mo-Su 09:00-22:00",
        "outdoor_seating": "veranda",
        "phone": "+84908563952",
        "smoking": "no",
        "wheelchair": "no"
      },
      "geometry": {
        "type": "Point",
        "coordinates": [
          106.6300668,
          10.7993698
        ]
      },
      "id": "node/13774995982"
    },
    {
      "type": "Feature",
      "properties": {
        "@id": "node/13785991693",
        "air_conditioning": "yes",
        "amenity": "restaurant",
        "changing_table": "no",
        "cuisine": "ramen",
        "diet:gluten_free": "no",
        "diet:halal": "only",
        "diet:vegan": "only",
        "diet:vegetarian": "only",
        "indoor_seating": "yes",
        "name": "Vegete Ramen Chay",
        "opening_hours": "Mo-Su 10:00-18:00",
        "outdoor_seating": "no",
        "smoking": "no",
        "wheelchair": "no"
      },
      "geometry": {
        "type": "Point",
        "coordinates": [
          106.732299,
          10.803025
        ]
      },
      "id": "node/13785991693"
    },
    {
      "type": "Feature",
      "properties": {
        "@id": "node/13787711101",
        "addr:housenumber": "31",
        "addr:street": "Bùi Viện",
        "amenity": "restaurant",
        "check_date": "2026-05-02",
        "check_date:opening_hours": "2026-05-02",
        "cuisine": "indian",
        "diet:vegetarian": "yes",
        "level": "0",
        "name": "Bombay Bites",
        "opening_hours": "Mo-Su 15:00-03:00",
        "phone": "+84948698765",
        "self_service": "no"
      },
      "geometry": {
        "type": "Point",
        "coordinates": [
          106.6936396,
          10.7672491
        ]
      },
      "id": "node/13787711101"
    },
    {
      "type": "Feature",
      "properties": {
        "@id": "node/13788690000",
        "air_conditioning": "yes",
        "amenity": "restaurant",
        "changing_table": "no",
        "cuisine": "vietnamese",
        "diet:gluten_free": "yes",
        "diet:halal": "yes",
        "diet:vegan": "yes",
        "diet:vegetarian": "only",
        "indoor_seating": "yes",
        "name": "Nhà Hàng Chay Hoa Khai",
        "outdoor_seating": "veranda",
        "payment:credit_cards": "no",
        "payment:debit_cards": "no",
        "phone": "+842836021025",
        "smoking": "no",
        "wheelchair": "no"
      },
      "geometry": {
        "type": "Point",
        "coordinates": [
          106.6894993,
          10.7638049
        ]
      },
      "id": "node/13788690000"
    },
    {
      "type": "Feature",
      "properties": {
        "@id": "node/13794352295",
        "amenity": "restaurant",
        "changing_table": "no",
        "cuisine": "cantonese;vietnamese",
        "diet:gluten_free": "yes",
        "diet:halal": "yes",
        "diet:vegan": "only",
        "diet:vegetarian": "only",
        "indoor_seating": "no",
        "name": "Phương Vy Chay",
        "opening_hours": "Mo-Su 09:00-14:00,16:00-21:00",
        "outdoor_seating": "street",
        "payment:credit_cards": "no",
        "payment:debit_cards": "no",
        "phone": "+84902375549",
        "smoking": "no",
        "toilets:wheelchair": "no",
        "wheelchair": "limited"
      },
      "geometry": {
        "type": "Point",
        "coordinates": [
          106.6364101,
          10.7480789
        ]
      },
      "id": "node/13794352295"
    },
    {
      "type": "Feature",
      "properties": {
        "@id": "node/13796156101",
        "amenity": "restaurant",
        "check_date": "2026-05-05",
        "check_date:opening_hours": "2026-05-05",
        "cuisine": "indian",
        "diet:vegetarian": "yes",
        "name": "New Dehli",
        "opening_hours": "Mo-Su 10:00-01:00",
        "phone": "+84584098248"
      },
      "geometry": {
        "type": "Point",
        "coordinates": [
          106.6908884,
          10.7670591
        ]
      },
      "id": "node/13796156101"
    },
    {
      "type": "Feature",
      "properties": {
        "@id": "node/13805971504",
        "air_conditioning": "yes",
        "amenity": "restaurant",
        "changing_table": "no",
        "cuisine": "vietnamese",
        "diet:gluten_free": "yes",
        "diet:halal": "only",
        "diet:vegan": "only",
        "diet:vegetarian": "only",
        "indoor_seating": "yes",
        "name": "Nhà Hàng Thuần Chay Quán Âm",
        "outdoor_seating": "no",
        "phone": "+842862923398",
        "smoking": "no",
        "toilets:wheelchair": "no",
        "website": "https://www.chayquanam.com",
        "wheelchair": "limited"
      },
      "geometry": {
        "type": "Point",
        "coordinates": [
          106.6867967,
          10.7939097
        ]
      },
      "id": "node/13805971504"
    },
    {
      "type": "Feature",
      "properties": {
        "@id": "node/13817897423",
        "air_conditioning": "no",
        "amenity": "restaurant",
        "changing_table": "no",
        "cuisine": "vietnamese",
        "diet:gluten_free": "yes",
        "diet:halal": "yes",
        "diet:vegan": "yes",
        "diet:vegetarian": "only",
        "indoor_seating": "yes",
        "name": "Tiệm Chay Thong Thả",
        "opening_hours": "Mo-Su 10:00-22:00",
        "outdoor_seating": "parklet",
        "payment:credit_cards": "no",
        "payment:debit_cards": "no",
        "phone": "+84839748725",
        "smoking": "no",
        "wheelchair": "no"
      },
      "geometry": {
        "type": "Point",
        "coordinates": [
          106.6668168,
          10.7614217
        ]
      },
      "id": "node/13817897423"
    },
    {
      "type": "Feature",
      "properties": {
        "@id": "node/13819980486",
        "amenity": "restaurant",
        "name": "Bún bò Huế 25 Nhiêu Tứ"
      },
      "geometry": {
        "type": "Point",
        "coordinates": [
          106.6892773,
          10.8011151
        ]
      },
      "id": "node/13819980486"
    },
    {
      "type": "Feature",
      "properties": {
        "@id": "node/13820969607",
        "air_conditioning": "yes",
        "amenity": "restaurant",
        "changing_table": "no",
        "cuisine": "vietnamese",
        "diet:gluten_free": "yes",
        "diet:halal": "only",
        "diet:vegan": "only",
        "diet:vegetarian": "only",
        "indoor_seating": "yes",
        "name": "Nhà Hàng Thuần Chay Luly",
        "opening_hours": "Mo-Su 06:30-20:00",
        "outdoor_seating": "no",
        "phone": "+84344 543 949",
        "smoking": "no",
        "toilets:wheelchair": "no",
        "wheelchair": "limited"
      },
      "geometry": {
        "type": "Point",
        "coordinates": [
          106.6567737,
          10.7903339
        ]
      },
      "id": "node/13820969607"
    }
  ]
}