user_id,item_id,timestamp,lat,lon,image_path
15,15129,2026-04-14T10:12:16,10.8609889,106.6791769,https://images.unsplash.com/photo-1565299624946-b28f40a0ae38?q=80&w=600
8,12210,2026-04-14T16:12:16,10.7726624,106.6956445,https://images.unsplash.com/photo-1555939594-58d7cb561ad1?q=80&w=600
3,11646,2026-04-14T17:12:16,10.7488299,106.6424268,https://images.unsplash.com/photo-1512621776951-a57141f2eefd?q=80&w=600
35,6226,2026-04-14T17:12:16,10.8131218,106.665592,https://images.unsplash.com/photo-1546069901-ba9599a7e63c?q=80&w=600
18,14158,2026-04-14T17:12:16,10.8061069,106.7322612,https://images.unsplash.com/photo-1484723088339-32383369d5bb?q=80&w=600
31,16393,2026-04-14T21:12:16,10.7679322,106.6716847,https://images.unsplash.com/photo-1555939594-58d7cb561ad1?q=80&w=600
12,6671,2026-04-15T00:12:16,10.7675628,106.6882248,https://images.unsplash.com/photo-1565299624946-b28f40a0ae38?q=80&w=600
11,15631,2026-04-15T01:12:16,10.7667351,106.6940144,https://images.unsplash.com/photo-1565299624946-b28f40a0ae38?q=80&w=600
8,6034,2026-04-15T04:12:16,10.7620841,106.6751703,https://images.unsplash.com/photo-1555939594-58d7cb561ad1?q=80&w=600
2,3366,2026-04-15T04:12:16,10.7834253,106.6381266,https://images.unsplash.com/photo-1567620905732-2d1ec7bb7445?q=80&w=600
16,10527,2026-04-15T04:12:16,10.7838673,106.6971695,https://images.unsplash.com/photo-1546069901-ba9599a7e63c?q=80&w=600
11,4995,2026-04-15T07:12:16,10.7893915,106.6893498,https://images.unsplash.com/photo-1555939594-58d7cb561ad1?q=80&w=600
25,4121,2026-04-15T07:12:16,10.7327247,106.7086924,https://images.unsplash.com/photo-1546069901-ba9599a7e63c?q=80&w=600
13,4709,2026-04-15T08:12:16,10.7733218,106.7021836,https://images.unsplash.com/photo-1567620905732-2d1ec7bb7445?q=80&w=600
12,14388,2026-04-15T08:12:16,10.7900547,106.6841959,https://images.unsplash.com/photo-1546069901-ba9599a7e63c?q=80&w=600
24,16807,2026-04-15T08:12:16,10.7666113,106.690904,https://images.unsplash.com/photo-1567620905732-2d1ec7bb7445?q=80&w=600
11,13331,2026-04-15T08:12:16,10.7981376,106.689783,https://images.unsplash.com/photo-1546069901-ba9599a7e63c?q=80&w=600
10,3168,2026-04-15T09:12:16,10.7607921,106.7045826,https://images.unsplash.com/photo-1512621776951-a57141f2eefd?q=80&w=600
16,5848,2026-04-15T10:12:16,10.7591014,106.6839301,https://images.unsplash.com/photo-1512621776951-a57141f2eefd?q=80&w=600
20,16209,2026-04-15T11:12:16,10.7652142,106.6846551,https://images.unsplash.com/photo-1546069901-ba9599a7e63c?q=80&w=600
6,11065,2026-04-15T11:12:16,10.7728586,106.6952438,https://images.unsplash.com/photo-1540189549336-e6e99c3679fe?q=80&w=600
2,10549,2026-04-15T12:12:16,10.8554027,106.6531649,https://images.unsplash.com/photo-1482049016688-2d3e1b311543?q=80&w=600
23,4611,2026-04-15T12:12:16,10.7691924,106.6972256,https://images.unsplash.com/photo-1567620905732-2d1ec7bb7445?q=80&w=600
25,89,2026-04-15T13:12:16,10.7743953,106.7040996,https://images.unsplash.com/photo-1582878826629-29b7ad1cdc43?w=200
31,12340,2026-04-15T13:12:16,10.7753856,106.7041456,https://images.unsplash.com/photo-1565299624946-b28f40a0ae38?q=80&w=600
25,8794,2026-04-15T13:12:16,10.790156,106.7105063,https://images.unsplash.com/photo-1555939594-58d7cb561ad1?q=80&w=600
26,4709,2026-04-15T14:12:16,10.7733218,106.7021836,https://images.unsplash.com/photo-1567620905732-2d1ec7bb7445?q=80&w=600
19,10959,2026-04-15T15:12:16,10.7524125,106.6737282,https://images.unsplash.com/photo-1546069901-ba9599a7e63c?q=80&w=600
23,453,2026-04-15T15:12:16,10.8474734,106.7705028,https://images.unsplash.com/photo-1582878826629-29b7ad1cdc43?w=200
23,9418,2026-04-15T16:12:16,10.8042803,106.7378597,https://images.unsplash.com/photo-1546069901-ba9599a7e63c?q=80&w=600
20,4727,2026-04-15T16:12:16,10.7566907,106.6761001,https://images.unsplash.com/photo-1484723088339-32383369d5bb?q=80&w=600
9,16360,2026-04-15T17:12:16,10.8158476,106.625199,https://images.unsplash.com/photo-1484723088339-32383369d5bb?q=80&w=600
8,15362,2026-04-15T17:12:16,10.7714741,106.69207,https://images.unsplash.com/photo-1567620905732-2d1ec7bb7445?q=80&w=600
27,15393,2026-04-15T17:12:16,10.7910486,106.683653,https://images.unsplash.com/photo-1565299624946-b28f40a0ae38?q=80&w=600
31,6859,2026-04-15T17:12:16,10.7739421,106.6479596,https://images.unsplash.com/photo-1565299624946-b28f40a0ae38?q=80&w=600
11,205,2026-04-15T18:12:16,10.7780321,106.7036328,https://images.unsplash.com/photo-1582878826629-29b7ad1cdc43?w=200
34,629,2026-04-15T19:12:16,10.7830862,106.6720457,https://images.unsplash.com/photo-1582878826629-29b7ad1cdc43?w=200
13,3630,2026-04-15T19:12:16,10.7589694,106.6784957,https://images.unsplash.com/photo-1567620905732-2d1ec7bb7445?q=80&w=600
27,589,2026-04-15T20:12:16,10.7896047,106.6912995,https://images.unsplash.com/photo-1582878826629-29b7ad1cdc43?w=200
32,3508,2026-04-15T21:12:16,10.8512391,106.7541806,https://images.unsplash.com/photo-1512621776951-a57141f2eefd?q=80&w=600
9,109,2026-04-15T21:12:16,10.7788067,106.7020073,https://images.unsplash.com/photo-1582878826629-29b7ad1cdc43?w=200
30,469,2026-04-15T22:12:16,10.7978158,106.689146,https://images.unsplash.com/photo-1582878826629-29b7ad1cdc43?w=200
2,6549,2026-04-15T22:12:16,10.7685768,106.6948596,https://images.unsplash.com/photo-1482049016688-2d3e1b311543?q=80&w=600
11,15219,2026-04-15T22:12:16,10.769371,106.6827934,https://images.unsplash.com/photo-1567620905732-2d1ec7bb7445?q=80&w=600
31,7051,2026-04-15T23:12:16,10.8177969,106.6952017,https://images.unsplash.com/photo-1484723088339-32383369d5bb?q=80&w=600
18,353,2026-04-15T23:12:16,10.7266015,106.7094512,https://images.unsplash.com/photo-1582878826629-29b7ad1cdc43?w=200
20,9373,2026-04-15T23:12:16,10.7719222,106.7036619,https://images.unsplash.com/photo-1482049016688-2d3e1b311543?q=80&w=600
15,11065,2026-04-15T23:12:16,10.7728586,106.6952438,https://images.unsplash.com/photo-1540189549336-e6e99c3679fe?q=80&w=600
30,14577,2026-04-16T00:12:16,10.7907933,106.6918273,https://images.unsplash.com/photo-1484723088339-32383369d5bb?q=80&w=600
18,10352,2026-04-16T00:12:16,10.768605,106.6979483,https://images.unsplash.com/photo-1565299624946-b28f40a0ae38?q=80&w=600
20,10924,2026-04-16T00:12:16,10.7794442,106.7048775,https://images.unsplash.com/photo-1540189549336-e6e99c3679fe?q=80&w=600
3,609,2026-04-16T00:54:02,10.77734,106.700248,https://images.unsplash.com/photo-1582878826629-29b7ad1cdc43?w=200
35,3618,2026-04-16T01:12:16,10.7603231,106.6689315,https://images.unsplash.com/photo-1567620905732-2d1ec7bb7445?q=80&w=600
24,13004,2026-04-16T02:12:16,10.7820898,106.6880257,https://images.unsplash.com/photo-1567620905732-2d1ec7bb7445?q=80&w=600
14,11818,2026-04-16T03:12:16,10.7753287,106.7504144,https://images.unsplash.com/photo-1565299624946-b28f40a0ae38?q=80&w=600
8,653,2026-04-16T03:12:16,10.7916099,106.693465,https://images.unsplash.com/photo-1582878826629-29b7ad1cdc43?w=200
6,12555,2026-04-16T03:12:16,10.7954485,106.6724281,https://images.unsplash.com/photo-1540189549336-e6e99c3679fe?q=80&w=600
3,4430,2026-04-16T03:12:16,10.7531751,106.6696534,https://images.unsplash.com/photo-1567620905732-2d1ec7bb7445?q=80&w=600
31,6508,2026-04-16T03:12:16,10.7716774,106.6968134,https://images.unsplash.com/photo-1565299624946-b28f40a0ae38?q=80&w=600
12,9846,2026-04-16T03:12:16,10.853364,106.6790744,https://images.unsplash.com/photo-1512621776951-a57141f2eefd?q=80&w=600
12,16670,2026-04-16T04:12:16,10.7919566,106.660185,https://images.unsplash.com/photo-1555939594-58d7cb561ad1?q=80&w=600
14,15168,2026-04-16T04:12:16,10.7633733,106.7076661,https://images.unsplash.com/photo-1567620905732-2d1ec7bb7445?q=80&w=600
1,13004,2026-04-16T05:12:16,10.7820898,106.6880257,https://images.unsplash.com/photo-1567620905732-2d1ec7bb7445?q=80&w=600
11,16240,2026-04-16T05:12:16,10.7814124,106.6908524,https://images.unsplash.com/photo-1555939594-58d7cb561ad1?q=80&w=600
6,13322,2026-04-16T06:12:16,10.7700574,106.7005236,https://images.unsplash.com/photo-1540189549336-e6e99c3679fe?q=80&w=600
33,8118,2026-04-16T06:12:16,10.7882694,106.6956305,https://images.unsplash.com/photo-1565299624946-b28f40a0ae38?q=80&w=600
17,6694,2026-04-16T06:12:16,10.7734232,106.6976926,https://images.unsplash.com/photo-1482049016688-2d3e1b311543?q=80&w=600
12,4139,2026-04-16T06:12:16,10.7311335,106.7079336,https://images.unsplash.com/photo-1484723088339-32383369d5bb?q=80&w=600
12,7485,2026-04-16T06:12:16,10.8038845,106.7371802,https://images.unsplash.com/photo-1565299624946-b28f40a0ae38?q=80&w=600
24,12412,2026-04-16T07:12:16,10.7807866,106.6891403,https://images.unsplash.com/photo-1484723088339-32383369d5bb?q=80&w=600
33,757,2026-04-16T07:12:16,10.765984,106.6450274,https://images.unsplash.com/photo-1582878826629-29b7ad1cdc43?w=200
21,9678,2026-04-16T07:12:16,10.7869989,106.7266449,https://images.unsplash.com/photo-1482049016688-2d3e1b311543?q=80&w=600
18,41,2026-04-16T10:12:16,10.7684684,106.6938884,https://images.unsplash.com/photo-1582878826629-29b7ad1cdc43?w=200
13,185,2026-04-16T10:12:16,10.7794464,106.7042294,https://images.unsplash.com/photo-1582878826629-29b7ad1cdc43?w=200
13,7006,2026-04-16T10:12:16,10.7765184,106.6563046,https://images.unsplash.com/photo-1482049016688-2d3e1b311543?q=80&w=600
15,4886,2026-04-16T10:12:16,10.7939164,106.6862258,https://images.unsplash.com/photo-1512621776951-a57141f2eefd?q=80&w=600
34,2991,2026-04-16T11:12:16,10.8445816,106.7809088,https://images.unsplash.com/photo-1540189549336-e6e99c3679fe?q=80&w=600
24,12210,2026-04-16T12:12:16,10.7726624,106.6956445,https://images.unsplash.com/photo-1555939594-58d7cb561ad1?q=80&w=600
31,8202,2026-04-16T12:12:16,10.7477198,106.6117602,https://images.unsplash.com/photo-1555939594-58d7cb561ad1?q=80&w=600
17,12362,2026-04-16T12:12:16,10.7633275,106.690358,https://images.unsplash.com/photo-1565299624946-b28f40a0ae38?q=80&w=600
21,8479,2026-04-16T12:12:16,10.7699602,106.7014537,https://images.unsplash.com/photo-1482049016688-2d3e1b311543?q=80&w=600
21,11529,2026-04-16T14:12:16,10.775883,106.7508499,https://images.unsplash.com/photo-1555939594-58d7cb561ad1?q=80&w=600
32,10176,2026-04-16T14:12:16,10.889513,106.7755795,https://images.unsplash.com/photo-1567620905732-2d1ec7bb7445?q=80&w=600
28,15436,2026-04-16T15:12:16,10.7652672,106.6630455,https://images.unsplash.com/photo-1546069901-ba9599a7e63c?q=80&w=600
15,14055,2026-04-16T17:12:16,10.7956221,106.6681908,https://images.unsplash.com/photo-1567620905732-2d1ec7bb7445?q=80&w=600
22,15178,2026-04-16T18:12:16,10.7716659,106.6951726,https://images.unsplash.com/photo-1567620905732-2d1ec7bb7445?q=80&w=600
30,9678,2026-04-16T18:12:16,10.7869989,106.7266449,https://images.unsplash.com/photo-1482049016688-2d3e1b311543?q=80&w=600
17,2911,2026-04-16T18:12:16,10.7794971,106.7005803,https://images.unsplash.com/photo-1540189549336-e6e99c3679fe?q=80&w=600
26,6456,2026-04-16T18:12:16,10.7299304,106.6763068,https://images.unsplash.com/photo-1482049016688-2d3e1b311543?q=80&w=600
16,14762,2026-04-16T19:12:16,10.778921,106.7136439,https://images.unsplash.com/photo-1512621776951-a57141f2eefd?q=80&w=600
14,289,2026-04-16T19:12:16,10.8553474,106.6280572,https://images.unsplash.com/photo-1582878826629-29b7ad1cdc43?w=200
26,12520,2026-04-16T19:12:16,10.7689247,106.6778658,https://images.unsplash.com/photo-1567620905732-2d1ec7bb7445?q=80&w=600
7,2888,2026-04-16T20:12:16,10.771263,106.7024191,https://images.unsplash.com/photo-1567620905732-2d1ec7bb7445?q=80&w=600
15,12412,2026-04-16T20:12:16,10.7807866,106.6891403,https://images.unsplash.com/photo-1484723088339-32383369d5bb?q=80&w=600
16,16870,2026-04-16T21:12:16,10.7565837,106.6233473,https://images.unsplash.com/photo-1512621776951-a57141f2eefd?q=80&w=600
23,5134,2026-04-16T22:12:16,10.7704121,106.6696513,https://images.unsplash.com/photo-1540189549336-e6e99c3679fe?q=80&w=600
22,6508,2026-04-16T22:12:16,10.7716774,106.6968134,https://images.unsplash.com/photo-1565299624946-b28f40a0ae38?q=80&w=600
7,10009,2026-04-16T22:12:16,10.7568503,106.6715768,https://images.unsplash.com/photo-1482049016688-2d3e1b311543?q=80&w=600
18,3698,2026-04-16T22:12:16,10.7682032,106.694152,https://images.unsplash.com/photo-1484723088339-32383369d5bb?q=80&w=600
3,16348,2026-04-16T23:12:16,10.7269412,106.7088351,https://images.unsplash.com/photo-1567620905732-2d1ec7bb7445?q=80&w=600
10,457,2026-04-16T23:12:16,10.8475454,106.7686038,https://images.unsplash.com/photo-1582878826629-29b7ad1cdc43?w=200
13,3746,2026-04-16T23:12:16,10.7315659,106.715633,https://images.unsplash.com/photo-1567620905732-2d1ec7bb7445?q=80&w=600
21,7827,2026-04-17T00:12:16,10.7429077,106.612827,https://images.unsplash.com/photo-1482049016688-2d3e1b311543?q=80&w=600
17,13633,2026-04-17T00:12:16,10.7572469,106.6861967,https://images.unsplash.com/photo-1565299624946-b28f40a0ae38?q=80&w=600
35,12894,2026-04-17T00:12:16,10.788854,106.6916879,https://images.unsplash.com/photo-1484723088339-32383369d5bb?q=80&w=600
29,7584,2026-04-17T01:12:16,10.7854466,106.7003797,https://images.unsplash.com/photo-1567620905732-2d1ec7bb7445?q=80&w=600
22,5464,2026-04-17T01:12:16,10.764853,106.6876056,https://images.unsplash.com/photo-1555939594-58d7cb561ad1?q=80&w=600
30,4297,2026-04-17T01:12:16,10.8447666,106.7619204,https://images.unsplash.com/photo-1555939594-58d7cb561ad1?q=80&w=600
9,10959,2026-04-17T01:12:16,10.7524125,106.6737282,https://images.unsplash.com/photo-1546069901-ba9599a7e63c?q=80&w=600
16,11637,2026-04-17T03:12:16,10.7752164,106.7502585,https://images.unsplash.com/photo-1540189549336-e6e99c3679fe?q=80&w=600
23,541,2026-04-17T04:12:16,10.847489,106.7693458,https://images.unsplash.com/photo-1582878826629-29b7ad1cdc43?w=200
28,289,2026-04-17T04:12:16,10.8553474,106.6280572,https://images.unsplash.com/photo-1582878826629-29b7ad1cdc43?w=200
11,15469,2026-04-17T04:12:16,10.7551849,106.6694082,https://images.unsplash.com/photo-1546069901-ba9599a7e63c?q=80&w=600
12,12128,2026-04-17T04:12:16,10.7920314,106.7302772,https://images.unsplash.com/photo-1567620905732-2d1ec7bb7445?q=80&w=600
34,15856,2026-04-17T05:12:16,10.8033493,106.6636197,https://images.unsplash.com/photo-1512621776951-a57141f2eefd?q=80&w=600
28,11588,2026-04-17T06:12:16,10.7743745,106.7509972,https://images.unsplash.com/photo-1540189549336-e6e99c3679fe?q=80&w=600
34,5110,2026-04-17T06:12:16,10.7704859,106.6694797,https://images.unsplash.com/photo-1540189549336-e6e99c3679fe?q=80&w=600
7,11322,2026-04-17T06:12:16,10.7884122,106.7522516,https://images.unsplash.com/photo-1565299624946-b28f40a0ae38?q=80&w=600
17,9611,2026-04-17T06:12:16,10.7335462,106.7065274,https://images.unsplash.com/photo-1512621776951-a57141f2eefd?q=80&w=600
8,13830,2026-04-17T06:12:16,10.7664879,106.652917,https://images.unsplash.com/photo-1567620905732-2d1ec7bb7445?q=80&w=600
2,5283,2026-04-17T07:12:16,10.7708996,106.6695065,https://images.unsplash.com/photo-1567620905732-2d1ec7bb7445?q=80&w=600
32,8468,2026-04-17T07:12:16,10.771617,106.6967243,https://images.unsplash.com/photo-1565299624946-b28f40a0ae38?q=80&w=600
10,3377,2026-04-17T07:12:16,10.7786518,106.6920846,https://images.unsplash.com/photo-1555939594-58d7cb561ad1?q=80&w=600
10,545,2026-04-17T08:12:16,10.7777314,106.7045057,https://images.unsplash.com/photo-1582878826629-29b7ad1cdc43?w=200
9,10363,2026-04-17T08:12:16,10.7675414,106.698786,https://images.unsplash.com/photo-1512621776951-a57141f2eefd?q=80&w=600
23,7654,2026-04-17T09:12:16,10.8041704,106.6893943,https://images.unsplash.com/photo-1567620905732-2d1ec7bb7445?q=80&w=600
35,7398,2026-04-17T09:12:16,10.7776667,106.6787439,https://images.unsplash.com/photo-1540189549336-e6e99c3679fe?q=80&w=600
1,12370,2026-04-17T09:12:16,10.7801872,106.7044591,https://images.unsplash.com/photo-1482049016688-2d3e1b311543?q=80&w=600
18,3063,2026-04-17T10:12:16,10.8016327,106.6540711,https://images.unsplash.com/photo-1484723088339-32383369d5bb?q=80&w=600
26,633,2026-04-17T10:12:16,10.7577795,106.6845222,https://images.unsplash.com/photo-1582878826629-29b7ad1cdc43?w=200
2,15129,2026-04-17T11:12:16,10.8609889,106.6791769,https://images.unsplash.com/photo-1565299624946-b28f40a0ae38?q=80&w=600
31,14460,2026-04-17T11:12:16,10.7666487,106.6944624,https://images.unsplash.com/photo-1540189549336-e6e99c3679fe?q=80&w=600
18,6867,2026-04-17T11:12:16,10.7677103,106.65255,https://images.unsplash.com/photo-1540189549336-e6e99c3679fe?q=80&w=600
32,11874,2026-04-17T11:12:16,10.777571,106.7514876,https://images.unsplash.com/photo-1567620905732-2d1ec7bb7445?q=80&w=600
23,13463,2026-04-17T11:12:16,10.7985379,106.6727317,https://images.unsplash.com/photo-1546069901-ba9599a7e63c?q=80&w=600
7,7432,2026-04-17T11:12:16,10.8056356,106.7321369,https://images.unsplash.com/photo-1565299624946-b28f40a0ae38?q=80&w=600
33,9569,2026-04-17T12:12:16,10.7771854,106.7045606,https://images.unsplash.com/photo-1546069901-ba9599a7e63c?q=80&w=600
11,529,2026-04-17T12:12:16,10.8522536,106.7691207,https://images.unsplash.com/photo-1582878826629-29b7ad1cdc43?w=200
8,7102,2026-04-17T12:12:16,10.7831945,106.6784391,https://images.unsplash.com/photo-1555939594-58d7cb561ad1?q=80&w=600
28,4297,2026-04-17T12:12:16,10.8447666,106.7619204,https://images.unsplash.com/photo-1555939594-58d7cb561ad1?q=80&w=600
29,16348,2026-04-17T12:12:16,10.7269412,106.7088351,https://images.unsplash.com/photo-1567620905732-2d1ec7bb7445?q=80&w=600
34,15148,2026-04-17T13:12:16,10.8207067,106.6872448,https://images.unsplash.com/photo-1565299624946-b28f40a0ae38?q=80&w=600
7,3708,2026-04-17T13:12:16,10.7990306,106.6863857,https://images.unsplash.com/photo-1546069901-ba9599a7e63c?q=80&w=600
34,8884,2026-04-17T13:12:16,10.7947,106.7216165,https://images.unsplash.com/photo-1484723088339-32383369d5bb?q=80&w=600
9,277,2026-04-17T13:12:16,10.777874,106.7037686,https://images.unsplash.com/photo-1582878826629-29b7ad1cdc43?w=200
35,14102,2026-04-17T13:12:16,10.7473048,106.6122073,https://images.unsplash.com/photo-1567620905732-2d1ec7bb7445?q=80&w=600
33,10942,2026-04-17T13:12:16,10.7797644,106.7041842,https://images.unsplash.com/photo-1565299624946-b28f40a0ae38?q=80&w=600
29,6014,2026-04-17T14:12:16,10.7425162,106.6357323,https://images.unsplash.com/photo-1512621776951-a57141f2eefd?q=80&w=600
1,9070,2026-04-17T14:12:16,10.785167,106.6952273,https://images.unsplash.com/photo-1540189549336-e6e99c3679fe?q=80&w=600
9,8842,2026-04-17T14:12:16,10.7461511,106.6828013,https://images.unsplash.com/photo-1567620905732-2d1ec7bb7445?q=80&w=600
20,12690,2026-04-17T14:12:16,10.7682637,106.6869868,https://images.unsplash.com/photo-1567620905732-2d1ec7bb7445?q=80&w=600
2,8968,2026-04-17T15:12:16,10.8066273,106.7346616,https://images.unsplash.com/photo-1482049016688-2d3e1b311543?q=80&w=600
21,9117,2026-04-17T15:12:16,10.778213,106.6907115,https://images.unsplash.com/photo-1540189549336-e6e99c3679fe?q=80&w=600
8,3469,2026-04-17T15:12:16,10.7722284,106.6942795,https://images.unsplash.com/photo-1567620905732-2d1ec7bb7445?q=80&w=600
3,4939,2026-04-17T16:12:16,10.7663544,106.6888404,https://images.unsplash.com/photo-1512621776951-a57141f2eefd?q=80&w=600
3,405,2026-04-17T16:12:16,10.786249,106.676706,https://images.unsplash.com/photo-1582878826629-29b7ad1cdc43?w=200
6,765,2026-04-17T17:12:16,10.8248569,106.6875289,https://images.unsplash.com/photo-1582878826629-29b7ad1cdc43?w=200
19,5894,2026-04-17T17:12:16,10.8564814,106.7227904,https://images.unsplash.com/photo-1540189549336-e6e99c3679fe?q=80&w=600
2,2843,2026-04-17T17:12:16,10.7746583,106.6886013,https://images.unsplash.com/photo-1555939594-58d7cb561ad1?q=80&w=600
7,13943,2026-04-17T17:12:16,10.761144,106.6742486,https://images.unsplash.com/photo-1512621776951-a57141f2eefd?q=80&w=600
21,129,2026-04-17T17:12:16,10.7718553,106.6975823,https://images.unsplash.com/photo-1582878826629-29b7ad1cdc43?w=200
29,7059,2026-04-17T18:12:16,10.7823573,106.7039723,https://images.unsplash.com/photo-1546069901-ba9599a7e63c?q=80&w=600
16,10860,2026-04-17T18:12:16,10.7830982,106.6825499,https://images.unsplash.com/photo-1565299624946-b28f40a0ae38?q=80&w=600
17,8375,2026-04-17T18:12:16,10.7673132,106.6909915,https://images.unsplash.com/photo-1546069901-ba9599a7e63c?q=80&w=600
6,5221,2026-04-17T18:12:16,10.7707625,106.6695252,https://images.unsplash.com/photo-1512621776951-a57141f2eefd?q=80&w=600
22,15303,2026-04-17T19:12:16,10.7732977,106.7019193,https://images.unsplash.com/photo-1484723088339-32383369d5bb?q=80&w=600
19,16300,2026-04-17T19:12:16,10.7864428,106.6894773,https://images.unsplash.com/photo-1512621776951-a57141f2eefd?q=80&w=600
26,9272,2026-04-17T19:12:16,10.7870433,106.6350497,https://images.unsplash.com/photo-1567620905732-2d1ec7bb7445?q=80&w=600
8,9427,2026-04-17T19:12:16,10.801575,106.7378091,https://images.unsplash.com/photo-1555939594-58d7cb561ad1?q=80&w=600
25,6444,2026-04-17T19:12:16,10.7752236,106.7033247,https://images.unsplash.com/photo-1484723088339-32383369d5bb?q=80&w=600
3,5811,2026-04-17T20:12:16,10.7696483,106.6907927,https://images.unsplash.com/photo-1546069901-ba9599a7e63c?q=80&w=600
6,10307,2026-04-17T20:12:16,10.7718136,106.654793,https://images.unsplash.com/photo-1482049016688-2d3e1b311543?q=80&w=600
6,12690,2026-04-17T21:12:16,10.7682637,106.6869868,https://images.unsplash.com/photo-1567620905732-2d1ec7bb7445?q=80&w=600
9,17015,2026-04-17T21:12:16,10.7903339,106.6567737,https://images.unsplash.com/photo-1540189549336-e6e99c3679fe?q=80&w=600
35,709,2026-04-17T21:12:16,10.8132735,106.6656021,https://images.unsplash.com/photo-1582878826629-29b7ad1cdc43?w=200
1,4203,2026-04-17T21:12:16,10.7811468,106.6994239,https://images.unsplash.com/photo-1555939594-58d7cb561ad1?q=80&w=600
31,193,2026-04-17T22:12:16,10.797848,106.714665,https://images.unsplash.com/photo-1582878826629-29b7ad1cdc43?w=200
32,7264,2026-04-17T22:12:16,10.7515102,106.6428245,https://images.unsplash.com/photo-1512621776951-a57141f2eefd?q=80&w=600
1,11478,2026-04-17T22:12:16,10.7751819,106.7027648,https://images.unsplash.com/photo-1540189549336-e6e99c3679fe?q=80&w=600
7,6851,2026-04-17T23:12:16,10.7724078,106.6794545,https://images.unsplash.com/photo-1484723088339-32383369d5bb?q=80&w=600
12,141,2026-04-17T23:12:16,10.7245881,106.7197193,https://images.unsplash.com/photo-1582878826629-29b7ad1cdc43?w=200
3,16119,2026-04-17T23:12:16,10.8086964,106.7331432,https://images.unsplash.com/photo-1482049016688-2d3e1b311543?q=80&w=600
33,13859,2026-04-17T23:12:16,10.7719036,106.6939806,https://images.unsplash.com/photo-1540189549336-e6e99c3679fe?q=80&w=600
20,6593,2026-04-17T23:12:16,10.7788584,106.6909072,https://images.unsplash.com/photo-1540189549336-e6e99c3679fe?q=80&w=600
2,5364,2026-04-17T23:12:16,10.7706282,106.669485,https://images.unsplash.com/photo-1567620905732-2d1ec7bb7445?q=80&w=600
32,10699,2026-04-18T00:12:16,10.7823261,106.6796323,https://images.unsplash.com/photo-1565299624946-b28f40a0ae38?q=80&w=600
19,14531,2026-04-18T00:12:16,10.7846465,106.6396567,https://images.unsplash.com/photo-1482049016688-2d3e1b311543?q=80&w=600
13,3460,2026-04-18T01:12:16,10.7392767,106.7085733,https://images.unsplash.com/photo-1482049016688-2d3e1b311543?q=80&w=600
17,16069,2026-04-18T01:12:16,10.7634316,106.7036329,https://images.unsplash.com/photo-1546069901-ba9599a7e63c?q=80&w=600
6,789,2026-04-18T01:12:16,10.7755232,106.702529,https://images.unsplash.com/photo-1582878826629-29b7ad1cdc43?w=200
12,373,2026-04-18T01:12:16,10.7868712,106.7071606,https://images.unsplash.com/photo-1582878826629-29b7ad1cdc43?w=200
1,9283,2026-04-18T01:12:16,10.7990021,106.6555988,https://images.unsplash.com/photo-1565299624946-b28f40a0ae38?q=80&w=600
28,11207,2026-04-18T01:12:16,10.7729783,106.7045114,https://images.unsplash.com/photo-1540189549336-e6e99c3679fe?q=80&w=600
27,5324,2026-04-18T01:12:16,10.770694,106.6693616,https://images.unsplash.com/photo-1567620905732-2d1ec7bb7445?q=80&w=600
28,15350,2026-04-18T02:12:16,10.8696289,106.6826514,https://images.unsplash.com/photo-1565299624946-b28f40a0ae38?q=80&w=600
22,685,2026-04-18T02:12:16,10.769733,106.693061,https://images.unsplash.com/photo-1582878826629-29b7ad1cdc43?w=200
20,2877,2026-04-18T02:12:16,10.8760796,106.755723,https://images.unsplash.com/photo-1484723088339-32383369d5bb?q=80&w=600
2,569,2026-04-18T02:54:02,10.8065193,106.734364,https://images.unsplash.com/photo-1582878826629-29b7ad1cdc43?w=200
28,3014,2026-04-18T03:12:16,10.8060215,106.7353382,https://images.unsplash.com/photo-1565299624946-b28f40a0ae38?q=80&w=600
30,15579,2026-04-18T03:12:16,10.7617853,106.6729985,https://images.unsplash.com/photo-1546069901-ba9599a7e63c?q=80&w=600
18,8245,2026-04-18T03:12:16,10.7888308,106.6979008,https://images.unsplash.com/photo-1555939594-58d7cb561ad1?q=80&w=600
34,6042,2026-04-18T03:12:16,10.8407683,106.7655908,https://images.unsplash.com/photo-1484723088339-32383369d5bb?q=80&w=600
18,9746,2026-04-18T04:12:16,10.7733489,106.7062496,https://images.unsplash.com/photo-1484723088339-32383369d5bb?q=80&w=600
12,10373,2026-04-18T04:12:16,10.7842139,106.6963563,https://images.unsplash.com/photo-1512621776951-a57141f2eefd?q=80&w=600
35,12886,2026-04-18T04:12:16,10.7852678,106.7011105,https://images.unsplash.com/photo-1482049016688-2d3e1b311543?q=80&w=600
6,6936,2026-04-18T04:12:16,10.7631704,106.6904216,https://images.unsplash.com/photo-1540189549336-e6e99c3679fe?q=80&w=600
23,16219,2026-04-18T04:12:16,10.7844647,106.6828713,https://images.unsplash.com/photo-1512621776951-a57141f2eefd?q=80&w=600
27,8375,2026-04-18T04:12:16,10.7673132,106.6909915,https://images.unsplash.com/photo-1546069901-ba9599a7e63c?q=80&w=600
33,8893,2026-04-18T05:12:16,10.7938955,106.7212617,https://images.unsplash.com/photo-1512621776951-a57141f2eefd?q=80&w=600
35,11655,2026-04-18T05:12:16,10.7744416,106.7514844,https://images.unsplash.com/photo-1540189549336-e6e99c3679fe?q=80&w=600
22,7463,2026-04-18T05:12:16,10.7689734,106.6993762,https://images.unsplash.com/photo-1555939594-58d7cb561ad1?q=80&w=600
19,16328,2026-04-18T05:12:16,10.7935393,106.7094388,https://images.unsplash.com/photo-1484723088339-32383369d5bb?q=80&w=600
17,565,2026-04-18T05:12:16,10.8089278,106.7382912,https://images.unsplash.com/photo-1582878826629-29b7ad1cdc43?w=200
12,10242,2026-04-18T05:12:16,10.7915276,106.7302403,https://images.unsplash.com/photo-1512621776951-a57141f2eefd?q=80&w=600
14,4840,2026-04-18T05:12:16,10.7732787,106.7038317,https://images.unsplash.com/photo-1555939594-58d7cb561ad1?q=80&w=600
35,3460,2026-04-18T06:12:16,10.7392767,106.7085733,https://images.unsplash.com/photo-1482049016688-2d3e1b311543?q=80&w=600
16,4090,2026-04-18T06:12:16,10.7293411,106.7089901,https://images.unsplash.com/photo-1482049016688-2d3e1b311543?q=80&w=600
1,3063,2026-04-18T06:12:16,10.8016327,106.6540711,https://images.unsplash.com/photo-1484723088339-32383369d5bb?q=80&w=600
33,9457,2026-04-18T06:12:16,10.8042358,106.7372651,https://images.unsplash.com/photo-1565299624946-b28f40a0ae38?q=80&w=600
14,9569,2026-04-18T07:12:16,10.7771854,106.7045606,https://images.unsplash.com/photo-1546069901-ba9599a7e63c?q=80&w=600
13,14124,2026-04-18T07:12:16,10.788584,106.6998954,https://images.unsplash.com/photo-1546069901-ba9599a7e63c?q=80&w=600
30,5396,2026-04-18T07:12:16,10.7720053,106.692075,https://images.unsplash.com/photo-1555939594-58d7cb561ad1?q=80&w=600
1,7174,2026-04-18T07:12:16,10.7788383,106.6981831,https://images.unsplash.com/photo-1482049016688-2d3e1b311543?q=80&w=600
19,109,2026-04-18T08:12:16,10.7788067,106.7020073,https://images.unsplash.com/photo-1582878826629-29b7ad1cdc43?w=200
18,365,2026-04-18T08:12:16,10.8338118,106.64433,https://images.unsplash.com/photo-1582878826629-29b7ad1cdc43?w=200
33,8433,2026-04-18T08:12:16,10.7718561,106.6971119,https://images.unsplash.com/photo-1546069901-ba9599a7e63c?q=80&w=600
29,14478,2026-04-18T09:12:16,10.7876478,106.6965101,https://images.unsplash.com/photo-1555939594-58d7cb561ad1?q=80&w=600
26,13361,2026-04-18T09:12:16,10.7710984,106.6727489,https://images.unsplash.com/photo-1546069901-ba9599a7e63c?q=80&w=600
21,14388,2026-04-18T09:12:16,10.7900547,106.6841959,https://images.unsplash.com/photo-1546069901-ba9599a7e63c?q=80&w=600
11,14298,2026-04-18T09:12:16,10.804997,106.7368769,https://images.unsplash.com/photo-1540189549336-e6e99c3679fe?q=80&w=600
33,9828,2026-04-18T09:12:16,10.8636641,106.6039444,https://images.unsplash.com/photo-1482049016688-2d3e1b311543?q=80&w=600
16,9193,2026-04-18T10:12:16,10.790053,106.6989515,https://images.unsplash.com/photo-1512621776951-a57141f2eefd?q=80&w=600
2,12573,2026-04-18T10:12:16,10.7996259,106.6862527,https://images.unsplash.com/photo-1482049016688-2d3e1b311543?q=80&w=600
25,6713,2026-04-18T10:12:16,10.835612,106.7921997,https://images.unsplash.com/photo-1512621776951-a57141f2eefd?q=80&w=600
29,9858,2026-04-18T10:12:16,10.737376,106.7030139,https://images.unsplash.com/photo-1540189549336-e6e99c3679fe?q=80&w=600
24,3319,2026-04-18T10:12:16,10.7399582,106.702491,https://images.unsplash.com/photo-1546069901-ba9599a7e63c?q=80&w=600
13,9634,2026-04-18T11:12:16,10.7734792,106.7060951,https://images.unsplash.com/photo-1512621776951-a57141f2eefd?q=80&w=600
9,4803,2026-04-18T11:12:16,10.8970649,106.7630135,https://images.unsplash.com/photo-1565299624946-b28f40a0ae38?q=80&w=600
20,105,2026-04-18T11:12:16,10.7797991,106.6949139,https://images.unsplash.com/photo-1582878826629-29b7ad1cdc43?w=200
10,8814,2026-04-18T11:12:16,10.8217497,106.719602,https://images.unsplash.com/photo-1555939594-58d7cb561ad1?q=80&w=600
11,177,2026-04-18T11:12:16,10.7768249,106.703813,https://images.unsplash.com/photo-1582878826629-29b7ad1cdc43?w=200
21,12700,2026-04-18T12:12:16,10.7685456,106.6938887,https://images.unsplash.com/photo-1546069901-ba9599a7e63c?q=80&w=600
20,9634,2026-04-18T12:12:16,10.7734792,106.7060951,https://images.unsplash.com/photo-1512621776951-a57141f2eefd?q=80&w=600
26,12926,2026-04-18T13:12:16,10.760968,106.6310969,https://images.unsplash.com/photo-1540189549336-e6e99c3679fe?q=80&w=600
24,5602,2026-04-18T13:12:16,10.7644192,106.6952576,https://images.unsplash.com/photo-1567620905732-2d1ec7bb7445?q=80&w=600
7,3366,2026-04-18T13:12:16,10.7834253,106.6381266,https://images.unsplash.com/photo-1567620905732-2d1ec7bb7445?q=80&w=600
25,629,2026-04-18T14:12:16,10.7830862,106.6720457,https://images.unsplash.com/photo-1582878826629-29b7ad1cdc43?w=200
14,10891,2026-04-18T14:12:16,10.7798863,106.7049238,https://images.unsplash.com/photo-1565299624946-b28f40a0ae38?q=80&w=600
19,5622,2026-04-18T14:12:16,10.7545068,106.6416815,https://images.unsplash.com/photo-1482049016688-2d3e1b311543?q=80&w=600
20,2835,2026-04-18T14:12:16,10.7915811,106.7042222,https://images.unsplash.com/photo-1567620905732-2d1ec7bb7445?q=80&w=600
7,12747,2026-04-18T15:12:16,10.7434609,106.6483735,https://images.unsplash.com/photo-1567620905732-2d1ec7bb7445?q=80&w=600
31,6694,2026-04-18T15:12:16,10.7734232,106.6976926,https://images.unsplash.com/photo-1482049016688-2d3e1b311543?q=80&w=600
10,13696,2026-04-18T15:12:16,10.7800565,106.7038072,https://images.unsplash.com/photo-1555939594-58d7cb561ad1?q=80&w=600
26,11256,2026-04-18T15:12:16,10.7699832,106.6867286,https://images.unsplash.com/photo-1567620905732-2d1ec7bb7445?q=80&w=600
27,9970,2026-04-18T15:12:16,10.7833289,106.696445,https://images.unsplash.com/photo-1555939594-58d7cb561ad1?q=80&w=600
11,11722,2026-04-18T16:12:16,10.7835196,106.752298,https://images.unsplash.com/photo-1565299624946-b28f40a0ae38?q=80&w=600
9,3865,2026-04-18T16:12:16,10.8001215,106.6734404,https://images.unsplash.com/photo-1512621776951-a57141f2eefd?q=80&w=600
1,9746,2026-04-18T16:12:16,10.7733489,106.7062496,https://images.unsplash.com/photo-1484723088339-32383369d5bb?q=80&w=600
27,16718,2026-04-18T16:12:16,10.776317,106.7239469,https://images.unsplash.com/photo-1484723088339-32383369d5bb?q=80&w=600
35,6520,2026-04-18T16:12:16,10.7641797,106.6873551,https://images.unsplash.com/photo-1565299624946-b28f40a0ae38?q=80&w=600
17,7789,2026-04-18T16:12:16,10.7428747,106.6127776,https://images.unsplash.com/photo-1565299624946-b28f40a0ae38?q=80&w=600
19,9836,2026-04-18T16:12:16,10.8068271,106.7385906,https://images.unsplash.com/photo-1567620905732-2d1ec7bb7445?q=80&w=600
7,305,2026-04-18T16:12:16,10.7249731,106.7199337,https://images.unsplash.com/photo-1582878826629-29b7ad1cdc43?w=200
22,11341,2026-04-18T17:12:16,10.7888389,106.7531693,https://images.unsplash.com/photo-1565299624946-b28f40a0ae38?q=80&w=600
8,10707,2026-04-18T17:12:16,10.7326811,106.6347277,https://images.unsplash.com/photo-1546069901-ba9599a7e63c?q=80&w=600
22,3588,2026-04-18T17:12:16,10.7734735,106.7053749,https://images.unsplash.com/photo-1567620905732-2d1ec7bb7445?q=80&w=600
19,7225,2026-04-18T18:12:16,10.8063819,106.6810097,https://images.unsplash.com/photo-1567620905732-2d1ec7bb7445?q=80&w=600
28,5261,2026-04-18T18:12:16,10.7704543,106.6698793,https://images.unsplash.com/photo-1484723088339-32383369d5bb?q=80&w=600
26,6425,2026-04-18T18:12:16,10.7922708,106.6958688,https://images.unsplash.com/photo-1546069901-ba9599a7e63c?q=80&w=600
20,13985,2026-04-18T18:12:16,10.7969848,106.6627307,https://images.unsplash.com/photo-1546069901-ba9599a7e63c?q=80&w=600
26,3209,2026-04-18T18:12:16,10.7688832,106.6907172,https://images.unsplash.com/photo-1484723088339-32383369d5bb?q=80&w=600
26,253,2026-04-18T18:12:16,10.7806216,106.6901081,https://images.unsplash.com/photo-1582878826629-29b7ad1cdc43?w=200
20,5504,2026-04-18T18:12:16,10.836306,106.7656554,https://images.unsplash.com/photo-1555939594-58d7cb561ad1?q=80&w=600
34,16850,2026-04-18T19:12:16,10.7540598,106.642465,https://images.unsplash.com/photo-1567620905732-2d1ec7bb7445?q=80&w=600
32,13912,2026-04-18T19:12:16,10.8043354,106.7336341,https://images.unsplash.com/photo-1565299624946-b28f40a0ae38?q=80&w=600
2,4170,2026-04-18T19:12:16,10.8287006,106.6835014,https://images.unsplash.com/photo-1555939594-58d7cb561ad1?q=80&w=600
14,10009,2026-04-18T19:12:16,10.7568503,106.6715768,https://images.unsplash.com/photo-1482049016688-2d3e1b311543?q=80&w=600
15,8238,2026-04-18T19:12:16,10.7661639,106.6912985,https://images.unsplash.com/photo-1546069901-ba9599a7e63c?q=80&w=600
2,11564,2026-04-18T20:12:16,10.7849464,106.7560323,https://images.unsplash.com/photo-1540189549336-e6e99c3679fe?q=80&w=600
8,13501,2026-04-18T20:12:16,10.7891497,106.7087594,https://images.unsplash.com/photo-1565299624946-b28f40a0ae38?q=80&w=600
11,12770,2026-04-18T20:12:16,10.790554,106.6844072,https://images.unsplash.com/photo-1546069901-ba9599a7e63c?q=80&w=600
32,3094,2026-04-18T20:12:16,10.8099687,106.6128826,https://images.unsplash.com/photo-1540189549336-e6e99c3679fe?q=80&w=600
20,11509,2026-04-18T21:12:16,10.7633263,106.6957869,https://images.unsplash.com/photo-1546069901-ba9599a7e63c?q=80&w=600
31,2835,2026-04-18T21:12:16,10.7915811,106.7042222,https://images.unsplash.com/photo-1567620905732-2d1ec7bb7445?q=80&w=600
2,177,2026-04-18T21:12:16,10.7768249,106.703813,https://images.unsplash.com/photo-1582878826629-29b7ad1cdc43?w=200
21,15168,2026-04-18T21:12:16,10.7633733,106.7076661,https://images.unsplash.com/photo-1567620905732-2d1ec7bb7445?q=80&w=600
31,97,2026-04-18T21:12:16,10.7602951,106.6991702,https://images.unsplash.com/photo-1582878826629-29b7ad1cdc43?w=200
2,125,2026-04-18T21:12:16,10.7736789,106.6992615,https://images.unsplash.com/photo-1582878826629-29b7ad1cdc43?w=200
33,4307,2026-04-18T22:12:16,10.8470199,106.7654756,https://images.unsplash.com/photo-1482049016688-2d3e1b311543?q=80&w=600
17,3688,2026-04-18T22:12:16,10.7806711,106.6933297,https://images.unsplash.com/photo-1512621776951-a57141f2eefd?q=80&w=600
14,11677,2026-04-18T22:12:16,10.7801263,106.7037071,https://images.unsplash.com/photo-1482049016688-2d3e1b311543?q=80&w=600
19,6226,2026-04-18T22:12:16,10.8131218,106.665592,https://images.unsplash.com/photo-1546069901-ba9599a7e63c?q=80&w=600
23,7332,2026-04-18T23:12:16,10.7494016,106.7048936,https://images.unsplash.com/photo-1546069901-ba9599a7e63c?q=80&w=600
24,5211,2026-04-18T23:12:16,10.7707915,106.6696728,https://images.unsplash.com/photo-1567620905732-2d1ec7bb7445?q=80&w=600
30,17,2026-04-18T23:12:16,10.7807008,106.7067111,https://images.unsplash.com/photo-1582878826629-29b7ad1cdc43?w=200
26,337,2026-04-18T23:12:16,10.7942099,106.6963509,https://images.unsplash.com/photo-1582878826629-29b7ad1cdc43?w=200
33,8553,2026-04-18T23:12:16,10.7821981,106.7059216,https://images.unsplash.com/photo-1567620905732-2d1ec7bb7445?q=80&w=600
22,7421,2026-04-18T23:12:16,10.777461,106.6791688,https://images.unsplash.com/photo-1512621776951-a57141f2eefd?q=80&w=600
34,15514,2026-04-18T23:12:16,10.79102,106.6870059,https://images.unsplash.com/photo-1482049016688-2d3e1b311543?q=80&w=600
33,4663,2026-04-19T00:12:16,10.7576984,106.678182,https://images.unsplash.com/photo-1482049016688-2d3e1b311543?q=80&w=600
26,13292,2026-04-19T00:12:16,10.7491632,106.6884653,https://images.unsplash.com/photo-1555939594-58d7cb561ad1?q=80&w=600
23,781,2026-04-19T01:12:16,10.7683337,106.6940202,https://images.unsplash.com/photo-1582878826629-29b7ad1cdc43?w=200
10,317,2026-04-19T01:12:16,10.7275927,106.7195082,https://images.unsplash.com/photo-1582878826629-29b7ad1cdc43?w=200
7,11895,2026-04-19T01:12:16,10.791537,106.665755,https://images.unsplash.com/photo-1565299624946-b28f40a0ae38?q=80&w=600
24,4916,2026-04-19T01:12:16,10.7759009,106.705138,https://images.unsplash.com/photo-1540189549336-e6e99c3679fe?q=80&w=600
7,13763,2026-04-19T02:12:16,10.8023963,106.7402701,https://images.unsplash.com/photo-1512621776951-a57141f2eefd?q=80&w=600
8,9569,2026-04-19T02:12:16,10.7771854,106.7045606,https://images.unsplash.com/photo-1546069901-ba9599a7e63c?q=80&w=600
14,9642,2026-04-19T02:12:16,10.7737956,106.7045987,https://images.unsplash.com/photo-1565299624946-b28f40a0ae38?q=80&w=600
29,765,2026-04-19T02:12:16,10.8248569,106.6875289,https://images.unsplash.com/photo-1582878826629-29b7ad1cdc43?w=200
32,505,2026-04-19T03:12:16,10.7835575,106.6909915,https://images.unsplash.com/photo-1582878826629-29b7ad1cdc43?w=200
15,449,2026-04-19T03:12:16,10.8472007,106.770729,https://images.unsplash.com/photo-1582878826629-29b7ad1cdc43?w=200
2,13643,2026-04-19T03:12:16,10.7739571,106.6683187,https://images.unsplash.com/photo-1565299624946-b28f40a0ae38?q=80&w=600
8,617,2026-04-19T03:12:16,10.7749047,106.6980099,https://images.unsplash.com/photo-1582878826629-29b7ad1cdc43?w=200
16,317,2026-04-19T04:12:16,10.7275927,106.7195082,https://images.unsplash.com/photo-1582878826629-29b7ad1cdc43?w=200
33,6936,2026-04-19T04:12:16,10.7631704,106.6904216,https://images.unsplash.com/photo-1540189549336-e6e99c3679fe?q=80&w=600
9,12652,2026-04-19T04:12:16,10.7976001,106.6835772,https://images.unsplash.com/photo-1540189549336-e6e99c3679fe?q=80&w=600
10,4727,2026-04-19T04:12:16,10.7566907,106.6761001,https://images.unsplash.com/photo-1484723088339-32383369d5bb?q=80&w=600
28,13484,2026-04-19T04:12:16,10.7725831,106.6965385,https://images.unsplash.com/photo-1512621776951-a57141f2eefd?q=80&w=600
14,5682,2026-04-19T04:12:16,10.769362,106.6902884,https://images.unsplash.com/photo-1555939594-58d7cb561ad1?q=80&w=600
14,9385,2026-04-19T04:12:16,10.7468774,106.7011838,https://images.unsplash.com/photo-1546069901-ba9599a7e63c?q=80&w=600
9,12026,2026-04-19T04:12:16,10.7778944,106.7527088,https://images.unsplash.com/photo-1555939594-58d7cb561ad1?q=80&w=600
17,7519,2026-04-19T04:12:16,10.7749562,106.6979121,https://images.unsplash.com/photo-1555939594-58d7cb561ad1?q=80&w=600
8,13687,2026-04-19T04:12:16,10.7945924,106.741244,https://images.unsplash.com/photo-1482049016688-2d3e1b311543?q=80&w=600
18,12723,2026-04-19T05:12:16,10.766959,106.6875044,https://images.unsplash.com/photo-1565299624946-b28f40a0ae38?q=80&w=600
14,3298,2026-04-19T05:12:16,10.7724373,106.6988409,https://images.unsplash.com/photo-1482049016688-2d3e1b311543?q=80&w=600
11,13802,2026-04-19T05:12:16,10.787707,106.6410323,https://images.unsplash.com/photo-1555939594-58d7cb561ad1?q=80&w=600
10,785,2026-04-19T05:12:16,10.7681633,106.6944511,https://images.unsplash.com/photo-1582878826629-29b7ad1cdc43?w=200
16,2962,2026-04-19T05:12:16,10.8451649,106.7818234,https://images.unsplash.com/photo-1512621776951-a57141f2eefd?q=80&w=600
17,3727,2026-04-19T05:12:16,10.755777,106.6780371,https://images.unsplash.com/photo-1484723088339-32383369d5bb?q=80&w=600
7,10613,2026-04-19T05:12:16,10.7686414,106.69044,https://images.unsplash.com/photo-1512621776951-a57141f2eefd?q=80&w=600
25,85,2026-04-19T05:12:16,10.7754764,106.6956779,https://images.unsplash.com/photo-1582878826629-29b7ad1cdc43?w=200
34,16659,2026-04-19T05:12:16,10.7720804,106.6556936,https://images.unsplash.com/photo-1567620905732-2d1ec7bb7445?q=80&w=600
1,85,2026-04-19T05:54:02,10.7754764,106.6956779,https://images.unsplash.com/photo-1582878826629-29b7ad1cdc43?w=200
27,277,2026-04-19T06:12:16,10.777874,106.7037686,https://images.unsplash.com/photo-1582878826629-29b7ad1cdc43?w=200
27,4186,2026-04-19T06:12:16,10.7304964,106.7083692,https://images.unsplash.com/photo-1546069901-ba9599a7e63c?q=80&w=600
22,11113,2026-04-19T06:12:16,10.7653742,106.7049428,https://images.unsplash.com/photo-1546069901-ba9599a7e63c?q=80&w=600
30,13484,2026-04-19T07:12:16,10.7725831,106.6965385,https://images.unsplash.com/photo-1512621776951-a57141f2eefd?q=80&w=600
28,8916,2026-04-19T07:12:16,10.7419361,106.7099978,https://images.unsplash.com/photo-1540189549336-e6e99c3679fe?q=80&w=600
11,14221,2026-04-19T07:12:16,10.7601734,106.6861777,https://images.unsplash.com/photo-1482049016688-2d3e1b311543?q=80&w=600
27,8276,2026-04-19T07:12:16,10.7730705,106.7025314,https://images.unsplash.com/photo-1540189549336-e6e99c3679fe?q=80&w=600
8,15416,2026-04-19T07:12:16,10.723561,106.7277434,https://images.unsplash.com/photo-1482049016688-2d3e1b311543?q=80&w=600
23,7343,2026-04-19T07:12:16,10.7668609,106.7010004,https://images.unsplash.com/photo-1482049016688-2d3e1b311543?q=80&w=600
24,11449,2026-04-19T07:12:16,10.8039306,106.6326517,https://images.unsplash.com/photo-1540189549336-e6e99c3679fe?q=80&w=600
11,9466,2026-04-19T07:12:16,10.8050409,106.7403521,https://images.unsplash.com/photo-1565299624946-b28f40a0ae38?q=80&w=600
29,5110,2026-04-19T07:12:16,10.7704859,106.6694797,https://images.unsplash.com/photo-1540189549336-e6e99c3679fe?q=80&w=600
10,11760,2026-04-19T07:12:16,10.7828693,106.7515473,https://images.unsplash.com/photo-1484723088339-32383369d5bb?q=80&w=600
17,5631,2026-04-19T07:12:16,10.767438,106.6927451,https://images.unsplash.com/photo-1484723088339-32383369d5bb?q=80&w=600
22,6497,2026-04-19T08:12:16,10.7631075,106.6651827,https://images.unsplash.com/photo-1484723088339-32383369d5bb?q=80&w=600
32,41,2026-04-19T08:12:16,10.7684684,106.6938884,https://images.unsplash.com/photo-1582878826629-29b7ad1cdc43?w=200
18,10112,2026-04-19T08:12:16,10.7764313,106.6854351,https://images.unsplash.com/photo-1540189549336-e6e99c3679fe?q=80&w=600
29,765,2026-04-19T08:12:16,10.8248569,106.6875289,https://images.unsplash.com/photo-1582878826629-29b7ad1cdc43?w=200
21,14426,2026-04-19T08:12:16,10.7602288,106.7018137,https://images.unsplash.com/photo-1546069901-ba9599a7e63c?q=80&w=600
18,185,2026-04-19T08:12:16,10.7794464,106.7042294,https://images.unsplash.com/photo-1582878826629-29b7ad1cdc43?w=200
16,13397,2026-04-19T08:12:16,10.7808839,106.7063054,https://images.unsplash.com/photo-1567620905732-2d1ec7bb7445?q=80&w=600
27,15556,2026-04-19T09:12:16,10.8029885,106.7274172,https://images.unsplash.com/photo-1565299624946-b28f40a0ae38?q=80&w=600
17,11155,2026-04-19T09:12:16,10.7393725,106.7055365,https://images.unsplash.com/photo-1540189549336-e6e99c3679fe?q=80&w=600
32,4672,2026-04-19T09:12:16,10.8397747,106.7667626,https://images.unsplash.com/photo-1540189549336-e6e99c3679fe?q=80&w=600
32,16659,2026-04-19T09:12:16,10.7720804,106.6556936,https://images.unsplash.com/photo-1567620905732-2d1ec7bb7445?q=80&w=600
34,8842,2026-04-19T09:12:16,10.7461511,106.6828013,https://images.unsplash.com/photo-1567620905732-2d1ec7bb7445?q=80&w=600
27,5417,2026-04-19T09:12:16,10.7739304,106.6973809,https://images.unsplash.com/photo-1555939594-58d7cb561ad1?q=80&w=600
6,16709,2026-04-19T10:12:16,10.7750642,106.6820517,https://images.unsplash.com/photo-1555939594-58d7cb561ad1?q=80&w=600
15,13621,2026-04-19T10:12:16,10.8275208,106.6813171,https://images.unsplash.com/photo-1555939594-58d7cb561ad1?q=80&w=600
3,16615,2026-04-19T10:12:16,10.8671622,106.6814852,https://images.unsplash.com/photo-1540189549336-e6e99c3679fe?q=80&w=600
30,5652,2026-04-19T10:12:16,10.7720975,106.6859856,https://images.unsplash.com/photo-1555939594-58d7cb561ad1?q=80&w=600
22,15814,2026-04-19T10:12:16,10.790891,106.6870771,https://images.unsplash.com/photo-1565299624946-b28f40a0ae38?q=80&w=600
13,13763,2026-04-19T11:12:16,10.8023963,106.7402701,https://images.unsplash.com/photo-1512621776951-a57141f2eefd?q=80&w=600
12,8404,2026-04-19T11:12:16,10.7467142,106.642449,https://images.unsplash.com/photo-1484723088339-32383369d5bb?q=80&w=600
14,365,2026-04-19T11:12:16,10.8338118,106.64433,https://images.unsplash.com/photo-1582878826629-29b7ad1cdc43?w=200
2,13512,2026-04-19T11:12:16,10.7457107,106.635402,https://images.unsplash.com/photo-1565299624946-b28f40a0ae38?q=80&w=600
25,4987,2026-04-19T12:12:16,10.7651333,106.6948075,https://images.unsplash.com/photo-1546069901-ba9599a7e63c?q=80&w=600
28,5832,2026-04-19T12:12:16,10.7685143,106.6950275,https://images.unsplash.com/photo-1512621776951-a57141f2eefd?q=80&w=600
13,10750,2026-04-19T12:12:16,10.764137,106.6960108,https://images.unsplash.com/photo-1565299624946-b28f40a0ae38?q=80&w=600
14,13043,2026-04-19T12:12:16,10.7880997,106.6565283,https://images.unsplash.com/photo-1546069901-ba9599a7e63c?q=80&w=600
22,12457,2026-04-19T13:12:16,10.7984413,106.6861909,https://images.unsplash.com/photo-1546069901-ba9599a7e63c?q=80&w=600
3,7332,2026-04-19T13:12:16,10.7494016,106.7048936,https://images.unsplash.com/photo-1546069901-ba9599a7e63c?q=80&w=600
27,9105,2026-04-19T13:12:16,10.7793255,106.6887919,https://images.unsplash.com/photo-1567620905732-2d1ec7bb7445?q=80&w=600
22,4995,2026-04-19T13:12:16,10.7893915,106.6893498,https://images.unsplash.com/photo-1555939594-58d7cb561ad1?q=80&w=600
11,7174,2026-04-19T13:12:16,10.7788383,106.6981831,https://images.unsplash.com/photo-1482049016688-2d3e1b311543?q=80&w=600
6,9543,2026-04-19T13:12:16,10.7755305,106.7043576,https://images.unsplash.com/photo-1540189549336-e6e99c3679fe?q=80&w=600
3,305,2026-04-19T13:54:02,10.7249731,106.7199337,https://images.unsplash.com/photo-1582878826629-29b7ad1cdc43?w=200
23,6704,2026-04-19T14:12:16,10.7714995,106.6934199,https://images.unsplash.com/photo-1482049016688-2d3e1b311543?q=80&w=600
13,12311,2026-04-19T14:12:16,10.7965995,106.6730691,https://images.unsplash.com/photo-1484723088339-32383369d5bb?q=80&w=600
18,2783,2026-04-19T14:12:16,10.778708,106.6980884,https://images.unsplash.com/photo-1512621776951-a57141f2eefd?q=80&w=600
3,73,2026-04-19T14:54:02,10.7762829,106.7042247,https://images.unsplash.com/photo-1582878826629-29b7ad1cdc43?w=200
18,7133,2026-04-19T15:12:16,10.7867091,106.6800562,https://images.unsplash.com/photo-1482049016688-2d3e1b311543?q=80&w=600
2,465,2026-04-19T15:12:16,10.7983638,106.6878608,https://images.unsplash.com/photo-1582878826629-29b7ad1cdc43?w=200
33,16525,2026-04-19T15:12:16,10.7686953,106.6937927,https://images.unsplash.com/photo-1565299624946-b28f40a0ae38?q=80&w=600
19,4672,2026-04-19T16:12:16,10.8397747,106.7667626,https://images.unsplash.com/photo-1540189549336-e6e99c3679fe?q=80&w=600
15,3562,2026-04-19T16:12:16,10.8142615,106.6689747,https://images.unsplash.com/photo-1567620905732-2d1ec7bb7445?q=80&w=600
17,9490,2026-04-19T17:12:16,10.7980569,106.6887249,https://images.unsplash.com/photo-1540189549336-e6e99c3679fe?q=80&w=600
2,12248,2026-04-19T17:12:16,10.8037747,106.7282589,https://images.unsplash.com/photo-1540189549336-e6e99c3679fe?q=80&w=600
12,8109,2026-04-19T17:12:16,10.8150935,106.6622082,https://images.unsplash.com/photo-1512621776951-a57141f2eefd?q=80&w=600
23,277,2026-04-19T18:12:16,10.777874,106.7037686,https://images.unsplash.com/photo-1582878826629-29b7ad1cdc43?w=200
31,8884,2026-04-19T18:12:16,10.7947,106.7216165,https://images.unsplash.com/photo-1484723088339-32383369d5bb?q=80&w=600
14,11509,2026-04-19T18:12:16,10.7633263,106.6957869,https://images.unsplash.com/photo-1546069901-ba9599a7e63c?q=80&w=600
10,3802,2026-04-19T18:12:16,10.7929997,106.6889296,https://images.unsplash.com/photo-1565299624946-b28f40a0ae38?q=80&w=600
24,6302,2026-04-19T18:12:16,10.7961044,106.6238729,https://images.unsplash.com/photo-1565299624946-b28f40a0ae38?q=80&w=600
19,10072,2026-04-19T18:12:16,10.8036114,106.7329637,https://images.unsplash.com/photo-1567620905732-2d1ec7bb7445?q=80&w=600
30,5464,2026-04-19T18:12:16,10.764853,106.6876056,https://images.unsplash.com/photo-1555939594-58d7cb561ad1?q=80&w=600
8,16029,2026-04-19T19:12:16,10.752833,106.6521073,https://images.unsplash.com/photo-1555939594-58d7cb561ad1?q=80&w=600
27,6042,2026-04-19T19:12:16,10.8407683,106.7655908,https://images.unsplash.com/photo-1484723088339-32383369d5bb?q=80&w=600
1,13447,2026-04-19T19:12:16,10.7355928,106.6931855,https://images.unsplash.com/photo-1555939594-58d7cb561ad1?q=80&w=600
32,9941,2026-04-19T19:12:16,10.7891986,106.7174195,https://images.unsplash.com/photo-1555939594-58d7cb561ad1?q=80&w=600
27,417,2026-04-19T20:12:16,10.8289701,106.6273887,https://images.unsplash.com/photo-1582878826629-29b7ad1cdc43?w=200
15,13417,2026-04-19T20:12:16,10.7977264,106.6678681,https://images.unsplash.com/photo-1540189549336-e6e99c3679fe?q=80&w=600
19,5945,2026-04-19T20:12:16,10.7388551,106.7111366,https://images.unsplash.com/photo-1565299624946-b28f40a0ae38?q=80&w=600
27,14124,2026-04-19T21:12:16,10.788584,106.6998954,https://images.unsplash.com/photo-1546069901-ba9599a7e63c?q=80&w=600
13,16317,2026-04-19T21:12:16,10.7799416,106.6766758,https://images.unsplash.com/photo-1512621776951-a57141f2eefd?q=80&w=600
33,8785,2026-04-19T21:12:16,10.7760845,106.6898873,https://images.unsplash.com/photo-1565299624946-b28f40a0ae38?q=80&w=600
17,9237,2026-04-19T21:12:16,10.7690243,106.6897956,https://images.unsplash.com/photo-1482049016688-2d3e1b311543?q=80&w=600
14,11828,2026-04-19T21:12:16,10.7798348,106.7466791,https://images.unsplash.com/photo-1565299624946-b28f40a0ae38?q=80&w=600
14,6965,2026-04-19T21:12:16,10.7600848,106.6859042,https://images.unsplash.com/photo-1512621776951-a57141f2eefd?q=80&w=600
15,12128,2026-04-19T21:12:16,10.7920314,106.7302772,https://images.unsplash.com/photo-1567620905732-2d1ec7bb7445?q=80&w=600
18,9531,2026-04-19T21:12:16,10.7734268,106.7061646,https://images.unsplash.com/photo-1567620905732-2d1ec7bb7445?q=80&w=600
25,7980,2026-04-19T21:12:16,10.7623001,106.6684262,https://images.unsplash.com/photo-1546069901-ba9599a7e63c?q=80&w=600
32,6403,2026-04-19T21:12:16,10.7791849,106.7022879,https://images.unsplash.com/photo-1546069901-ba9599a7e63c?q=80&w=600
3,7903,2026-04-19T21:12:16,10.7430213,106.6123973,https://images.unsplash.com/photo-1540189549336-e6e99c3679fe?q=80&w=600
24,9941,2026-04-19T22:12:16,10.7891986,106.7174195,https://images.unsplash.com/photo-1555939594-58d7cb561ad1?q=80&w=600
14,13004,2026-04-19T22:12:16,10.7820898,106.6880257,https://images.unsplash.com/photo-1567620905732-2d1ec7bb7445?q=80&w=600
17,373,2026-04-19T22:12:16,10.7868712,106.7071606,https://images.unsplash.com/photo-1582878826629-29b7ad1cdc43?w=200
34,15526,2026-04-19T22:12:16,10.7667125,106.6904605,https://images.unsplash.com/photo-1482049016688-2d3e1b311543?q=80&w=600
21,6281,2026-04-19T22:12:16,10.769572,106.6898831,https://images.unsplash.com/photo-1484723088339-32383369d5bb?q=80&w=600
1,4539,2026-04-19T22:12:16,10.7796141,106.7026193,https://images.unsplash.com/photo-1567620905732-2d1ec7bb7445?q=80&w=600
3,517,2026-04-19T22:54:02,10.7882189,106.6916737,https://images.unsplash.com/photo-1582878826629-29b7ad1cdc43?w=200
18,8785,2026-04-19T23:12:16,10.7760845,106.6898873,https://images.unsplash.com/photo-1565299624946-b28f40a0ae38?q=80&w=600
23,645,2026-04-19T23:12:16,10.794319,106.6779976,https://images.unsplash.com/photo-1582878826629-29b7ad1cdc43?w=200
20,15374,2026-04-19T23:12:16,10.7994785,106.656613,https://images.unsplash.com/photo-1482049016688-2d3e1b311543?q=80&w=600
31,14065,2026-04-19T23:12:16,10.7751007,106.7006098,https://images.unsplash.com/photo-1484723088339-32383369d5bb?q=80&w=600
3,3430,2026-04-19T23:12:16,10.7514173,106.6218242,https://images.unsplash.com/photo-1565299624946-b28f40a0ae38?q=80&w=600
9,3114,2026-04-19T23:12:16,10.778681,106.6921566,https://images.unsplash.com/photo-1565299624946-b28f40a0ae38?q=80&w=600
9,3990,2026-04-19T23:12:16,10.8261282,106.7386412,https://images.unsplash.com/photo-1512621776951-a57141f2eefd?q=80&w=600
10,15281,2026-04-19T23:12:16,10.771616,106.6858145,https://images.unsplash.com/photo-1555939594-58d7cb561ad1?q=80&w=600
9,4414,2026-04-19T23:12:16,10.7847219,106.6994425,https://images.unsplash.com/photo-1546069901-ba9599a7e63c?q=80&w=600
10,4170,2026-04-20T00:12:16,10.8287006,106.6835014,https://images.unsplash.com/photo-1555939594-58d7cb561ad1?q=80&w=600
14,17,2026-04-20T00:12:16,10.7807008,106.7067111,https://images.unsplash.com/photo-1582878826629-29b7ad1cdc43?w=200
11,12700,2026-04-20T00:12:16,10.7685456,106.6938887,https://images.unsplash.com/photo-1546069901-ba9599a7e63c?q=80&w=600
25,3812,2026-04-20T00:12:16,10.7783736,106.6865896,https://images.unsplash.com/photo-1565299624946-b28f40a0ae38?q=80&w=600
30,485,2026-04-20T00:12:16,10.7966788,106.6649293,https://images.unsplash.com/photo-1582878826629-29b7ad1cdc43?w=200
19,11864,2026-04-20T00:12:16,10.807217,106.6190595,https://images.unsplash.com/photo-1482049016688-2d3e1b311543?q=80&w=600
30,13004,2026-04-20T00:12:16,10.7820898,106.6880257,https://images.unsplash.com/photo-1567620905732-2d1ec7bb7445?q=80&w=600
22,14033,2026-04-20T00:12:16,10.7719743,106.6527068,https://images.unsplash.com/photo-1565299624946-b28f40a0ae38?q=80&w=600
29,10363,2026-04-20T01:12:16,10.7675414,106.698786,https://images.unsplash.com/photo-1512621776951-a57141f2eefd?q=80&w=600
21,9362,2026-04-20T01:12:16,10.7786741,106.6650928,https://images.unsplash.com/photo-1565299624946-b28f40a0ae38?q=80&w=600
28,7665,2026-04-20T01:12:16,10.7429836,106.6126471,https://images.unsplash.com/photo-1546069901-ba9599a7e63c?q=80&w=600
27,14656,2026-04-20T01:12:16,10.8668373,106.6811817,https://images.unsplash.com/photo-1565299624946-b28f40a0ae38?q=80&w=600
28,6112,2026-04-20T01:12:16,10.7701374,106.6923417,https://images.unsplash.com/photo-1546069901-ba9599a7e63c?q=80&w=600
35,161,2026-04-20T01:12:16,10.755919,106.676499,https://images.unsplash.com/photo-1582878826629-29b7ad1cdc43?w=200
3,7323,2026-04-20T02:12:16,10.7659379,106.696495,https://images.unsplash.com/photo-1567620905732-2d1ec7bb7445?q=80&w=600
31,15138,2026-04-20T02:12:16,10.8091374,106.6890004,https://images.unsplash.com/photo-1512621776951-a57141f2eefd?q=80&w=600
16,13581,2026-04-20T02:12:16,10.7027037,106.6545089,https://images.unsplash.com/photo-1546069901-ba9599a7e63c?q=80&w=600
27,8078,2026-04-20T02:12:16,10.7576354,106.687285,https://images.unsplash.com/photo-1484723088339-32383369d5bb?q=80&w=600
27,7846,2026-04-20T02:12:16,10.7430598,106.6122062,https://images.unsplash.com/photo-1482049016688-2d3e1b311543?q=80&w=600
10,11207,2026-04-20T02:12:16,10.7729783,106.7045114,https://images.unsplash.com/photo-1540189549336-e6e99c3679fe?q=80&w=600
23,15526,2026-04-20T03:12:16,10.7667125,106.6904605,https://images.unsplash.com/photo-1482049016688-2d3e1b311543?q=80&w=600
34,4226,2026-04-20T03:12:16,10.785952,106.6631918,https://images.unsplash.com/photo-1540189549336-e6e99c3679fe?q=80&w=600
20,7911,2026-04-20T03:12:16,10.7428509,106.6126318,https://images.unsplash.com/photo-1484723088339-32383369d5bb?q=80&w=600
33,5730,2026-04-20T03:12:16,10.773632,106.668777,https://images.unsplash.com/photo-1555939594-58d7cb561ad1?q=80&w=600
15,4756,2026-04-20T03:12:16,10.7613958,106.6898965,https://images.unsplash.com/photo-1546069901-ba9599a7e63c?q=80&w=600
18,661,2026-04-20T03:12:16,10.7814055,106.7011626,https://images.unsplash.com/photo-1582878826629-29b7ad1cdc43?w=200
3,2804,2026-04-20T03:12:16,10.7684387,106.6942563,https://images.unsplash.com/photo-1555939594-58d7cb561ad1?q=80&w=600
34,11065,2026-04-20T04:12:16,10.7728586,106.6952438,https://images.unsplash.com/photo-1540189549336-e6e99c3679fe?q=80&w=600
6,10129,2026-04-20T04:12:16,10.7714689,106.692371,https://images.unsplash.com/photo-1546069901-ba9599a7e63c?q=80&w=600
35,10729,2026-04-20T04:12:16,10.8092321,106.7339752,https://images.unsplash.com/photo-1565299624946-b28f40a0ae38?q=80&w=600
6,14994,2026-04-20T04:12:16,10.8040116,106.7146671,https://images.unsplash.com/photo-1482049016688-2d3e1b311543?q=80&w=600
32,6465,2026-04-20T04:12:16,10.7891129,106.6989388,https://images.unsplash.com/photo-1484723088339-32383369d5bb?q=80&w=600
12,11034,2026-04-20T05:12:16,10.8237344,106.6937236,https://images.unsplash.com/photo-1567620905732-2d1ec7bb7445?q=80&w=600
30,6612,2026-04-20T05:12:16,10.7653975,106.6820352,https://images.unsplash.com/photo-1484723088339-32383369d5bb?q=80&w=600
13,21,2026-04-20T05:12:16,10.7732882,106.7040253,https://images.unsplash.com/photo-1582878826629-29b7ad1cdc43?w=200
26,7283,2026-04-20T05:12:16,10.7554922,106.6735592,https://images.unsplash.com/photo-1555939594-58d7cb561ad1?q=80&w=600
17,15168,2026-04-20T05:12:16,10.7633733,106.7076661,https://images.unsplash.com/photo-1567620905732-2d1ec7bb7445?q=80&w=600
24,4508,2026-04-20T06:12:16,10.7826757,106.7054387,https://images.unsplash.com/photo-1512621776951-a57141f2eefd?q=80&w=600
22,7684,2026-04-20T06:12:16,10.7430727,106.6121465,https://images.unsplash.com/photo-1540189549336-e6e99c3679fe?q=80&w=600
30,133,2026-04-20T06:12:16,10.7748184,106.6992492,https://images.unsplash.com/photo-1582878826629-29b7ad1cdc43?w=200
34,14319,2026-04-20T07:12:16,10.8031882,106.7320594,https://images.unsplash.com/photo-1482049016688-2d3e1b311543?q=80&w=600
6,14679,2026-04-20T07:12:16,10.8687721,106.682662,https://images.unsplash.com/photo-1540189549336-e6e99c3679fe?q=80&w=600
28,5110,2026-04-20T07:12:16,10.7704859,106.6694797,https://images.unsplash.com/photo-1540189549336-e6e99c3679fe?q=80&w=600
8,8285,2026-04-20T07:12:16,10.7731967,106.6975865,https://images.unsplash.com/photo-1546069901-ba9599a7e63c?q=80&w=600
30,12188,2026-04-20T07:12:16,10.7861825,106.7645933,https://images.unsplash.com/photo-1482049016688-2d3e1b311543?q=80&w=600
18,11760,2026-04-20T07:12:16,10.7828693,106.7515473,https://images.unsplash.com/photo-1484723088339-32383369d5bb?q=80&w=600
10,6558,2026-04-20T07:12:16,10.7767582,106.6637863,https://images.unsplash.com/photo-1482049016688-2d3e1b311543?q=80&w=600
28,421,2026-04-20T08:12:16,10.7745919,106.672839,https://images.unsplash.com/photo-1582878826629-29b7ad1cdc43?w=200
18,13878,2026-04-20T08:12:16,10.7963499,106.6653543,https://images.unsplash.com/photo-1484723088339-32383369d5bb?q=80&w=600
20,15362,2026-04-20T08:12:16,10.7714741,106.69207,https://images.unsplash.com/photo-1567620905732-2d1ec7bb7445?q=80&w=600
26,4852,2026-04-20T08:12:16,10.7732989,106.7041107,https://images.unsplash.com/photo-1546069901-ba9599a7e63c?q=80&w=600
1,16807,2026-04-20T08:12:16,10.7666113,106.690904,https://images.unsplash.com/photo-1567620905732-2d1ec7bb7445?q=80&w=600
32,15934,2026-04-20T08:12:16,10.7920949,106.7306998,https://images.unsplash.com/photo-1546069901-ba9599a7e63c?q=80&w=600
13,15823,2026-04-20T09:12:16,10.7568815,106.6852208,https://images.unsplash.com/photo-1482049016688-2d3e1b311543?q=80&w=600
29,16166,2026-04-20T09:12:16,10.7885088,106.6207644,https://images.unsplash.com/photo-1540189549336-e6e99c3679fe?q=80&w=600
29,16798,2026-04-20T09:12:16,10.7683685,106.6933655,https://images.unsplash.com/photo-1482049016688-2d3e1b311543?q=80&w=600
1,8832,2026-04-20T09:12:16,10.7479219,106.6820224,https://images.unsplash.com/photo-1512621776951-a57141f2eefd?q=80&w=600
30,14531,2026-04-20T09:12:16,10.7846465,106.6396567,https://images.unsplash.com/photo-1482049016688-2d3e1b311543?q=80&w=600
34,3094,2026-04-20T09:12:16,10.8099687,106.6128826,https://images.unsplash.com/photo-1540189549336-e6e99c3679fe?q=80&w=600
25,57,2026-04-20T09:12:16,10.7666137,106.6922676,https://images.unsplash.com/photo-1582878826629-29b7ad1cdc43?w=200
10,4328,2026-04-20T09:12:16,10.7871367,106.6643589,https://images.unsplash.com/photo-1546069901-ba9599a7e63c?q=80&w=600
24,6497,2026-04-20T09:12:16,10.7631075,106.6651827,https://images.unsplash.com/photo-1484723088339-32383369d5bb?q=80&w=600
10,241,2026-04-20T09:12:16,10.7780081,106.7038501,https://images.unsplash.com/photo-1582878826629-29b7ad1cdc43?w=200
31,6042,2026-04-20T10:12:16,10.8407683,106.7655908,https://images.unsplash.com/photo-1484723088339-32383369d5bb?q=80&w=600
8,485,2026-04-20T10:12:16,10.7966788,106.6649293,https://images.unsplash.com/photo-1582878826629-29b7ad1cdc43?w=200
27,589,2026-04-20T10:12:16,10.7896047,106.6912995,https://images.unsplash.com/photo-1582878826629-29b7ad1cdc43?w=200
31,5003,2026-04-20T10:12:16,10.7959638,106.6659284,https://images.unsplash.com/photo-1546069901-ba9599a7e63c?q=80&w=600
8,85,2026-04-20T11:12:16,10.7754764,106.6956779,https://images.unsplash.com/photo-1582878826629-29b7ad1cdc43?w=200
14,4289,2026-04-20T11:12:16,10.775254,106.6296198,https://images.unsplash.com/photo-1555939594-58d7cb561ad1?q=80&w=600
23,14257,2026-04-20T11:12:16,10.8047339,106.7399389,https://images.unsplash.com/photo-1484723088339-32383369d5bb?q=80&w=600
15,13894,2026-04-20T11:12:16,10.7653387,106.6856668,https://images.unsplash.com/photo-1546069901-ba9599a7e63c?q=80&w=600
12,281,2026-04-20T11:12:16,10.7768577,106.7024065,https://images.unsplash.com/photo-1582878826629-29b7ad1cdc43?w=200
1,561,2026-04-20T12:12:16,10.7776676,106.7044489,https://images.unsplash.com/photo-1582878826629-29b7ad1cdc43?w=200
19,7991,2026-04-20T12:12:16,10.7624433,106.6684,https://images.unsplash.com/photo-1540189549336-e6e99c3679fe?q=80&w=600
31,14366,2026-04-20T12:12:16,10.776982,106.7038982,https://images.unsplash.com/photo-1482049016688-2d3e1b311543?q=80&w=600
7,11166,2026-04-20T12:12:16,10.8167889,106.7285705,https://images.unsplash.com/photo-1482049016688-2d3e1b311543?q=80&w=600
10,13447,2026-04-20T12:12:16,10.7355928,106.6931855,https://images.unsplash.com/photo-1555939594-58d7cb561ad1?q=80&w=600
29,369,2026-04-20T12:12:16,10.7754055,106.7033338,https://images.unsplash.com/photo-1582878826629-29b7ad1cdc43?w=200
35,6603,2026-04-20T13:12:16,10.7728885,106.6956522,https://images.unsplash.com/photo-1512621776951-a57141f2eefd?q=80&w=600
35,8058,2026-04-20T13:12:16,10.7594098,106.6987798,https://images.unsplash.com/photo-1567620905732-2d1ec7bb7445?q=80&w=600
19,6867,2026-04-20T13:12:16,10.7677103,106.65255,https://images.unsplash.com/photo-1540189549336-e6e99c3679fe?q=80&w=600
35,325,2026-04-20T13:12:16,10.7336504,106.7082869,https://images.unsplash.com/photo-1582878826629-29b7ad1cdc43?w=200
3,8904,2026-04-20T13:12:16,10.7915425,106.7222286,https://images.unsplash.com/photo-1565299624946-b28f40a0ae38?q=80&w=600
1,16615,2026-04-20T13:12:16,10.8671622,106.6814852,https://images.unsplash.com/photo-1540189549336-e6e99c3679fe?q=80&w=600
3,117,2026-04-20T13:12:16,10.776619,106.7039069,https://images.unsplash.com/photo-1582878826629-29b7ad1cdc43?w=200
1,4970,2026-04-20T13:12:16,10.771603,106.6698119,https://images.unsplash.com/photo-1565299624946-b28f40a0ae38?q=80&w=600
11,10942,2026-04-20T13:12:16,10.7797644,106.7041842,https://images.unsplash.com/photo-1565299624946-b28f40a0ae38?q=80&w=600
25,7999,2026-04-20T13:12:16,10.7923214,106.7089215,https://images.unsplash.com/photo-1512621776951-a57141f2eefd?q=80&w=600
16,9949,2026-04-20T13:12:16,10.774512,106.704844,https://images.unsplash.com/photo-1484723088339-32383369d5bb?q=80&w=600
24,11588,2026-04-20T14:12:16,10.7743745,106.7509972,https://images.unsplash.com/photo-1540189549336-e6e99c3679fe?q=80&w=600
32,14878,2026-04-20T14:12:16,10.7926915,106.6911673,https://images.unsplash.com/photo-1555939594-58d7cb561ad1?q=80&w=600
25,577,2026-04-20T14:12:16,10.7924466,106.6820018,https://images.unsplash.com/photo-1582878826629-29b7ad1cdc43?w=200
34,14607,2026-04-20T14:12:16,10.793772,106.6901861,https://images.unsplash.com/photo-1567620905732-2d1ec7bb7445?q=80&w=600
32,10882,2026-04-20T14:12:16,10.7799782,106.704803,https://images.unsplash.com/photo-1540189549336-e6e99c3679fe?q=80&w=600
20,9105,2026-04-20T14:12:16,10.7793255,106.6887919,https://images.unsplash.com/photo-1567620905732-2d1ec7bb7445?q=80&w=600
15,637,2026-04-20T14:12:16,10.7611535,106.6927466,https://images.unsplash.com/photo-1582878826629-29b7ad1cdc43?w=200
2,7763,2026-04-20T14:12:16,10.7429788,106.6127331,https://images.unsplash.com/photo-1512621776951-a57141f2eefd?q=80&w=600
27,577,2026-04-20T15:12:16,10.7924466,106.6820018,https://images.unsplash.com/photo-1582878826629-29b7ad1cdc43?w=200
9,6392,2026-04-20T15:12:16,10.7838758,106.6779339,https://images.unsplash.com/photo-1565299624946-b28f40a0ae38?q=80&w=600
23,12735,2026-04-20T15:12:16,10.7774006,106.6884244,https://images.unsplash.com/photo-1565299624946-b28f40a0ae38?q=80&w=600
26,2950,2026-04-20T15:12:16,10.8394051,106.7803004,https://images.unsplash.com/photo-1512621776951-a57141f2eefd?q=80&w=600
25,10549,2026-04-20T15:12:16,10.8554027,106.6531649,https://images.unsplash.com/photo-1482049016688-2d3e1b311543?q=80&w=600
16,16417,2026-04-20T15:12:16,10.7529552,106.6558494,https://images.unsplash.com/photo-1482049016688-2d3e1b311543?q=80&w=600
23,10261,2026-04-20T15:12:16,10.7661583,106.6895948,https://images.unsplash.com/photo-1565299624946-b28f40a0ae38?q=80&w=600
7,8968,2026-04-20T15:12:16,10.8066273,106.7346616,https://images.unsplash.com/photo-1482049016688-2d3e1b311543?q=80&w=600
1,8652,2026-04-20T16:12:16,10.7696694,106.6908274,https://images.unsplash.com/photo-1567620905732-2d1ec7bb7445?q=80&w=600
29,4250,2026-04-20T16:12:16,10.7873014,106.6637587,https://images.unsplash.com/photo-1546069901-ba9599a7e63c?q=80&w=600
7,273,2026-04-20T16:12:16,10.7792532,106.7038786,https://images.unsplash.com/photo-1582878826629-29b7ad1cdc43?w=200
2,13523,2026-04-20T16:12:16,10.7561407,106.6323444,https://images.unsplash.com/photo-1484723088339-32383369d5bb?q=80&w=600
21,8735,2026-04-20T16:12:16,10.7851277,106.7010816,https://images.unsplash.com/photo-1555939594-58d7cb561ad1?q=80&w=600
8,7082,2026-04-20T17:12:16,10.8841091,106.6063851,https://images.unsplash.com/photo-1565299624946-b28f40a0ae38?q=80&w=600
7,15479,2026-04-20T17:12:16,10.7887704,106.697965,https://images.unsplash.com/photo-1484723088339-32383369d5bb?q=80&w=600
9,10297,2026-04-20T17:12:16,10.7867196,106.7111343,https://images.unsplash.com/photo-1482049016688-2d3e1b311543?q=80&w=600
28,15503,2026-04-20T17:12:16,10.7660499,106.693945,https://images.unsplash.com/photo-1512621776951-a57141f2eefd?q=80&w=600
1,14586,2026-04-20T17:12:16,10.7860878,106.6770503,https://images.unsplash.com/photo-1567620905732-2d1ec7bb7445?q=80&w=600
7,13894,2026-04-20T17:12:16,10.7653387,106.6856668,https://images.unsplash.com/photo-1546069901-ba9599a7e63c?q=80&w=600
24,5572,2026-04-20T18:12:16,10.7608622,106.6987086,https://images.unsplash.com/photo-1565299624946-b28f40a0ae38?q=80&w=600
35,7684,2026-04-20T18:12:16,10.7430727,106.6121465,https://images.unsplash.com/photo-1540189549336-e6e99c3679fe?q=80&w=600
18,14140,2026-04-20T18:12:16,10.7966992,106.6528938,https://images.unsplash.com/photo-1565299624946-b28f40a0ae38?q=80&w=600
16,3063,2026-04-20T18:12:16,10.8016327,106.6540711,https://images.unsplash.com/photo-1484723088339-32383369d5bb?q=80&w=600
26,97,2026-04-20T18:12:16,10.7602951,106.6991702,https://images.unsplash.com/photo-1582878826629-29b7ad1cdc43?w=200
1,521,2026-04-20T18:54:02,10.7890805,106.6905927,https://images.unsplash.com/photo-1582878826629-29b7ad1cdc43?w=200
25,10031,2026-04-20T19:12:16,10.8487519,106.7718003,https://images.unsplash.com/photo-1512621776951-a57141f2eefd?q=80&w=600
6,12799,2026-04-20T19:12:16,10.7329873,106.7072123,https://images.unsplash.com/photo-1484723088339-32383369d5bb?q=80&w=600
28,8067,2026-04-20T20:12:16,10.7612594,106.6999017,https://images.unsplash.com/photo-1512621776951-a57141f2eefd?q=80&w=600
28,8007,2026-04-20T20:12:16,10.7425916,106.6237697,https://images.unsplash.com/photo-1546069901-ba9599a7e63c?q=80&w=600
18,657,2026-04-20T20:12:16,10.7763157,106.6866707,https://images.unsplash.com/photo-1582878826629-29b7ad1cdc43?w=200
7,8150,2026-04-20T21:12:16,10.7900228,106.7011029,https://images.unsplash.com/photo-1512621776951-a57141f2eefd?q=80&w=600
7,513,2026-04-20T21:12:16,10.7857396,106.6949916,https://images.unsplash.com/photo-1582878826629-29b7ad1cdc43?w=200
34,16020,2026-04-20T21:12:16,10.7750442,106.6645467,https://images.unsplash.com/photo-1512621776951-a57141f2eefd?q=80&w=600
24,14426,2026-04-20T21:12:16,10.7602288,106.7018137,https://images.unsplash.com/photo-1546069901-ba9599a7e63c?q=80&w=600
9,429,2026-04-20T21:12:16,10.767854,106.686372,https://images.unsplash.com/photo-1582878826629-29b7ad1cdc43?w=200
11,7432,2026-04-20T21:12:16,10.8056356,106.7321369,https://images.unsplash.com/photo-1565299624946-b28f40a0ae38?q=80&w=600
31,7174,2026-04-20T21:12:16,10.7788383,106.6981831,https://images.unsplash.com/photo-1482049016688-2d3e1b311543?q=80&w=600
28,3366,2026-04-20T22:12:16,10.7834253,106.6381266,https://images.unsplash.com/photo-1567620905732-2d1ec7bb7445?q=80&w=600
7,5945,2026-04-20T22:12:16,10.7388551,106.7111366,https://images.unsplash.com/photo-1565299624946-b28f40a0ae38?q=80&w=600
26,13331,2026-04-20T22:12:16,10.7981376,106.689783,https://images.unsplash.com/photo-1546069901-ba9599a7e63c?q=80&w=600
1,4280,2026-04-20T23:12:16,10.7848645,106.6626838,https://images.unsplash.com/photo-1567620905732-2d1ec7bb7445?q=80&w=600
31,9165,2026-04-20T23:12:16,10.7611764,106.7026939,https://images.unsplash.com/photo-1546069901-ba9599a7e63c?q=80&w=600
27,3765,2026-04-20T23:12:16,10.7753264,106.6975453,https://images.unsplash.com/photo-1484723088339-32383369d5bb?q=80&w=600
34,317,2026-04-21T00:12:16,10.7275927,106.7195082,https://images.unsplash.com/photo-1582878826629-29b7ad1cdc43?w=200
9,4250,2026-04-21T00:12:16,10.7873014,106.6637587,https://images.unsplash.com/photo-1546069901-ba9599a7e63c?q=80&w=600
12,4178,2026-04-21T00:12:16,10.7650979,106.6948465,https://images.unsplash.com/photo-1546069901-ba9599a7e63c?q=80&w=600
30,15320,2026-04-21T00:12:16,10.7383625,106.6962144,https://images.unsplash.com/photo-1555939594-58d7cb561ad1?q=80&w=600
16,8202,2026-04-21T00:12:16,10.7477198,106.6117602,https://images.unsplash.com/photo-1555939594-58d7cb561ad1?q=80&w=600
1,6582,2026-04-21T00:12:16,10.7800964,106.6899191,https://images.unsplash.com/photo-1567620905732-2d1ec7bb7445?q=80&w=600
18,6354,2026-04-21T01:12:16,10.7644905,106.6914365,https://images.unsplash.com/photo-1540189549336-e6e99c3679fe?q=80&w=600
21,11608,2026-04-21T01:12:16,10.7741114,106.7516185,https://images.unsplash.com/photo-1484723088339-32383369d5bb?q=80&w=600
25,10297,2026-04-21T01:12:16,10.7867196,106.7111343,https://images.unsplash.com/photo-1482049016688-2d3e1b311543?q=80&w=600
10,677,2026-04-21T01:12:16,10.7591873,106.6741732,https://images.unsplash.com/photo-1582878826629-29b7ad1cdc43?w=200
7,4895,2026-04-21T02:12:16,10.7711838,106.6896281,https://images.unsplash.com/photo-1565299624946-b28f40a0ae38?q=80&w=600
11,10942,2026-04-21T02:12:16,10.7797644,106.7041842,https://images.unsplash.com/photo-1565299624946-b28f40a0ae38?q=80&w=600
15,533,2026-04-21T02:12:16,10.776223,106.7048961,https://images.unsplash.com/photo-1582878826629-29b7ad1cdc43?w=200
19,385,2026-04-21T02:12:16,10.768989,106.699256,https://images.unsplash.com/photo-1582878826629-29b7ad1cdc43?w=200
14,729,2026-04-21T02:12:16,10.7292804,106.7061103,https://images.unsplash.com/photo-1582878826629-29b7ad1cdc43?w=200
15,13894,2026-04-21T02:12:16,10.7653387,106.6856668,https://images.unsplash.com/photo-1546069901-ba9599a7e63c?q=80&w=600
15,409,2026-04-21T02:12:16,10.77734,106.692708,https://images.unsplash.com/photo-1582878826629-29b7ad1cdc43?w=200
13,6603,2026-04-21T03:12:16,10.7728885,106.6956522,https://images.unsplash.com/photo-1512621776951-a57141f2eefd?q=80&w=600
21,10860,2026-04-21T03:12:16,10.7830982,106.6825499,https://images.unsplash.com/photo-1565299624946-b28f40a0ae38?q=80&w=600
6,4090,2026-04-21T03:12:16,10.7293411,106.7089901,https://images.unsplash.com/photo-1482049016688-2d3e1b311543?q=80&w=600
12,9899,2026-04-21T03:12:16,10.8236226,106.7318992,https://images.unsplash.com/photo-1484723088339-32383369d5bb?q=80&w=600
6,9941,2026-04-21T04:12:16,10.7891986,106.7174195,https://images.unsplash.com/photo-1555939594-58d7cb561ad1?q=80&w=600
33,3063,2026-04-21T04:12:16,10.8016327,106.6540711,https://images.unsplash.com/photo-1484723088339-32383369d5bb?q=80&w=600
21,16789,2026-04-21T04:12:16,10.7666041,106.6609185,https://images.unsplash.com/photo-1540189549336-e6e99c3679fe?q=80&w=600
16,15663,2026-04-21T04:12:16,10.795497,106.7070618,https://images.unsplash.com/photo-1512621776951-a57141f2eefd?q=80&w=600
25,117,2026-04-21T04:12:16,10.776619,106.7039069,https://images.unsplash.com/photo-1582878826629-29b7ad1cdc43?w=200
26,10315,2026-04-21T04:12:16,10.7884577,106.6975684,https://images.unsplash.com/photo-1565299624946-b28f40a0ae38?q=80&w=600
30,5966,2026-04-21T04:12:16,10.7905235,106.7050922,https://images.unsplash.com/photo-1484723088339-32383369d5bb?q=80&w=600
21,10021,2026-04-21T05:12:16,10.7948113,106.6832482,https://images.unsplash.com/photo-1546069901-ba9599a7e63c?q=80&w=600
16,12700,2026-04-21T05:12:16,10.7685456,106.6938887,https://images.unsplash.com/photo-1546069901-ba9599a7e63c?q=80&w=600
3,9283,2026-04-21T05:12:16,10.7990021,106.6555988,https://images.unsplash.com/photo-1565299624946-b28f40a0ae38?q=80&w=600
17,6965,2026-04-21T05:12:16,10.7600848,106.6859042,https://images.unsplash.com/photo-1512621776951-a57141f2eefd?q=80&w=600
25,10269,2026-04-21T05:12:16,10.7678297,106.6950547,https://images.unsplash.com/photo-1512621776951-a57141f2eefd?q=80&w=600
33,14200,2026-04-21T05:12:16,10.7962062,106.6778249,https://images.unsplash.com/photo-1482049016688-2d3e1b311543?q=80&w=600
16,9792,2026-04-21T06:12:16,10.7318839,106.7191567,https://images.unsplash.com/photo-1555939594-58d7cb561ad1?q=80&w=600
18,9362,2026-04-21T06:12:16,10.7786741,106.6650928,https://images.unsplash.com/photo-1565299624946-b28f40a0ae38?q=80&w=600
32,14744,2026-04-21T06:12:16,10.8462053,106.7967492,https://images.unsplash.com/photo-1546069901-ba9599a7e63c?q=80&w=600
22,6060,2026-04-21T06:12:16,10.7359988,106.670776,https://images.unsplash.com/photo-1565299624946-b28f40a0ae38?q=80&w=600
26,14033,2026-04-21T06:12:16,10.7719743,106.6527068,https://images.unsplash.com/photo-1565299624946-b28f40a0ae38?q=80&w=600
14,6134,2026-04-21T07:12:16,10.7910656,106.7054032,https://images.unsplash.com/photo-1555939594-58d7cb561ad1?q=80&w=600
19,14268,2026-04-21T07:12:16,10.8030828,106.7318264,https://images.unsplash.com/photo-1484723088339-32383369d5bb?q=80&w=600
13,12555,2026-04-21T07:12:16,10.7954485,106.6724281,https://images.unsplash.com/photo-1540189549336-e6e99c3679fe?q=80&w=600
19,4268,2026-04-21T07:12:16,10.739051,106.690432,https://images.unsplash.com/photo-1482049016688-2d3e1b311543?q=80&w=600
17,13351,2026-04-21T07:12:16,10.7608131,106.6617334,https://images.unsplash.com/photo-1540189549336-e6e99c3679fe?q=80&w=600
15,3821,2026-04-21T07:12:16,10.7682015,106.69456,https://images.unsplash.com/photo-1546069901-ba9599a7e63c?q=80&w=600
25,10902,2026-04-21T07:12:16,10.7796159,106.7052237,https://images.unsplash.com/photo-1512621776951-a57141f2eefd?q=80&w=600
2,225,2026-04-21T07:54:02,10.7972201,106.6907929,https://images.unsplash.com/photo-1582878826629-29b7ad1cdc43?w=200
24,9322,2026-04-21T08:12:16,10.7751823,106.6718356,https://images.unsplash.com/photo-1546069901-ba9599a7e63c?q=80&w=600
7,13715,2026-04-21T08:12:16,10.801873,106.7292227,https://images.unsplash.com/photo-1484723088339-32383369d5bb?q=80&w=600
30,701,2026-04-21T08:12:16,10.7807736,106.6982429,https://images.unsplash.com/photo-1582878826629-29b7ad1cdc43?w=200
29,521,2026-04-21T08:12:16,10.7890805,106.6905927,https://images.unsplash.com/photo-1582878826629-29b7ad1cdc43?w=200
9,15904,2026-04-21T08:12:16,10.81761,106.6372261,https://images.unsplash.com/photo-1540189549336-e6e99c3679fe?q=80&w=600
25,15291,2026-04-21T09:12:16,10.7691858,106.6933369,https://images.unsplash.com/photo-1484723088339-32383369d5bb?q=80&w=600
24,493,2026-04-21T09:12:16,10.8042838,106.6895662,https://images.unsplash.com/photo-1582878826629-29b7ad1cdc43?w=200
33,6383,2026-04-21T09:12:16,10.794757,106.7217936,https://images.unsplash.com/photo-1484723088339-32383369d5bb?q=80&w=600
18,6014,2026-04-21T09:12:16,10.7425162,106.6357323,https://images.unsplash.com/photo-1512621776951-a57141f2eefd?q=80&w=600
29,12573,2026-04-21T09:12:16,10.7996259,106.6862527,https://images.unsplash.com/photo-1482049016688-2d3e1b311543?q=80&w=600
13,4101,2026-04-21T10:12:16,10.7293374,106.7087772,https://images.unsplash.com/photo-1482049016688-2d3e1b311543?q=80&w=600
9,4031,2026-04-21T10:12:16,10.8800307,106.7867928,https://images.unsplash.com/photo-1540189549336-e6e99c3679fe?q=80&w=600
15,757,2026-04-21T10:12:16,10.765984,106.6450274,https://images.unsplash.com/photo-1582878826629-29b7ad1cdc43?w=200
19,16741,2026-04-21T10:12:16,10.7588579,106.6717884,https://images.unsplash.com/photo-1546069901-ba9599a7e63c?q=80&w=600
11,6112,2026-04-21T11:12:16,10.7701374,106.6923417,https://images.unsplash.com/photo-1546069901-ba9599a7e63c?q=80&w=600
20,6302,2026-04-21T11:12:16,10.7961044,106.6238729,https://images.unsplash.com/photo-1565299624946-b28f40a0ae38?q=80&w=600
25,5122,2026-04-21T11:12:16,10.7704543,106.6695226,https://images.unsplash.com/photo-1567620905732-2d1ec7bb7445?q=80&w=600
28,12402,2026-04-21T11:12:16,10.7717143,106.7050647,https://images.unsplash.com/photo-1565299624946-b28f40a0ae38?q=80&w=600
20,621,2026-04-21T11:12:16,10.7687389,106.6834665,https://images.unsplash.com/photo-1582878826629-29b7ad1cdc43?w=200
3,15914,2026-04-21T11:12:16,10.775463,106.6872055,https://images.unsplash.com/photo-1546069901-ba9599a7e63c?q=80&w=600
25,11768,2026-04-21T11:12:16,10.7829832,106.7516817,https://images.unsplash.com/photo-1546069901-ba9599a7e63c?q=80&w=600
22,3609,2026-04-21T11:12:16,10.8120727,106.6904117,https://images.unsplash.com/photo-1482049016688-2d3e1b311543?q=80&w=600
8,257,2026-04-21T11:12:16,10.7762605,106.7049669,https://images.unsplash.com/photo-1582878826629-29b7ad1cdc43?w=200
13,13838,2026-04-21T11:12:16,10.756692,106.6857088,https://images.unsplash.com/photo-1546069901-ba9599a7e63c?q=80&w=600
12,9302,2026-04-21T11:12:16,10.7746398,106.6763674,https://images.unsplash.com/photo-1482049016688-2d3e1b311543?q=80&w=600
30,12311,2026-04-21T12:12:16,10.7965995,106.6730691,https://images.unsplash.com/photo-1484723088339-32383369d5bb?q=80&w=600
11,14774,2026-04-21T12:12:16,10.7942711,106.6672225,https://images.unsplash.com/photo-1565299624946-b28f40a0ae38?q=80&w=600
6,665,2026-04-21T12:12:16,10.7978087,106.687348,https://images.unsplash.com/photo-1582878826629-29b7ad1cdc43?w=200
29,12402,2026-04-21T12:12:16,10.7717143,106.7050647,https://images.unsplash.com/photo-1565299624946-b28f40a0ae38?q=80&w=600
35,597,2026-04-21T12:12:16,10.7738554,106.7056571,https://images.unsplash.com/photo-1582878826629-29b7ad1cdc43?w=200
20,10950,2026-04-21T12:12:16,10.752898,106.6734332,https://images.unsplash.com/photo-1512621776951-a57141f2eefd?q=80&w=600
34,4767,2026-04-21T12:12:16,10.7810609,106.7062097,https://images.unsplash.com/photo-1540189549336-e6e99c3679fe?q=80&w=600
27,6582,2026-04-21T13:12:16,10.7800964,106.6899191,https://images.unsplash.com/photo-1567620905732-2d1ec7bb7445?q=80&w=600
32,10373,2026-04-21T13:12:16,10.7842139,106.6963563,https://images.unsplash.com/photo-1512621776951-a57141f2eefd?q=80&w=600
7,16615,2026-04-21T13:12:16,10.8671622,106.6814852,https://images.unsplash.com/photo-1540189549336-e6e99c3679fe?q=80&w=600
24,5832,2026-04-21T13:12:16,10.7685143,106.6950275,https://images.unsplash.com/photo-1512621776951-a57141f2eefd?q=80&w=600
31,16947,2026-04-21T13:12:16,10.7638049,106.6894993,https://images.unsplash.com/photo-1512621776951-a57141f2eefd?q=80&w=600
10,11749,2026-04-21T14:12:16,10.7788486,106.7530248,https://images.unsplash.com/photo-1484723088339-32383369d5bb?q=80&w=600
22,10149,2026-04-21T14:12:16,10.7684873,106.6988672,https://images.unsplash.com/photo-1555939594-58d7cb561ad1?q=80&w=600
23,8572,2026-04-21T14:12:16,10.782478,106.705707,https://images.unsplash.com/photo-1484723088339-32383369d5bb?q=80&w=600
14,16594,2026-04-21T14:12:16,10.8012501,106.61765,https://images.unsplash.com/photo-1540189549336-e6e99c3679fe?q=80&w=600
1,16372,2026-04-21T14:12:16,10.7657079,106.6810554,https://images.unsplash.com/photo-1484723088339-32383369d5bb?q=80&w=600
12,15158,2026-04-21T14:12:16,10.7689879,106.6959074,https://images.unsplash.com/photo-1540189549336-e6e99c3679fe?q=80&w=600
31,10850,2026-04-21T15:12:16,10.7675946,106.6973498,https://images.unsplash.com/photo-1567620905732-2d1ec7bb7445?q=80&w=600
20,317,2026-04-21T15:12:16,10.7275927,106.7195082,https://images.unsplash.com/photo-1582878826629-29b7ad1cdc43?w=200
8,15896,2026-04-21T15:12:16,10.7688755,106.6847304,https://images.unsplash.com/photo-1565299624946-b28f40a0ae38?q=80&w=600
26,6158,2026-04-21T15:12:16,10.7894442,106.7143059,https://images.unsplash.com/photo-1484723088339-32383369d5bb?q=80&w=600
25,14418,2026-04-21T15:12:16,10.7740117,106.6973898,https://images.unsplash.com/photo-1565299624946-b28f40a0ae38?q=80&w=600
21,10333,2026-04-21T16:12:16,10.7736329,106.6974832,https://images.unsplash.com/photo-1482049016688-2d3e1b311543?q=80&w=600
12,12087,2026-04-21T16:12:16,10.804257,106.7444657,https://images.unsplash.com/photo-1540189549336-e6e99c3679fe?q=80&w=600
16,8756,2026-04-21T16:12:16,10.8006097,106.7007502,https://images.unsplash.com/photo-1482049016688-2d3e1b311543?q=80&w=600
3,777,2026-04-21T16:12:16,10.7262831,106.7204412,https://images.unsplash.com/photo-1582878826629-29b7ad1cdc43?w=200
16,16231,2026-04-21T16:12:16,10.7866919,106.6362996,https://images.unsplash.com/photo-1484723088339-32383369d5bb?q=80&w=600
30,16328,2026-04-21T16:12:16,10.7935393,106.7094388,https://images.unsplash.com/photo-1484723088339-32383369d5bb?q=80&w=600
35,8968,2026-04-21T16:12:16,10.8066273,106.7346616,https://images.unsplash.com/photo-1482049016688-2d3e1b311543?q=80&w=600
8,9757,2026-04-21T16:12:16,10.728471,106.6700386,https://images.unsplash.com/photo-1484723088339-32383369d5bb?q=80&w=600
30,6859,2026-04-21T16:12:16,10.7739421,106.6479596,https://images.unsplash.com/photo-1565299624946-b28f40a0ae38?q=80&w=600
10,11351,2026-04-21T16:12:16,10.7889878,106.7531903,https://images.unsplash.com/photo-1512621776951-a57141f2eefd?q=80&w=600
35,8308,2026-04-21T16:12:16,10.7889453,106.6979385,https://images.unsplash.com/photo-1567620905732-2d1ec7bb7445?q=80&w=600
3,11087,2026-04-21T16:12:16,10.8151095,106.7272926,https://images.unsplash.com/photo-1482049016688-2d3e1b311543?q=80&w=600
29,15663,2026-04-21T16:12:16,10.795497,106.7070618,https://images.unsplash.com/photo-1512621776951-a57141f2eefd?q=80&w=600
6,5703,2026-04-21T17:12:16,10.7682523,106.6868828,https://images.unsplash.com/photo-1567620905732-2d1ec7bb7445?q=80&w=600
34,13830,2026-04-21T17:12:16,10.7664879,106.652917,https://images.unsplash.com/photo-1567620905732-2d1ec7bb7445?q=80&w=600
34,16778,2026-04-21T17:12:16,10.7481734,106.7002663,https://images.unsplash.com/photo-1565299624946-b28f40a0ae38?q=80&w=600
3,7274,2026-04-21T17:12:16,10.7674083,106.6407815,https://images.unsplash.com/photo-1567620905732-2d1ec7bb7445?q=80&w=600
3,593,2026-04-21T17:54:02,10.7736594,106.7054779,https://images.unsplash.com/photo-1582878826629-29b7ad1cdc43?w=200
11,15754,2026-04-21T18:12:16,10.8066811,106.7309352,https://images.unsplash.com/photo-1555939594-58d7cb561ad1?q=80&w=600
27,11237,2026-04-21T18:12:16,10.7705085,106.6848355,https://images.unsplash.com/photo-1540189549336-e6e99c3679fe?q=80&w=600
15,6226,2026-04-21T18:12:16,10.8131218,106.665592,https://images.unsplash.com/photo-1546069901-ba9599a7e63c?q=80&w=600
23,5703,2026-04-21T18:12:16,10.7682523,106.6868828,https://images.unsplash.com/photo-1567620905732-2d1ec7bb7445?q=80&w=600
22,14718,2026-04-21T18:12:16,10.789009,106.6982345,https://images.unsplash.com/photo-1546069901-ba9599a7e63c?q=80&w=600
8,3960,2026-04-21T18:12:16,10.7712663,106.6898911,https://images.unsplash.com/photo-1482049016688-2d3e1b311543?q=80&w=600
19,7508,2026-04-21T18:12:16,10.8035553,106.7341857,https://images.unsplash.com/photo-1484723088339-32383369d5bb?q=80&w=600
28,14298,2026-04-21T18:12:16,10.804997,106.7368769,https://images.unsplash.com/photo-1540189549336-e6e99c3679fe?q=80&w=600
16,11247,2026-04-21T19:12:16,10.8429138,106.6534493,https://images.unsplash.com/photo-1482049016688-2d3e1b311543?q=80&w=600
13,5474,2026-04-21T19:12:16,10.769197,106.689399,https://images.unsplash.com/photo-1482049016688-2d3e1b311543?q=80&w=600
22,221,2026-04-21T19:12:16,10.7818475,106.705108,https://images.unsplash.com/photo-1582878826629-29b7ad1cdc43?w=200
6,3388,2026-04-21T20:12:16,10.7791058,106.669572,https://images.unsplash.com/photo-1540189549336-e6e99c3679fe?q=80&w=600
13,14298,2026-04-21T20:12:16,10.804997,106.7368769,https://images.unsplash.com/photo-1540189549336-e6e99c3679fe?q=80&w=600
35,557,2026-04-21T20:12:16,10.7769534,106.704788,https://images.unsplash.com/photo-1582878826629-29b7ad1cdc43?w=200
8,373,2026-04-21T20:12:16,10.7868712,106.7071606,https://images.unsplash.com/photo-1582878826629-29b7ad1cdc43?w=200
28,9385,2026-04-21T20:12:16,10.7468774,106.7011838,https://images.unsplash.com/photo-1546069901-ba9599a7e63c?q=80&w=600
20,13240,2026-04-21T20:12:16,10.7922748,106.6418684,https://images.unsplash.com/photo-1555939594-58d7cb561ad1?q=80&w=600
7,7255,2026-04-21T21:12:16,10.7300369,106.7100951,https://images.unsplash.com/photo-1512621776951-a57141f2eefd?q=80&w=600
2,11470,2026-04-21T21:12:16,10.7966953,106.7190698,https://images.unsplash.com/photo-1482049016688-2d3e1b311543?q=80&w=600
29,13569,2026-04-21T21:12:16,10.7245847,106.6548508,https://images.unsplash.com/photo-1567620905732-2d1ec7bb7445?q=80&w=600
2,11710,2026-04-21T21:12:16,10.7773861,106.7521892,https://images.unsplash.com/photo-1567620905732-2d1ec7bb7445?q=80&w=600
9,8245,2026-04-21T21:12:16,10.7888308,106.6979008,https://images.unsplash.com/photo-1555939594-58d7cb561ad1?q=80&w=600
7,197,2026-04-21T21:12:16,10.797692,106.715692,https://images.unsplash.com/photo-1582878826629-29b7ad1cdc43?w=200
29,15675,2026-04-21T21:12:16,10.7664912,106.6986439,https://images.unsplash.com/photo-1484723088339-32383369d5bb?q=80&w=600
23,15663,2026-04-21T22:12:16,10.795497,106.7070618,https://images.unsplash.com/photo-1512621776951-a57141f2eefd?q=80&w=600
16,4875,2026-04-21T22:12:16,10.7401407,106.7098338,https://images.unsplash.com/photo-1484723088339-32383369d5bb?q=80&w=600
2,13557,2026-04-21T22:12:16,10.7846213,106.6228432,https://images.unsplash.com/photo-1546069901-ba9599a7e63c?q=80&w=600
2,213,2026-04-21T22:54:02,10.844877,106.767471,https://images.unsplash.com/photo-1582878826629-29b7ad1cdc43?w=200
20,12457,2026-04-21T23:12:16,10.7984413,106.6861909,https://images.unsplash.com/photo-1546069901-ba9599a7e63c?q=80&w=600
15,405,2026-04-21T23:12:16,10.786249,106.676706,https://images.unsplash.com/photo-1582878826629-29b7ad1cdc43?w=200
30,11489,2026-04-21T23:12:16,10.7832681,106.6967587,https://images.unsplash.com/photo-1540189549336-e6e99c3679fe?q=80&w=600
35,7879,2026-04-21T23:12:16,10.7431722,106.6128195,https://images.unsplash.com/photo-1546069901-ba9599a7e63c?q=80&w=600
11,5602,2026-04-22T00:12:16,10.7644192,106.6952576,https://images.unsplash.com/photo-1567620905732-2d1ec7bb7445?q=80&w=600
21,4779,2026-04-22T00:12:16,10.7673128,106.6931455,https://images.unsplash.com/photo-1546069901-ba9599a7e63c?q=80&w=600
26,3865,2026-04-22T00:12:16,10.8001215,106.6734404,https://images.unsplash.com/photo-1512621776951-a57141f2eefd?q=80&w=600
21,14093,2026-04-22T00:12:16,10.7520052,106.6279475,https://images.unsplash.com/photo-1565299624946-b28f40a0ae38?q=80&w=600
15,9804,2026-04-22T00:12:16,10.7882483,106.6254808,https://images.unsplash.com/photo-1512621776951-a57141f2eefd?q=80&w=600
25,11076,2026-04-22T01:12:16,10.7900066,106.7023183,https://images.unsplash.com/photo-1540189549336-e6e99c3679fe?q=80&w=600
24,11391,2026-04-22T01:12:16,10.7892476,106.7532788,https://images.unsplash.com/photo-1567620905732-2d1ec7bb7445?q=80&w=600
15,10933,2026-04-22T01:12:16,10.7791805,106.7051631,https://images.unsplash.com/photo-1484723088339-32383369d5bb?q=80&w=600
10,10021,2026-04-22T01:12:16,10.7948113,106.6832482,https://images.unsplash.com/photo-1546069901-ba9599a7e63c?q=80&w=600
6,6249,2026-04-22T01:12:16,10.7619455,106.6935584,https://images.unsplash.com/photo-1567620905732-2d1ec7bb7445?q=80&w=600
24,8319,2026-04-22T02:12:16,10.7856978,106.6936699,https://images.unsplash.com/photo-1484723088339-32383369d5bb?q=80&w=600
13,265,2026-04-22T02:12:16,10.7759751,106.7046722,https://images.unsplash.com/photo-1582878826629-29b7ad1cdc43?w=200
3,11981,2026-04-22T02:12:16,10.7334461,106.7093169,https://images.unsplash.com/photo-1555939594-58d7cb561ad1?q=80&w=600
15,14559,2026-04-22T03:12:16,10.782228,106.6881372,https://images.unsplash.com/photo-1484723088339-32383369d5bb?q=80&w=600
9,16259,2026-04-22T03:12:16,10.7517208,106.6627352,https://images.unsplash.com/photo-1565299624946-b28f40a0ae38?q=80&w=600
12,8319,2026-04-22T03:12:16,10.7856978,106.6936699,https://images.unsplash.com/photo-1484723088339-32383369d5bb?q=80&w=600
10,11044,2026-04-22T03:12:16,10.8277073,106.6876781,https://images.unsplash.com/photo-1546069901-ba9599a7e63c?q=80&w=600
23,6272,2026-04-22T04:12:16,10.7634372,106.6958344,https://images.unsplash.com/photo-1546069901-ba9599a7e63c?q=80&w=600
1,4195,2026-04-22T04:12:16,10.7320865,106.7087161,https://images.unsplash.com/photo-1565299624946-b28f40a0ae38?q=80&w=600
33,101,2026-04-22T04:12:16,10.7675882,106.6863944,https://images.unsplash.com/photo-1582878826629-29b7ad1cdc43?w=200
35,753,2026-04-22T04:12:16,10.7953131,106.7095937,https://images.unsplash.com/photo-1582878826629-29b7ad1cdc43?w=200
35,6763,2026-04-22T05:12:16,10.7859602,106.6991774,https://images.unsplash.com/photo-1546069901-ba9599a7e63c?q=80&w=600
12,10426,2026-04-22T05:12:16,10.7707914,106.7003549,https://images.unsplash.com/photo-1484723088339-32383369d5bb?q=80&w=600
20,3551,2026-04-22T05:12:16,10.7746281,106.6982991,https://images.unsplash.com/photo-1540189549336-e6e99c3679fe?q=80&w=600
29,15775,2026-04-22T05:12:16,10.7677912,106.6926312,https://images.unsplash.com/photo-1512621776951-a57141f2eefd?q=80&w=600
12,8308,2026-04-22T05:12:16,10.7889453,106.6979385,https://images.unsplash.com/photo-1567620905732-2d1ec7bb7445?q=80&w=600
24,16594,2026-04-22T05:12:16,10.8012501,106.61765,https://images.unsplash.com/photo-1540189549336-e6e99c3679fe?q=80&w=600
30,13014,2026-04-22T05:12:16,10.7689793,106.6994925,https://images.unsplash.com/photo-1512621776951-a57141f2eefd?q=80&w=600
1,8335,2026-04-22T05:12:16,10.7700134,106.6913019,https://images.unsplash.com/photo-1482049016688-2d3e1b311543?q=80&w=600
32,5435,2026-04-22T05:12:16,10.7958109,106.6955234,https://images.unsplash.com/photo-1482049016688-2d3e1b311543?q=80&w=600
6,15783,2026-04-22T06:12:16,10.7670725,106.6940993,https://images.unsplash.com/photo-1567620905732-2d1ec7bb7445?q=80&w=600
28,765,2026-04-22T06:12:16,10.8248569,106.6875289,https://images.unsplash.com/photo-1582878826629-29b7ad1cdc43?w=200
3,10009,2026-04-22T06:12:16,10.7568503,106.6715768,https://images.unsplash.com/photo-1482049016688-2d3e1b311543?q=80&w=600
10,14002,2026-04-22T07:12:16,10.7974751,106.6616964,https://images.unsplash.com/photo-1482049016688-2d3e1b311543?q=80&w=600
21,5975,2026-04-22T07:12:16,10.7523968,106.6671581,https://images.unsplash.com/photo-1512621776951-a57141f2eefd?q=80&w=600
26,11044,2026-04-22T07:12:16,10.8277073,106.6876781,https://images.unsplash.com/photo-1546069901-ba9599a7e63c?q=80&w=600
25,2950,2026-04-22T08:12:16,10.8394051,106.7803004,https://images.unsplash.com/photo-1512621776951-a57141f2eefd?q=80&w=600
14,4698,2026-04-22T08:12:16,10.7766892,106.7060794,https://images.unsplash.com/photo-1546069901-ba9599a7e63c?q=80&w=600
9,6158,2026-04-22T08:12:16,10.7894442,106.7143059,https://images.unsplash.com/photo-1484723088339-32383369d5bb?q=80&w=600
8,14221,2026-04-22T09:12:16,10.7601734,106.6861777,https://images.unsplash.com/photo-1482049016688-2d3e1b311543?q=80&w=600
16,15987,2026-04-22T09:12:16,10.7454011,106.6432055,https://images.unsplash.com/photo-1482049016688-2d3e1b311543?q=80&w=600
7,5023,2026-04-22T09:12:16,10.8164444,106.7197084,https://images.unsplash.com/photo-1484723088339-32383369d5bb?q=80&w=600
7,6683,2026-04-22T09:12:16,10.7852403,106.702824,https://images.unsplash.com/photo-1565299624946-b28f40a0ae38?q=80&w=600
3,13744,2026-04-22T09:12:16,10.780396,106.676164,https://images.unsplash.com/photo-1482049016688-2d3e1b311543?q=80&w=600
19,5464,2026-04-22T09:12:16,10.764853,106.6876056,https://images.unsplash.com/photo-1555939594-58d7cb561ad1?q=80&w=600
11,2900,2026-04-22T09:12:16,10.7731015,106.6994604,https://images.unsplash.com/photo-1482049016688-2d3e1b311543?q=80&w=600
13,13715,2026-04-22T09:12:16,10.801873,106.7292227,https://images.unsplash.com/photo-1484723088339-32383369d5bb?q=80&w=600
35,6313,2026-04-22T09:12:16,10.7932346,106.6445816,https://images.unsplash.com/photo-1565299624946-b28f40a0ae38?q=80&w=600
22,229,2026-04-22T09:12:16,10.797523,106.689728,https://images.unsplash.com/photo-1582878826629-29b7ad1cdc43?w=200
9,15977,2026-04-22T10:12:16,10.7625249,106.6881969,https://images.unsplash.com/photo-1565299624946-b28f40a0ae38?q=80&w=600
29,9949,2026-04-22T10:12:16,10.774512,106.704844,https://images.unsplash.com/photo-1484723088339-32383369d5bb?q=80&w=600
2,16480,2026-04-22T10:12:16,10.7796001,106.6928847,https://images.unsplash.com/photo-1546069901-ba9599a7e63c?q=80&w=600
33,13124,2026-04-22T10:12:16,10.7611813,106.6304081,https://images.unsplash.com/photo-1567620905732-2d1ec7bb7445?q=80&w=600
32,13802,2026-04-22T10:12:16,10.787707,106.6410323,https://images.unsplash.com/photo-1555939594-58d7cb561ad1?q=80&w=600
27,13397,2026-04-22T11:12:16,10.7808839,106.7063054,https://images.unsplash.com/photo-1567620905732-2d1ec7bb7445?q=80&w=600
24,5670,2026-04-22T12:12:16,10.8030402,106.7004654,https://images.unsplash.com/photo-1484723088339-32383369d5bb?q=80&w=600
17,6936,2026-04-22T12:12:16,10.7631704,106.6904216,https://images.unsplash.com/photo-1540189549336-e6e99c3679fe?q=80&w=600
11,15129,2026-04-22T12:12:16,10.8609889,106.6791769,https://images.unsplash.com/photo-1565299624946-b28f40a0ae38?q=80&w=600
33,173,2026-04-22T12:12:16,10.786308,106.671644,https://images.unsplash.com/photo-1582878826629-29b7ad1cdc43?w=200
30,329,2026-04-22T12:12:16,10.7912767,106.64564,https://images.unsplash.com/photo-1582878826629-29b7ad1cdc43?w=200
11,8404,2026-04-22T12:12:16,10.7467142,106.642449,https://images.unsplash.com/photo-1484723088339-32383369d5bb?q=80&w=600
3,645,2026-04-22T12:12:16,10.794319,106.6779976,https://images.unsplash.com/photo-1582878826629-29b7ad1cdc43?w=200
34,4121,2026-04-22T12:12:16,10.7327247,106.7086924,https://images.unsplash.com/photo-1546069901-ba9599a7e63c?q=80&w=600
19,13890,2026-04-22T12:12:16,10.7765838,106.6718811,https://images.unsplash.com/photo-1484723088339-32383369d5bb?q=80&w=600
6,4048,2026-04-22T13:12:16,10.8749461,106.7988693,https://images.unsplash.com/photo-1482049016688-2d3e1b311543?q=80&w=600
24,7827,2026-04-22T13:12:16,10.7429077,106.612827,https://images.unsplash.com/photo-1482049016688-2d3e1b311543?q=80&w=600
8,6237,2026-04-22T13:12:16,10.7713719,106.6968416,https://images.unsplash.com/photo-1482049016688-2d3e1b311543?q=80&w=600
16,4601,2026-04-22T13:12:16,10.7773229,106.6998263,https://images.unsplash.com/photo-1565299624946-b28f40a0ae38?q=80&w=600
13,12669,2026-04-22T13:12:16,10.8717396,106.6348632,https://images.unsplash.com/photo-1540189549336-e6e99c3679fe?q=80&w=600
13,16882,2026-04-22T13:12:16,10.7570669,106.6219189,https://images.unsplash.com/photo-1512621776951-a57141f2eefd?q=80&w=600
31,213,2026-04-22T13:12:16,10.844877,106.767471,https://images.unsplash.com/photo-1582878826629-29b7ad1cdc43?w=200
21,3906,2026-04-22T13:12:16,10.807271,106.74459,https://images.unsplash.com/photo-1546069901-ba9599a7e63c?q=80&w=600
25,9362,2026-04-22T14:12:16,10.7786741,106.6650928,https://images.unsplash.com/photo-1565299624946-b28f40a0ae38?q=80&w=600
25,15977,2026-04-22T14:12:16,10.7625249,106.6881969,https://images.unsplash.com/photo-1565299624946-b28f40a0ae38?q=80&w=600
10,7121,2026-04-22T14:12:16,10.7864194,106.6658667,https://images.unsplash.com/photo-1546069901-ba9599a7e63c?q=80&w=600
1,181,2026-04-22T14:54:02,10.7805082,106.7057315,https://images.unsplash.com/photo-1582878826629-29b7ad1cdc43?w=200
29,645,2026-04-22T15:12:16,10.794319,106.6779976,https://images.unsplash.com/photo-1582878826629-29b7ad1cdc43?w=200
31,12486,2026-04-22T16:12:16,10.7936944,106.7094807,https://images.unsplash.com/photo-1540189549336-e6e99c3679fe?q=80&w=600
3,77,2026-04-22T16:12:16,10.7760297,106.7047293,https://images.unsplash.com/photo-1582878826629-29b7ad1cdc43?w=200
1,3532,2026-04-22T16:12:16,10.7608066,106.7046253,https://images.unsplash.com/photo-1482049016688-2d3e1b311543?q=80&w=600
30,737,2026-04-22T16:12:16,10.8062117,106.63439,https://images.unsplash.com/photo-1582878826629-29b7ad1cdc43?w=200
28,5622,2026-04-22T16:12:16,10.7545068,106.6416815,https://images.unsplash.com/photo-1482049016688-2d3e1b311543?q=80&w=600
35,4579,2026-04-22T17:12:16,10.7719681,106.7037155,https://images.unsplash.com/photo-1555939594-58d7cb561ad1?q=80&w=600
33,13106,2026-04-22T17:12:16,10.7733669,106.7038328,https://images.unsplash.com/photo-1482049016688-2d3e1b311543?q=80&w=600
33,4474,2026-04-22T17:12:16,10.7675083,106.6906241,https://images.unsplash.com/photo-1482049016688-2d3e1b311543?q=80&w=600
2,14752,2026-04-22T18:12:16,10.8421706,106.7983766,https://images.unsplash.com/photo-1546069901-ba9599a7e63c?q=80&w=600
27,5283,2026-04-22T18:12:16,10.7708996,106.6695065,https://images.unsplash.com/photo-1567620905732-2d1ec7bb7445?q=80&w=600
14,10166,2026-04-22T18:12:16,10.7673838,106.6911045,https://images.unsplash.com/photo-1565299624946-b28f40a0ae38?q=80&w=600
32,5622,2026-04-22T18:12:16,10.7545068,106.6416815,https://images.unsplash.com/photo-1482049016688-2d3e1b311543?q=80&w=600
9,11840,2026-04-22T18:12:16,10.784408,106.6977612,https://images.unsplash.com/photo-1482049016688-2d3e1b311543?q=80&w=600
1,16925,2026-04-22T18:12:16,10.803025,106.732299,https://images.unsplash.com/photo-1565299624946-b28f40a0ae38?q=80&w=600
19,4318,2026-04-22T19:12:16,10.7881045,106.6644754,https://images.unsplash.com/photo-1546069901-ba9599a7e63c?q=80&w=600
28,14350,2026-04-22T19:12:16,10.8080456,106.687733,https://images.unsplash.com/photo-1567620905732-2d1ec7bb7445?q=80&w=600
12,12087,2026-04-22T19:12:16,10.804257,106.7444657,https://images.unsplash.com/photo-1540189549336-e6e99c3679fe?q=80&w=600
6,11370,2026-04-22T20:12:16,10.7891024,106.753196,https://images.unsplash.com/photo-1482049016688-2d3e1b311543?q=80&w=600
28,9117,2026-04-22T20:12:16,10.778213,106.6907115,https://images.unsplash.com/photo-1540189549336-e6e99c3679fe?q=80&w=600
18,12669,2026-04-22T20:12:16,10.8717396,106.6348632,https://images.unsplash.com/photo-1540189549336-e6e99c3679fe?q=80&w=600
26,15436,2026-04-22T21:12:16,10.7652672,106.6630455,https://images.unsplash.com/photo-1546069901-ba9599a7e63c?q=80&w=600
6,3708,2026-04-22T21:12:16,10.7990306,106.6863857,https://images.unsplash.com/photo-1546069901-ba9599a7e63c?q=80&w=600
24,11314,2026-04-22T21:12:16,10.7884003,106.7521918,https://images.unsplash.com/photo-1482049016688-2d3e1b311543?q=80&w=600
23,7305,2026-04-22T21:12:16,10.7608436,106.704794,https://images.unsplash.com/photo-1567620905732-2d1ec7bb7445?q=80&w=600
27,4121,2026-04-22T21:12:16,10.7327247,106.7086924,https://images.unsplash.com/photo-1546069901-ba9599a7e63c?q=80&w=600
18,12508,2026-04-22T21:12:16,10.784617,106.6942442,https://images.unsplash.com/photo-1512621776951-a57141f2eefd?q=80&w=600
21,8710,2026-04-22T21:12:16,10.7525473,106.7940511,https://images.unsplash.com/photo-1512621776951-a57141f2eefd?q=80&w=600
15,8346,2026-04-22T21:12:16,10.7592442,106.692266,https://images.unsplash.com/photo-1482049016688-2d3e1b311543?q=80&w=600
35,14762,2026-04-22T21:12:16,10.778921,106.7136439,https://images.unsplash.com/photo-1512621776951-a57141f2eefd?q=80&w=600
20,14268,2026-04-22T21:12:16,10.8030828,106.7318264,https://images.unsplash.com/photo-1484723088339-32383369d5bb?q=80&w=600
34,15556,2026-04-22T21:12:16,10.8029885,106.7274172,https://images.unsplash.com/photo-1565299624946-b28f40a0ae38?q=80&w=600
33,16441,2026-04-22T21:12:16,10.7826015,106.6615827,https://images.unsplash.com/photo-1484723088339-32383369d5bb?q=80&w=600
22,3812,2026-04-22T22:12:16,10.7783736,106.6865896,https://images.unsplash.com/photo-1565299624946-b28f40a0ae38?q=80&w=600
3,449,2026-04-22T22:12:16,10.8472007,106.770729,https://images.unsplash.com/photo-1582878826629-29b7ad1cdc43?w=200
21,14448,2026-04-22T22:12:16,10.811184,106.6792709,https://images.unsplash.com/photo-1567620905732-2d1ec7bb7445?q=80&w=600
3,15844,2026-04-22T22:12:16,10.8091129,106.69654,https://images.unsplash.com/photo-1512621776951-a57141f2eefd?q=80&w=600
2,10416,2026-04-22T23:12:16,10.7858018,106.7009098,https://images.unsplash.com/photo-1482049016688-2d3e1b311543?q=80&w=600
30,16709,2026-04-22T23:12:16,10.7750642,106.6820517,https://images.unsplash.com/photo-1555939594-58d7cb561ad1?q=80&w=600
1,15640,2026-04-22T23:12:16,10.7667991,106.6907291,https://images.unsplash.com/photo-1484723088339-32383369d5bb?q=80&w=600
8,14496,2026-04-22T23:12:16,10.7494897,106.6114582,https://images.unsplash.com/photo-1482049016688-2d3e1b311543?q=80&w=600
25,14934,2026-04-22T23:12:16,10.7673324,106.7124566,https://images.unsplash.com/photo-1540189549336-e6e99c3679fe?q=80&w=600
17,213,2026-04-22T23:12:16,10.844877,106.767471,https://images.unsplash.com/photo-1582878826629-29b7ad1cdc43?w=200
17,13455,2026-04-22T23:12:16,10.790031,106.6794021,https://images.unsplash.com/photo-1482049016688-2d3e1b311543?q=80&w=600
23,61,2026-04-22T23:12:16,10.8184378,106.6990062,https://images.unsplash.com/photo-1582878826629-29b7ad1cdc43?w=200
7,16718,2026-04-22T23:12:16,10.776317,106.7239469,https://images.unsplash.com/photo-1484723088339-32383369d5bb?q=80&w=600
15,6906,2026-04-23T00:12:16,10.8026438,106.7308607,https://images.unsplash.com/photo-1567620905732-2d1ec7bb7445?q=80&w=600
17,5134,2026-04-23T00:12:16,10.7704121,106.6696513,https://images.unsplash.com/photo-1540189549336-e6e99c3679fe?q=80&w=600
10,4080,2026-04-23T00:12:16,10.7302076,106.7078529,https://images.unsplash.com/photo-1540189549336-e6e99c3679fe?q=80&w=600
22,14752,2026-04-23T00:12:16,10.8421706,106.7983766,https://images.unsplash.com/photo-1546069901-ba9599a7e63c?q=80&w=600
19,12993,2026-04-23T00:12:16,10.7796244,106.682023,https://images.unsplash.com/photo-1482049016688-2d3e1b311543?q=80&w=600
2,7475,2026-04-23T01:12:16,10.779395,106.7005031,https://images.unsplash.com/photo-1565299624946-b28f40a0ae38?q=80&w=600
24,14400,2026-04-23T02:12:16,10.7868811,106.6819034,https://images.unsplash.com/photo-1546069901-ba9599a7e63c?q=80&w=600
27,5749,2026-04-23T02:12:16,10.7484389,106.616606,https://images.unsplash.com/photo-1567620905732-2d1ec7bb7445?q=80&w=600
35,16020,2026-04-23T02:12:16,10.7750442,106.6645467,https://images.unsplash.com/photo-1512621776951-a57141f2eefd?q=80&w=600
29,15281,2026-04-23T02:12:16,10.771616,106.6858145,https://images.unsplash.com/photo-1555939594-58d7cb561ad1?q=80&w=600
7,12946,2026-04-23T02:12:16,10.7890844,106.690899,https://images.unsplash.com/photo-1540189549336-e6e99c3679fe?q=80&w=600
1,733,2026-04-23T03:12:16,10.7875158,106.6633102,https://images.unsplash.com/photo-1582878826629-29b7ad1cdc43?w=200
11,15219,2026-04-23T03:12:16,10.769371,106.6827934,https://images.unsplash.com/photo-1567620905732-2d1ec7bb7445?q=80&w=600
28,5003,2026-04-23T03:12:16,10.7959638,106.6659284,https://images.unsplash.com/photo-1546069901-ba9599a7e63c?q=80&w=600
19,261,2026-04-23T03:12:16,10.7956297,106.6949528,https://images.unsplash.com/photo-1582878826629-29b7ad1cdc43?w=200
17,5740,2026-04-23T03:12:16,10.7773301,106.6661773,https://images.unsplash.com/photo-1512621776951-a57141f2eefd?q=80&w=600
29,10933,2026-04-23T03:12:16,10.7791805,106.7051631,https://images.unsplash.com/photo-1484723088339-32383369d5bb?q=80&w=600
23,11600,2026-04-23T03:12:16,10.7747255,106.7510401,https://images.unsplash.com/photo-1555939594-58d7cb561ad1?q=80&w=600
23,789,2026-04-23T03:12:16,10.7755232,106.702529,https://images.unsplash.com/photo-1582878826629-29b7ad1cdc43?w=200
14,14586,2026-04-23T04:12:16,10.7860878,106.6770503,https://images.unsplash.com/photo-1567620905732-2d1ec7bb7445?q=80&w=600
28,353,2026-04-23T04:12:16,10.7266015,106.7094512,https://images.unsplash.com/photo-1582878826629-29b7ad1cdc43?w=200
15,15775,2026-04-23T04:12:16,10.7677912,106.6926312,https://images.unsplash.com/photo-1512621776951-a57141f2eefd?q=80&w=600
3,2783,2026-04-23T04:12:16,10.778708,106.6980884,https://images.unsplash.com/photo-1512621776951-a57141f2eefd?q=80&w=600
22,12026,2026-04-23T05:12:16,10.7778944,106.7527088,https://images.unsplash.com/photo-1555939594-58d7cb561ad1?q=80&w=600
15,9708,2026-04-23T05:12:16,10.7448271,106.7014673,https://images.unsplash.com/photo-1484723088339-32383369d5bb?q=80&w=600
1,11267,2026-04-23T05:12:16,10.7785214,106.6986733,https://images.unsplash.com/photo-1484723088339-32383369d5bb?q=80&w=600
27,5902,2026-04-23T06:12:16,10.7547318,106.6924365,https://images.unsplash.com/photo-1484723088339-32383369d5bb?q=80&w=600
13,137,2026-04-23T06:12:16,10.7199051,106.7117175,https://images.unsplash.com/photo-1582878826629-29b7ad1cdc43?w=200
16,16417,2026-04-23T06:12:16,10.7529552,106.6558494,https://images.unsplash.com/photo-1482049016688-2d3e1b311543?q=80&w=600
20,14074,2026-04-23T06:12:16,10.7690948,106.6970218,https://images.unsplash.com/photo-1512621776951-a57141f2eefd?q=80&w=600
20,14350,2026-04-23T07:12:16,10.8080456,106.687733,https://images.unsplash.com/photo-1567620905732-2d1ec7bb7445?q=80&w=600
12,11600,2026-04-23T07:12:16,10.7747255,106.7510401,https://images.unsplash.com/photo-1555939594-58d7cb561ad1?q=80&w=600
34,12723,2026-04-23T07:12:16,10.766959,106.6875044,https://images.unsplash.com/photo-1565299624946-b28f40a0ae38?q=80&w=600
35,10997,2026-04-23T07:12:16,10.7793412,106.7053498,https://images.unsplash.com/photo-1546069901-ba9599a7e63c?q=80&w=600
13,12856,2026-04-23T07:12:16,10.7306965,106.7065862,https://images.unsplash.com/photo-1555939594-58d7cb561ad1?q=80&w=600
23,7409,2026-04-23T07:12:16,10.778864,106.679548,https://images.unsplash.com/photo-1555939594-58d7cb561ad1?q=80&w=600
13,2930,2026-04-23T07:12:16,10.773666,106.7025664,https://images.unsplash.com/photo-1482049016688-2d3e1b311543?q=80&w=600
16,6344,2026-04-23T08:12:16,10.7688924,106.699275,https://images.unsplash.com/photo-1484723088339-32383369d5bb?q=80&w=600
15,7869,2026-04-23T08:12:16,10.7434587,106.6128442,https://images.unsplash.com/photo-1567620905732-2d1ec7bb7445?q=80&w=600
6,15823,2026-04-23T08:12:16,10.7568815,106.6852208,https://images.unsplash.com/photo-1482049016688-2d3e1b311543?q=80&w=600
14,4010,2026-04-23T08:12:16,10.797736,106.6781763,https://images.unsplash.com/photo-1482049016688-2d3e1b311543?q=80&w=600
27,8276,2026-04-23T08:12:16,10.7730705,106.7025314,https://images.unsplash.com/photo-1540189549336-e6e99c3679fe?q=80&w=600
22,9482,2026-04-23T08:12:16,10.8033937,106.7392197,https://images.unsplash.com/photo-1567620905732-2d1ec7bb7445?q=80&w=600
2,7174,2026-04-23T08:12:16,10.7788383,106.6981831,https://images.unsplash.com/photo-1482049016688-2d3e1b311543?q=80&w=600
26,6925,2026-04-23T08:12:16,10.7745395,106.6978834,https://images.unsplash.com/photo-1512621776951-a57141f2eefd?q=80&w=600
31,5544,2026-04-23T09:12:16,10.7863243,106.6845743,https://images.unsplash.com/photo-1565299624946-b28f40a0ae38?q=80&w=600
15,10315,2026-04-23T09:12:16,10.7884577,106.6975684,https://images.unsplash.com/photo-1565299624946-b28f40a0ae38?q=80&w=600
6,13501,2026-04-23T09:12:16,10.7891497,106.7087594,https://images.unsplash.com/photo-1565299624946-b28f40a0ae38?q=80&w=600
34,13512,2026-04-23T09:12:16,10.7457107,106.635402,https://images.unsplash.com/photo-1565299624946-b28f40a0ae38?q=80&w=600
33,9591,2026-04-23T10:12:16,10.8416611,106.6147039,https://images.unsplash.com/photo-1567620905732-2d1ec7bb7445?q=80&w=600
8,15503,2026-04-23T10:12:16,10.7660499,106.693945,https://images.unsplash.com/photo-1512621776951-a57141f2eefd?q=80&w=600
26,5524,2026-04-23T10:12:16,10.7692726,106.6697555,https://images.unsplash.com/photo-1512621776951-a57141f2eefd?q=80&w=600
33,7858,2026-04-23T10:12:16,10.7432982,106.6129254,https://images.unsplash.com/photo-1565299624946-b28f40a0ae38?q=80&w=600
3,12596,2026-04-23T10:12:16,10.7922884,106.6801556,https://images.unsplash.com/photo-1565299624946-b28f40a0ae38?q=80&w=600
22,1,2026-04-23T10:12:16,10.768208,106.6841501,https://images.unsplash.com/photo-1582878826629-29b7ad1cdc43?w=200
30,10539,2026-04-23T10:12:16,10.7721804,106.7027227,https://images.unsplash.com/photo-1540189549336-e6e99c3679fe?q=80&w=600
22,13106,2026-04-23T11:12:16,10.7733669,106.7038328,https://images.unsplash.com/photo-1482049016688-2d3e1b311543?q=80&w=600
29,16992,2026-04-23T11:12:16,10.7614217,106.6668168,https://images.unsplash.com/photo-1512621776951-a57141f2eefd?q=80&w=600
35,545,2026-04-23T11:12:16,10.7777314,106.7045057,https://images.unsplash.com/photo-1582878826629-29b7ad1cdc43?w=200
31,7102,2026-04-23T11:12:16,10.7831945,106.6784391,https://images.unsplash.com/photo-1555939594-58d7cb561ad1?q=80&w=600
31,11403,2026-04-23T11:12:16,10.7892886,106.7532915,https://images.unsplash.com/photo-1555939594-58d7cb561ad1?q=80&w=600
28,13903,2026-04-23T12:12:16,10.806476,106.6777896,https://images.unsplash.com/photo-1512621776951-a57141f2eefd?q=80&w=600
30,12758,2026-04-23T12:12:16,10.7864481,106.6257407,https://images.unsplash.com/photo-1567620905732-2d1ec7bb7445?q=80&w=600
11,7409,2026-04-23T12:12:16,10.778864,106.679548,https://images.unsplash.com/photo-1555939594-58d7cb561ad1?q=80&w=600
12,16958,2026-04-23T12:12:16,10.7480789,106.6364101,https://images.unsplash.com/photo-1555939594-58d7cb561ad1?q=80&w=600
24,2783,2026-04-23T12:12:16,10.778708,106.6980884,https://images.unsplash.com/photo-1512621776951-a57141f2eefd?q=80&w=600
22,12537,2026-04-23T13:12:16,10.8025169,106.7408288,https://images.unsplash.com/photo-1565299624946-b28f40a0ae38?q=80&w=600
30,11113,2026-04-23T13:12:16,10.7653742,106.7049428,https://images.unsplash.com/photo-1546069901-ba9599a7e63c?q=80&w=600
20,353,2026-04-23T13:12:16,10.7266015,106.7094512,https://images.unsplash.com/photo-1582878826629-29b7ad1cdc43?w=200
16,12382,2026-04-23T13:12:16,10.7798254,106.704975,https://images.unsplash.com/photo-1555939594-58d7cb561ad1?q=80&w=600
19,14496,2026-04-23T13:12:16,10.7494897,106.6114582,https://images.unsplash.com/photo-1482049016688-2d3e1b311543?q=80&w=600
30,9427,2026-04-23T13:12:16,10.801575,106.7378091,https://images.unsplash.com/photo-1555939594-58d7cb561ad1?q=80&w=600
29,10476,2026-04-23T14:12:16,10.7221433,106.7040654,https://images.unsplash.com/photo-1567620905732-2d1ec7bb7445?q=80&w=600
31,4803,2026-04-23T14:12:16,10.8970649,106.7630135,https://images.unsplash.com/photo-1565299624946-b28f40a0ae38?q=80&w=600
28,9373,2026-04-23T14:12:16,10.7719222,106.7036619,https://images.unsplash.com/photo-1482049016688-2d3e1b311543?q=80&w=600
29,4950,2026-04-23T15:12:16,10.768706,106.6942217,https://images.unsplash.com/photo-1512621776951-a57141f2eefd?q=80&w=600
29,13142,2026-04-23T15:12:16,10.7793231,106.6675294,https://images.unsplash.com/photo-1482049016688-2d3e1b311543?q=80&w=600
8,8276,2026-04-23T15:12:16,10.7730705,106.7025314,https://images.unsplash.com/photo-1540189549336-e6e99c3679fe?q=80&w=600
11,9923,2026-04-23T15:12:16,10.8296093,106.7330103,https://images.unsplash.com/photo-1546069901-ba9599a7e63c?q=80&w=600
10,6260,2026-04-23T15:12:16,10.769485,106.6979082,https://images.unsplash.com/photo-1512621776951-a57141f2eefd?q=80&w=600
21,3209,2026-04-23T15:12:16,10.7688832,106.6907172,https://images.unsplash.com/photo-1484723088339-32383369d5bb?q=80&w=600
17,15479,2026-04-23T15:12:16,10.7887704,106.697965,https://images.unsplash.com/photo-1484723088339-32383369d5bb?q=80&w=600
21,8614,2026-04-23T15:12:16,10.7455143,106.6149006,https://images.unsplash.com/photo-1567620905732-2d1ec7bb7445?q=80&w=600
8,11808,2026-04-23T15:12:16,10.7798211,106.7523185,https://images.unsplash.com/photo-1546069901-ba9599a7e63c?q=80&w=600
28,11256,2026-04-23T16:12:16,10.7699832,106.6867286,https://images.unsplash.com/photo-1567620905732-2d1ec7bb7445?q=80&w=600
11,4840,2026-04-23T16:12:16,10.7732787,106.7038317,https://images.unsplash.com/photo-1555939594-58d7cb561ad1?q=80&w=600
25,16079,2026-04-23T16:12:16,10.758923,106.7067455,https://images.unsplash.com/photo-1484723088339-32383369d5bb?q=80&w=600
32,9512,2026-04-23T16:12:16,10.7528439,106.6714295,https://images.unsplash.com/photo-1565299624946-b28f40a0ae38?q=80&w=600
22,11981,2026-04-23T16:12:16,10.7334461,106.7093169,https://images.unsplash.com/photo-1555939594-58d7cb561ad1?q=80&w=600
14,6321,2026-04-23T16:12:16,10.7697154,106.6925751,https://images.unsplash.com/photo-1484723088339-32383369d5bb?q=80&w=600
26,12457,2026-04-23T17:12:16,10.7984413,106.6861909,https://images.unsplash.com/photo-1546069901-ba9599a7e63c?q=80&w=600
32,5820,2026-04-23T17:12:16,10.7782608,106.6982021,https://images.unsplash.com/photo-1482049016688-2d3e1b311543?q=80&w=600
31,9931,2026-04-23T17:12:16,10.7899674,106.7179119,https://images.unsplash.com/photo-1565299624946-b28f40a0ae38?q=80&w=600
3,8968,2026-04-23T17:12:16,10.8066273,106.7346616,https://images.unsplash.com/photo-1482049016688-2d3e1b311543?q=80&w=600
26,6640,2026-04-23T17:12:16,10.7588745,106.6714475,https://images.unsplash.com/photo-1484723088339-32383369d5bb?q=80&w=600
20,6091,2026-04-23T18:12:16,10.7873192,106.690913,https://images.unsplash.com/photo-1565299624946-b28f40a0ae38?q=80&w=600
30,10373,2026-04-23T18:12:16,10.7842139,106.6963563,https://images.unsplash.com/photo-1512621776951-a57141f2eefd?q=80&w=600
24,61,2026-04-23T18:12:16,10.8184378,106.6990062,https://images.unsplash.com/photo-1582878826629-29b7ad1cdc43?w=200
21,10405,2026-04-23T18:12:16,10.7296861,106.6935572,https://images.unsplash.com/photo-1567620905732-2d1ec7bb7445?q=80&w=600
17,3460,2026-04-23T18:12:16,10.7392767,106.7085733,https://images.unsplash.com/photo-1482049016688-2d3e1b311543?q=80&w=600
32,7891,2026-04-23T18:12:16,10.7430828,106.6128162,https://images.unsplash.com/photo-1482049016688-2d3e1b311543?q=80&w=600
2,14233,2026-04-23T18:12:16,10.7733831,106.6890213,https://images.unsplash.com/photo-1546069901-ba9599a7e63c?q=80&w=600
2,15864,2026-04-23T19:12:16,10.7827784,106.6839637,https://images.unsplash.com/photo-1546069901-ba9599a7e63c?q=80&w=600
3,11440,2026-04-23T19:12:16,10.7281671,106.7180317,https://images.unsplash.com/photo-1565299624946-b28f40a0ae38?q=80&w=600
27,13512,2026-04-23T19:12:16,10.7457107,106.635402,https://images.unsplash.com/photo-1565299624946-b28f40a0ae38?q=80&w=600
26,3580,2026-04-23T19:12:16,10.7650602,106.6975009,https://images.unsplash.com/photo-1484723088339-32383369d5bb?q=80&w=600
20,5200,2026-04-23T19:12:16,10.7703778,106.6696111,https://images.unsplash.com/photo-1484723088339-32383369d5bb?q=80&w=600
9,8756,2026-04-23T19:12:16,10.8006097,106.7007502,https://images.unsplash.com/photo-1482049016688-2d3e1b311543?q=80&w=600
15,3239,2026-04-23T19:12:16,10.7659975,106.6909905,https://images.unsplash.com/photo-1555939594-58d7cb561ad1?q=80&w=600
6,10166,2026-04-23T20:12:16,10.7673838,106.6911045,https://images.unsplash.com/photo-1565299624946-b28f40a0ae38?q=80&w=600
19,6974,2026-04-23T20:12:16,10.7517583,106.708285,https://images.unsplash.com/photo-1512621776951-a57141f2eefd?q=80&w=600
17,5230,2026-04-23T20:12:16,10.7704885,106.6698605,https://images.unsplash.com/photo-1555939594-58d7cb561ad1?q=80&w=600
33,25,2026-04-23T20:12:16,10.8029924,106.6995844,https://images.unsplash.com/photo-1582878826629-29b7ad1cdc43?w=200
23,13633,2026-04-23T20:12:16,10.7572469,106.6861967,https://images.unsplash.com/photo-1565299624946-b28f40a0ae38?q=80&w=600
6,3328,2026-04-23T20:12:16,10.7712618,106.6301381,https://images.unsplash.com/photo-1540189549336-e6e99c3679fe?q=80&w=600
27,11905,2026-04-23T20:12:16,10.7917657,106.6656704,https://images.unsplash.com/photo-1567620905732-2d1ec7bb7445?q=80&w=600
3,593,2026-04-23T20:54:02,10.7736594,106.7054779,https://images.unsplash.com/photo-1582878826629-29b7ad1cdc43?w=200
32,14496,2026-04-23T21:12:16,10.7494897,106.6114582,https://images.unsplash.com/photo-1482049016688-2d3e1b311543?q=80&w=600
20,7999,2026-04-23T21:12:16,10.7923214,106.7089215,https://images.unsplash.com/photo-1512621776951-a57141f2eefd?q=80&w=600
14,4791,2026-04-23T21:12:16,10.7534575,106.673872,https://images.unsplash.com/photo-1565299624946-b28f40a0ae38?q=80&w=600
21,11155,2026-04-23T21:12:16,10.7393725,106.7055365,https://images.unsplash.com/photo-1540189549336-e6e99c3679fe?q=80&w=600
19,11178,2026-04-23T21:12:16,10.8167751,106.7289458,https://images.unsplash.com/photo-1540189549336-e6e99c3679fe?q=80&w=600
35,465,2026-04-23T21:12:16,10.7983638,106.6878608,https://images.unsplash.com/photo-1582878826629-29b7ad1cdc43?w=200
27,5221,2026-04-23T22:12:16,10.7707625,106.6695252,https://images.unsplash.com/photo-1512621776951-a57141f2eefd?q=80&w=600
30,10653,2026-04-23T22:12:16,10.7282651,106.710125,https://images.unsplash.com/photo-1546069901-ba9599a7e63c?q=80&w=600
18,12362,2026-04-23T22:12:16,10.7633275,106.690358,https://images.unsplash.com/photo-1565299624946-b28f40a0ae38?q=80&w=600
34,8211,2026-04-23T22:12:16,10.7740005,106.7042278,https://images.unsplash.com/photo-1555939594-58d7cb561ad1?q=80&w=600
3,6830,2026-04-23T22:12:16,10.7427986,106.646506,https://images.unsplash.com/photo-1512621776951-a57141f2eefd?q=80&w=600
7,8501,2026-04-23T22:12:16,10.7734311,106.7026178,https://images.unsplash.com/photo-1565299624946-b28f40a0ae38?q=80&w=600
34,3451,2026-04-23T23:12:16,10.7675973,106.694792,https://images.unsplash.com/photo-1546069901-ba9599a7e63c?q=80&w=600
14,12875,2026-04-23T23:12:16,10.783657,106.6879435,https://images.unsplash.com/photo-1482049016688-2d3e1b311543?q=80&w=600
29,16360,2026-04-23T23:12:16,10.8158476,106.625199,https://images.unsplash.com/photo-1484723088339-32383369d5bb?q=80&w=600
15,13022,2026-04-23T23:12:16,10.7797798,106.704174,https://images.unsplash.com/photo-1482049016688-2d3e1b311543?q=80&w=600
9,7797,2026-04-23T23:12:16,10.7433737,106.6127541,https://images.unsplash.com/photo-1567620905732-2d1ec7bb7445?q=80&w=600
33,7624,2026-04-24T00:12:16,10.7753468,106.689265,https://images.unsplash.com/photo-1567620905732-2d1ec7bb7445?q=80&w=600
9,277,2026-04-24T00:12:16,10.777874,106.7037686,https://images.unsplash.com/photo-1582878826629-29b7ad1cdc43?w=200
17,9688,2026-04-24T00:12:16,10.7867383,106.7284183,https://images.unsplash.com/photo-1512621776951-a57141f2eefd?q=80&w=600
23,8774,2026-04-24T01:12:16,10.7544659,106.6564135,https://images.unsplash.com/photo-1567620905732-2d1ec7bb7445?q=80&w=600
1,10197,2026-04-24T01:12:16,10.889065,106.7756992,https://images.unsplash.com/photo-1484723088339-32383369d5bb?q=80&w=600
15,4159,2026-04-24T01:12:16,10.8361498,106.6874281,https://images.unsplash.com/photo-1565299624946-b28f40a0ae38?q=80&w=600
13,10633,2026-04-24T01:12:16,10.7274904,106.7103102,https://images.unsplash.com/photo-1546069901-ba9599a7e63c?q=80&w=600
27,8671,2026-04-24T01:12:16,10.7744988,106.6902052,https://images.unsplash.com/photo-1512621776951-a57141f2eefd?q=80&w=600
1,621,2026-04-24T01:54:02,10.7687389,106.6834665,https://images.unsplash.com/photo-1582878826629-29b7ad1cdc43?w=200
27,13397,2026-04-24T02:12:16,10.7808839,106.7063054,https://images.unsplash.com/photo-1567620905732-2d1ec7bb7445?q=80&w=600
3,10166,2026-04-24T02:12:16,10.7673838,106.6911045,https://images.unsplash.com/photo-1565299624946-b28f40a0ae38?q=80&w=600
16,14170,2026-04-24T02:12:16,10.7329123,106.7066181,https://images.unsplash.com/photo-1555939594-58d7cb561ad1?q=80&w=600
13,11529,2026-04-24T02:12:16,10.775883,106.7508499,https://images.unsplash.com/photo-1555939594-58d7cb561ad1?q=80&w=600
1,337,2026-04-24T02:12:16,10.7942099,106.6963509,https://images.unsplash.com/photo-1582878826629-29b7ad1cdc43?w=200
27,11840,2026-04-24T02:12:16,10.784408,106.6977612,https://images.unsplash.com/photo-1482049016688-2d3e1b311543?q=80&w=600
19,6532,2026-04-24T02:12:16,10.7677691,106.6886656,https://images.unsplash.com/photo-1555939594-58d7cb561ad1?q=80&w=600
27,189,2026-04-24T03:12:16,10.7975447,106.7141842,https://images.unsplash.com/photo-1582878826629-29b7ad1cdc43?w=200
34,209,2026-04-24T03:12:16,10.7781923,106.7039909,https://images.unsplash.com/photo-1582878826629-29b7ad1cdc43?w=200
18,4727,2026-04-24T03:12:16,10.7566907,106.6761001,https://images.unsplash.com/photo-1484723088339-32383369d5bb?q=80&w=600
2,253,2026-04-24T03:54:02,10.7806216,106.6901081,https://images.unsplash.com/photo-1582878826629-29b7ad1cdc43?w=200
7,15291,2026-04-24T04:12:16,10.7691858,106.6933369,https://images.unsplash.com/photo-1484723088339-32383369d5bb?q=80&w=600
6,9780,2026-04-24T04:12:16,10.7387208,106.6899942,https://images.unsplash.com/photo-1540189549336-e6e99c3679fe?q=80&w=600
24,5343,2026-04-24T04:12:16,10.770449,106.6699276,https://images.unsplash.com/photo-1512621776951-a57141f2eefd?q=80&w=600
22,665,2026-04-24T04:12:16,10.7978087,106.687348,https://images.unsplash.com/photo-1582878826629-29b7ad1cdc43?w=200
12,4149,2026-04-24T04:12:16,10.7325567,106.7102193,https://images.unsplash.com/photo-1512621776951-a57141f2eefd?q=80&w=600
29,9642,2026-04-24T04:12:16,10.7737956,106.7045987,https://images.unsplash.com/photo-1565299624946-b28f40a0ae38?q=80&w=600
7,17,2026-04-24T05:12:16,10.7807008,106.7067111,https://images.unsplash.com/photo-1582878826629-29b7ad1cdc43?w=200
26,13675,2026-04-24T05:12:16,10.7986215,106.6956914,https://images.unsplash.com/photo-1565299624946-b28f40a0ae38?q=80&w=600
19,15427,2026-04-24T05:12:16,10.77539,106.6853823,https://images.unsplash.com/photo-1484723088339-32383369d5bb?q=80&w=600
27,14668,2026-04-24T05:12:16,10.867725,106.6819195,https://images.unsplash.com/photo-1512621776951-a57141f2eefd?q=80&w=600
25,10970,2026-04-24T05:12:16,10.7532254,106.6726396,https://images.unsplash.com/photo-1484723088339-32383369d5bb?q=80&w=600
28,7572,2026-04-24T05:12:16,10.7878849,106.6962102,https://images.unsplash.com/photo-1484723088339-32383369d5bb?q=80&w=600
13,15955,2026-04-24T05:12:16,10.8489546,106.6788071,https://images.unsplash.com/photo-1484723088339-32383369d5bb?q=80&w=600
19,7386,2026-04-24T06:12:16,10.7843341,106.6630404,https://images.unsplash.com/photo-1482049016688-2d3e1b311543?q=80&w=600
12,5122,2026-04-24T06:12:16,10.7704543,106.6695226,https://images.unsplash.com/photo-1567620905732-2d1ec7bb7445?q=80&w=600
1,15546,2026-04-24T06:12:16,10.7651524,106.6914875,https://images.unsplash.com/photo-1546069901-ba9599a7e63c?q=80&w=600
1,569,2026-04-24T06:12:16,10.8065193,106.734364,https://images.unsplash.com/photo-1582878826629-29b7ad1cdc43?w=200
13,14496,2026-04-24T06:12:16,10.7494897,106.6114582,https://images.unsplash.com/photo-1482049016688-2d3e1b311543?q=80&w=600
23,4068,2026-04-24T06:12:16,10.7336048,106.7065132,https://images.unsplash.com/photo-1484723088339-32383369d5bb?q=80&w=600
23,14310,2026-04-24T06:12:16,10.8038328,106.7359928,https://images.unsplash.com/photo-1555939594-58d7cb561ad1?q=80&w=600
17,10090,2026-04-24T06:12:16,10.809014,106.7536967,https://images.unsplash.com/photo-1567620905732-2d1ec7bb7445?q=80&w=600
23,8423,2026-04-24T06:12:16,10.7771167,106.6996747,https://images.unsplash.com/photo-1555939594-58d7cb561ad1?q=80&w=600
19,13763,2026-04-24T06:12:16,10.8023963,106.7402701,https://images.unsplash.com/photo-1512621776951-a57141f2eefd?q=80&w=600
6,9877,2026-04-24T07:12:16,10.759215,106.6994237,https://images.unsplash.com/photo-1567620905732-2d1ec7bb7445?q=80&w=600
35,3906,2026-04-24T07:12:16,10.807271,106.74459,https://images.unsplash.com/photo-1546069901-ba9599a7e63c?q=80&w=600
14,3571,2026-04-24T08:12:16,10.8445542,106.6774307,https://images.unsplash.com/photo-1555939594-58d7cb561ad1?q=80&w=600
23,15121,2026-04-24T08:12:16,10.7468863,106.7101619,https://images.unsplash.com/photo-1546069901-ba9599a7e63c?q=80&w=600
23,6415,2026-04-24T08:12:16,10.7784299,106.7640732,https://images.unsplash.com/photo-1565299624946-b28f40a0ae38?q=80&w=600
18,3319,2026-04-24T08:12:16,10.7399582,106.702491,https://images.unsplash.com/photo-1546069901-ba9599a7e63c?q=80&w=600
32,9698,2026-04-24T08:12:16,10.8032188,106.6914533,https://images.unsplash.com/photo-1546069901-ba9599a7e63c?q=80&w=600
12,10476,2026-04-24T08:12:16,10.7221433,106.7040654,https://images.unsplash.com/photo-1567620905732-2d1ec7bb7445?q=80&w=600
21,381,2026-04-24T08:12:16,10.7622509,106.6762166,https://images.unsplash.com/photo-1582878826629-29b7ad1cdc43?w=200
21,7059,2026-04-24T08:12:16,10.7823573,106.7039723,https://images.unsplash.com/photo-1546069901-ba9599a7e63c?q=80&w=600
7,16730,2026-04-24T08:12:16,10.7852577,106.6422916,https://images.unsplash.com/photo-1482049016688-2d3e1b311543?q=80&w=600
20,11798,2026-04-24T08:12:16,10.782749,106.7531708,https://images.unsplash.com/photo-1567620905732-2d1ec7bb7445?q=80&w=600
17,11962,2026-04-24T08:12:16,10.7645356,106.695117,https://images.unsplash.com/photo-1484723088339-32383369d5bb?q=80&w=600
14,10363,2026-04-24T09:12:16,10.7675414,106.698786,https://images.unsplash.com/photo-1512621776951-a57141f2eefd?q=80&w=600
18,5913,2026-04-24T09:12:16,10.7855681,106.6663692,https://images.unsplash.com/photo-1484723088339-32383369d5bb?q=80&w=600
33,9373,2026-04-24T09:12:16,10.7719222,106.7036619,https://images.unsplash.com/photo-1482049016688-2d3e1b311543?q=80&w=600
8,13771,2026-04-24T09:12:16,10.8024631,106.7408739,https://images.unsplash.com/photo-1512621776951-a57141f2eefd?q=80&w=600
13,10261,2026-04-24T09:12:16,10.7661583,106.6895948,https://images.unsplash.com/photo-1565299624946-b28f40a0ae38?q=80&w=600
3,13300,2026-04-24T10:12:16,10.7654521,106.6883293,https://images.unsplash.com/photo-1546069901-ba9599a7e63c?q=80&w=600
19,10021,2026-04-24T10:12:16,10.7948113,106.6832482,https://images.unsplash.com/photo-1546069901-ba9599a7e63c?q=80&w=600
27,15148,2026-04-24T10:12:16,10.8207067,106.6872448,https://images.unsplash.com/photo-1565299624946-b28f40a0ae38?q=80&w=600
28,11237,2026-04-24T10:12:16,10.7705085,106.6848355,https://images.unsplash.com/photo-1540189549336-e6e99c3679fe?q=80&w=600
2,553,2026-04-24T10:12:16,10.7764352,106.6846545,https://images.unsplash.com/photo-1582878826629-29b7ad1cdc43?w=200
20,14257,2026-04-24T11:12:16,10.8047339,106.7399389,https://images.unsplash.com/photo-1484723088339-32383369d5bb?q=80&w=600
2,3114,2026-04-24T11:12:16,10.778681,106.6921566,https://images.unsplash.com/photo-1565299624946-b28f40a0ae38?q=80&w=600
18,8893,2026-04-24T11:12:16,10.7938955,106.7212617,https://images.unsplash.com/photo-1512621776951-a57141f2eefd?q=80&w=600
16,9970,2026-04-24T11:12:16,10.7833289,106.696445,https://images.unsplash.com/photo-1555939594-58d7cb561ad1?q=80&w=600
25,681,2026-04-24T11:12:16,10.7691582,106.6912982,https://images.unsplash.com/photo-1582878826629-29b7ad1cdc43?w=200
22,13195,2026-04-24T11:12:16,10.7821804,106.6673962,https://images.unsplash.com/photo-1546069901-ba9599a7e63c?q=80&w=600
13,16259,2026-04-24T12:12:16,10.7517208,106.6627352,https://images.unsplash.com/photo-1565299624946-b28f40a0ae38?q=80&w=600
8,13921,2026-04-24T12:12:16,10.7919959,106.6552029,https://images.unsplash.com/photo-1484723088339-32383369d5bb?q=80&w=600
12,9302,2026-04-24T12:12:16,10.7746398,106.6763674,https://images.unsplash.com/photo-1482049016688-2d3e1b311543?q=80&w=600
21,12018,2026-04-24T12:12:16,10.7791496,106.7541626,https://images.unsplash.com/photo-1546069901-ba9599a7e63c?q=80&w=600
12,12036,2026-04-24T13:12:16,10.7780862,106.753731,https://images.unsplash.com/photo-1482049016688-2d3e1b311543?q=80&w=600
24,10870,2026-04-24T14:12:16,10.7797429,106.7049066,https://images.unsplash.com/photo-1512621776951-a57141f2eefd?q=80&w=600
16,11370,2026-04-24T14:12:16,10.7891024,106.753196,https://images.unsplash.com/photo-1482049016688-2d3e1b311543?q=80&w=600
2,11341,2026-04-24T14:12:16,10.7888389,106.7531693,https://images.unsplash.com/photo-1565299624946-b28f40a0ae38?q=80&w=600
9,10821,2026-04-24T15:12:16,10.81492,106.6049559,https://images.unsplash.com/photo-1482049016688-2d3e1b311543?q=80&w=600
16,3906,2026-04-24T15:12:16,10.807271,106.74459,https://images.unsplash.com/photo-1546069901-ba9599a7e63c?q=80&w=600
8,10464,2026-04-24T16:12:16,10.7222463,106.7040534,https://images.unsplash.com/photo-1555939594-58d7cb561ad1?q=80&w=600
3,5100,2026-04-24T16:12:16,10.77042,106.6695789,https://images.unsplash.com/photo-1482049016688-2d3e1b311543?q=80&w=600
21,16525,2026-04-24T16:12:16,10.7686953,106.6937927,https://images.unsplash.com/photo-1565299624946-b28f40a0ae38?q=80&w=600
14,12904,2026-04-24T16:12:16,10.7612148,106.6298417,https://images.unsplash.com/photo-1567620905732-2d1ec7bb7445?q=80&w=600
21,609,2026-04-24T16:12:16,10.77734,106.700248,https://images.unsplash.com/photo-1582878826629-29b7ad1cdc43?w=200
9,7398,2026-04-24T16:12:16,10.7776667,106.6787439,https://images.unsplash.com/photo-1540189549336-e6e99c3679fe?q=80&w=600
34,11113,2026-04-24T16:12:16,10.7653742,106.7049428,https://images.unsplash.com/photo-1546069901-ba9599a7e63c?q=80&w=600
24,12087,2026-04-24T17:12:16,10.804257,106.7444657,https://images.unsplash.com/photo-1540189549336-e6e99c3679fe?q=80&w=600
29,15904,2026-04-24T18:12:16,10.81761,106.6372261,https://images.unsplash.com/photo-1540189549336-e6e99c3679fe?q=80&w=600
12,16682,2026-04-24T18:12:16,10.776502,106.6544594,https://images.unsplash.com/photo-1567620905732-2d1ec7bb7445?q=80&w=600
24,3280,2026-04-24T18:12:16,10.8208453,106.7274691,https://images.unsplash.com/photo-1540189549336-e6e99c3679fe?q=80&w=600
19,15253,2026-04-24T18:12:16,10.7409497,106.6278462,https://images.unsplash.com/photo-1555939594-58d7cb561ad1?q=80&w=600
12,13715,2026-04-24T18:12:16,10.801873,106.7292227,https://images.unsplash.com/photo-1484723088339-32383369d5bb?q=80&w=600
35,13802,2026-04-24T18:12:16,10.787707,106.6410323,https://images.unsplash.com/photo-1555939594-58d7cb561ad1?q=80&w=600
26,10166,2026-04-24T19:12:16,10.7673838,106.6911045,https://images.unsplash.com/photo-1565299624946-b28f40a0ae38?q=80&w=600
2,7911,2026-04-24T19:12:16,10.7428509,106.6126318,https://images.unsplash.com/photo-1484723088339-32383369d5bb?q=80&w=600
11,10394,2026-04-24T19:12:16,10.7296309,106.692409,https://images.unsplash.com/photo-1567620905732-2d1ec7bb7445?q=80&w=600
11,11564,2026-04-24T19:12:16,10.7849464,106.7560323,https://images.unsplash.com/photo-1540189549336-e6e99c3679fe?q=80&w=600
1,333,2026-04-24T19:54:02,10.7320253,106.7058174,https://images.unsplash.com/photo-1582878826629-29b7ad1cdc43?w=200
31,8948,2026-04-24T20:12:16,10.7613537,106.6687167,https://images.unsplash.com/photo-1512621776951-a57141f2eefd?q=80&w=600
26,11237,2026-04-24T20:12:16,10.7705085,106.6848355,https://images.unsplash.com/photo-1540189549336-e6e99c3679fe?q=80&w=600
15,16360,2026-04-24T20:12:16,10.8158476,106.625199,https://images.unsplash.com/photo-1484723088339-32383369d5bb?q=80&w=600
11,5757,2026-04-24T20:12:16,10.7927472,106.6912041,https://images.unsplash.com/photo-1484723088339-32383369d5bb?q=80&w=600
34,6704,2026-04-24T20:12:16,10.7714995,106.6934199,https://images.unsplash.com/photo-1482049016688-2d3e1b311543?q=80&w=600
10,15651,2026-04-24T20:12:16,10.7941947,106.7039132,https://images.unsplash.com/photo-1546069901-ba9599a7e63c?q=80&w=600
13,7014,2026-04-24T21:12:16,10.7599404,106.6794454,https://images.unsplash.com/photo-1484723088339-32383369d5bb?q=80&w=600
34,7093,2026-04-24T21:12:16,10.806175,106.714535,https://images.unsplash.com/photo-1546069901-ba9599a7e63c?q=80&w=600
18,9490,2026-04-24T21:12:16,10.7980569,106.6887249,https://images.unsplash.com/photo-1540189549336-e6e99c3679fe?q=80&w=600
9,3319,2026-04-24T21:12:16,10.7399582,106.702491,https://images.unsplash.com/photo-1546069901-ba9599a7e63c?q=80&w=600
10,7204,2026-04-24T21:12:16,10.7592259,106.6921641,https://images.unsplash.com/photo-1482049016688-2d3e1b311543?q=80&w=600
25,14460,2026-04-24T22:12:16,10.7666487,106.6944624,https://images.unsplash.com/photo-1540189549336-e6e99c3679fe?q=80&w=600
19,309,2026-04-24T22:12:16,10.7275634,106.7196653,https://images.unsplash.com/photo-1582878826629-29b7ad1cdc43?w=200
31,7378,2026-04-24T22:12:16,10.8018336,106.7478741,https://images.unsplash.com/photo-1484723088339-32383369d5bb?q=80&w=600
24,7247,2026-04-24T22:12:16,10.7778906,106.7046314,https://images.unsplash.com/photo-1484723088339-32383369d5bb?q=80&w=600
2,6134,2026-04-24T22:12:16,10.7910656,106.7054032,https://images.unsplash.com/photo-1555939594-58d7cb561ad1?q=80&w=600
3,7763,2026-04-24T22:12:16,10.7429788,106.6127331,https://images.unsplash.com/photo-1512621776951-a57141f2eefd?q=80&w=600
30,361,2026-04-24T22:12:16,10.7917958,106.6972343,https://images.unsplash.com/photo-1582878826629-29b7ad1cdc43?w=200
9,7313,2026-04-24T23:12:16,10.8825226,106.6983992,https://images.unsplash.com/photo-1482049016688-2d3e1b311543?q=80&w=600
1,13067,2026-04-24T23:12:16,10.7958298,106.6399396,https://images.unsplash.com/photo-1482049016688-2d3e1b311543?q=80&w=600
24,433,2026-04-25T00:12:16,10.788971,106.731403,https://images.unsplash.com/photo-1582878826629-29b7ad1cdc43?w=200
10,7961,2026-04-25T00:12:16,10.7240083,106.7089121,https://images.unsplash.com/photo-1512621776951-a57141f2eefd?q=80&w=600
31,15844,2026-04-25T00:12:16,10.8091129,106.69654,https://images.unsplash.com/photo-1512621776951-a57141f2eefd?q=80&w=600
14,685,2026-04-25T00:12:16,10.769733,106.693061,https://images.unsplash.com/photo-1582878826629-29b7ad1cdc43?w=200
30,13868,2026-04-25T00:12:16,10.7871298,106.6759435,https://images.unsplash.com/photo-1540189549336-e6e99c3679fe?q=80&w=600
15,3309,2026-04-25T01:12:16,10.7927434,106.6897471,https://images.unsplash.com/photo-1546069901-ba9599a7e63c?q=80&w=600
6,3148,2026-04-25T01:12:16,10.7820043,106.6932163,https://images.unsplash.com/photo-1540189549336-e6e99c3679fe?q=80&w=600
24,8039,2026-04-25T01:12:16,10.7632196,106.7002338,https://images.unsplash.com/photo-1567620905732-2d1ec7bb7445?q=80&w=600
14,12075,2026-04-25T02:12:16,10.7602379,106.6944889,https://images.unsplash.com/photo-1512621776951-a57141f2eefd?q=80&w=600
21,15491,2026-04-25T02:12:16,10.7538371,106.6641951,https://images.unsplash.com/photo-1482049016688-2d3e1b311543?q=80&w=600
19,13167,2026-04-25T02:12:16,10.796845,106.6725132,https://images.unsplash.com/photo-1482049016688-2d3e1b311543?q=80&w=600
12,15362,2026-04-25T02:12:16,10.7714741,106.69207,https://images.unsplash.com/photo-1567620905732-2d1ec7bb7445?q=80&w=600
20,9736,2026-04-25T02:12:16,10.7732946,106.7029288,https://images.unsplash.com/photo-1484723088339-32383369d5bb?q=80&w=600
20,13075,2026-04-25T03:12:16,10.854086,106.7701929,https://images.unsplash.com/photo-1484723088339-32383369d5bb?q=80&w=600
23,101,2026-04-25T03:12:16,10.7675882,106.6863944,https://images.unsplash.com/photo-1582878826629-29b7ad1cdc43?w=200
32,7508,2026-04-25T03:12:16,10.8035553,106.7341857,https://images.unsplash.com/photo-1484723088339-32383369d5bb?q=80&w=600
17,16219,2026-04-25T03:12:16,10.7844647,106.6828713,https://images.unsplash.com/photo-1512621776951-a57141f2eefd?q=80&w=600
31,16148,2026-04-25T03:12:16,10.8321683,106.682773,https://images.unsplash.com/photo-1567620905732-2d1ec7bb7445?q=80&w=600
15,9062,2026-04-25T03:12:16,10.7766174,106.6890693,https://images.unsplash.com/photo-1555939594-58d7cb561ad1?q=80&w=600
24,4307,2026-04-25T03:12:16,10.8470199,106.7654756,https://images.unsplash.com/photo-1482049016688-2d3e1b311543?q=80&w=600
26,205,2026-04-25T03:12:16,10.7780321,106.7036328,https://images.unsplash.com/photo-1582878826629-29b7ad1cdc43?w=200
11,6226,2026-04-25T03:12:16,10.8131218,106.665592,https://images.unsplash.com/photo-1546069901-ba9599a7e63c?q=80&w=600
10,9990,2026-04-25T03:12:16,10.7496755,106.6492538,https://images.unsplash.com/photo-1512621776951-a57141f2eefd?q=80&w=600
15,9531,2026-04-25T04:12:16,10.7734268,106.7061646,https://images.unsplash.com/photo-1567620905732-2d1ec7bb7445?q=80&w=600
1,4485,2026-04-25T04:12:16,10.7903239,106.7100816,https://images.unsplash.com/photo-1546069901-ba9599a7e63c?q=80&w=600
33,16500,2026-04-25T04:12:16,10.7530657,106.6582278,https://images.unsplash.com/photo-1482049016688-2d3e1b311543?q=80&w=600
22,3845,2026-04-25T04:12:16,10.7639372,106.6929265,https://images.unsplash.com/photo-1546069901-ba9599a7e63c?q=80&w=600
12,5445,2026-04-25T04:12:16,10.769648,106.6978176,https://images.unsplash.com/photo-1540189549336-e6e99c3679fe?q=80&w=600
16,285,2026-04-25T05:12:16,10.744303,106.690393,https://images.unsplash.com/photo-1582878826629-29b7ad1cdc43?w=200
32,10780,2026-04-25T05:12:16,10.8015856,106.7286936,https://images.unsplash.com/photo-1540189549336-e6e99c3679fe?q=80&w=600
25,12107,2026-04-25T05:12:16,10.8327857,106.7390281,https://images.unsplash.com/photo-1565299624946-b28f40a0ae38?q=80&w=600
1,7165,2026-04-25T05:12:16,10.8573839,106.6196333,https://images.unsplash.com/photo-1567620905732-2d1ec7bb7445?q=80&w=600
23,3865,2026-04-25T05:12:16,10.8001215,106.6734404,https://images.unsplash.com/photo-1512621776951-a57141f2eefd?q=80&w=600
3,233,2026-04-25T05:54:02,10.7978659,106.6874239,https://images.unsplash.com/photo-1582878826629-29b7ad1cdc43?w=200
21,9907,2026-04-25T06:12:16,10.8377935,106.7021763,https://images.unsplash.com/photo-1512621776951-a57141f2eefd?q=80&w=600
25,12128,2026-04-25T06:12:16,10.7920314,106.7302772,https://images.unsplash.com/photo-1567620905732-2d1ec7bb7445?q=80&w=600
29,6906,2026-04-25T06:12:16,10.8026438,106.7308607,https://images.unsplash.com/photo-1567620905732-2d1ec7bb7445?q=80&w=600
9,7891,2026-04-25T06:12:16,10.7430828,106.6128162,https://images.unsplash.com/photo-1482049016688-2d3e1b311543?q=80&w=600
25,15099,2026-04-25T06:12:16,10.8112557,106.6517136,https://images.unsplash.com/photo-1567620905732-2d1ec7bb7445?q=80&w=600
34,5884,2026-04-25T06:12:16,10.8409362,106.7652476,https://images.unsplash.com/photo-1565299624946-b28f40a0ae38?q=80&w=600
6,13715,2026-04-25T07:12:16,10.801873,106.7292227,https://images.unsplash.com/photo-1484723088339-32383369d5bb?q=80&w=600
25,4939,2026-04-25T07:12:16,10.7663544,106.6888404,https://images.unsplash.com/photo-1512621776951-a57141f2eefd?q=80&w=600
32,11924,2026-04-25T07:12:16,10.7830855,106.7649712,https://images.unsplash.com/photo-1565299624946-b28f40a0ae38?q=80&w=600
24,3094,2026-04-25T07:12:16,10.8099687,106.6128826,https://images.unsplash.com/photo-1540189549336-e6e99c3679fe?q=80&w=600
12,701,2026-04-25T07:12:16,10.7807736,106.6982429,https://images.unsplash.com/photo-1582878826629-29b7ad1cdc43?w=200
19,9728,2026-04-25T07:12:16,10.7637701,106.6901925,https://images.unsplash.com/photo-1555939594-58d7cb561ad1?q=80&w=600
20,15012,2026-04-25T07:12:16,10.789697,106.6994356,https://images.unsplash.com/photo-1512621776951-a57141f2eefd?q=80&w=600
30,13545,2026-04-25T07:12:16,10.7843341,106.6215695,https://images.unsplash.com/photo-1555939594-58d7cb561ad1?q=80&w=600
14,16659,2026-04-25T07:12:16,10.7720804,106.6556936,https://images.unsplash.com/photo-1567620905732-2d1ec7bb7445?q=80&w=600
3,5563,2026-04-25T07:12:16,10.7660019,106.6910157,https://images.unsplash.com/photo-1555939594-58d7cb561ad1?q=80&w=600
14,12894,2026-04-25T07:12:16,10.788854,106.6916879,https://images.unsplash.com/photo-1484723088339-32383369d5bb?q=80&w=600
29,757,2026-04-25T08:12:16,10.765984,106.6450274,https://images.unsplash.com/photo-1582878826629-29b7ad1cdc43?w=200
16,4260,2026-04-25T08:12:16,10.7392419,106.6913389,https://images.unsplash.com/photo-1555939594-58d7cb561ad1?q=80&w=600
33,11314,2026-04-25T08:12:16,10.7884003,106.7521918,https://images.unsplash.com/photo-1482049016688-2d3e1b311543?q=80&w=600
20,12199,2026-04-25T08:12:16,10.7856744,106.7648427,https://images.unsplash.com/photo-1567620905732-2d1ec7bb7445?q=80&w=600
29,3209,2026-04-25T08:12:16,10.7688832,106.6907172,https://images.unsplash.com/photo-1484723088339-32383369d5bb?q=80&w=600
26,16925,2026-04-25T08:12:16,10.803025,106.732299,https://images.unsplash.com/photo-1565299624946-b28f40a0ae38?q=80&w=600
3,5913,2026-04-25T09:12:16,10.7855681,106.6663692,https://images.unsplash.com/photo-1484723088339-32383369d5bb?q=80&w=600
6,15675,2026-04-25T09:12:16,10.7664912,106.6986439,https://images.unsplash.com/photo-1484723088339-32383369d5bb?q=80&w=600
22,3136,2026-04-25T09:12:16,10.7727251,106.6791334,https://images.unsplash.com/photo-1540189549336-e6e99c3679fe?q=80&w=600
30,9512,2026-04-25T09:12:16,10.7528439,106.6714295,https://images.unsplash.com/photo-1565299624946-b28f40a0ae38?q=80&w=600
7,13977,2026-04-25T09:12:16,10.7901419,106.6840807,https://images.unsplash.com/photo-1482049016688-2d3e1b311543?q=80&w=600
7,9258,2026-04-25T09:12:16,10.7806505,106.7046277,https://images.unsplash.com/photo-1540189549336-e6e99c3679fe?q=80&w=600
8,3812,2026-04-25T09:12:16,10.7783736,106.6865896,https://images.unsplash.com/photo-1565299624946-b28f40a0ae38?q=80&w=600
8,5555,2026-04-25T09:12:16,10.7843158,106.691878,https://images.unsplash.com/photo-1546069901-ba9599a7e63c?q=80&w=600
16,9353,2026-04-25T09:12:16,10.7878273,106.7038536,https://images.unsplash.com/photo-1546069901-ba9599a7e63c?q=80&w=600
2,73,2026-04-25T09:54:02,10.7762829,106.7042247,https://images.unsplash.com/photo-1582878826629-29b7ad1cdc43?w=200
11,6694,2026-04-25T10:12:16,10.7734232,106.6976926,https://images.unsplash.com/photo-1482049016688-2d3e1b311543?q=80&w=600
17,11178,2026-04-25T10:12:16,10.8167751,106.7289458,https://images.unsplash.com/photo-1540189549336-e6e99c3679fe?q=80&w=600
35,317,2026-04-25T10:12:16,10.7275927,106.7195082,https://images.unsplash.com/photo-1582878826629-29b7ad1cdc43?w=200
10,11056,2026-04-25T10:12:16,10.7366265,106.7088936,https://images.unsplash.com/photo-1555939594-58d7cb561ad1?q=80&w=600
13,4250,2026-04-25T10:12:16,10.7873014,106.6637587,https://images.unsplash.com/photo-1546069901-ba9599a7e63c?q=80&w=600
9,12116,2026-04-25T11:12:16,10.7930548,106.6768767,https://images.unsplash.com/photo-1482049016688-2d3e1b311543?q=80&w=600
21,709,2026-04-25T11:12:16,10.8132735,106.6656021,https://images.unsplash.com/photo-1582878826629-29b7ad1cdc43?w=200
28,11646,2026-04-25T11:12:16,10.7488299,106.6424268,https://images.unsplash.com/photo-1512621776951-a57141f2eefd?q=80&w=600
29,10464,2026-04-25T11:12:16,10.7222463,106.7040534,https://images.unsplash.com/photo-1555939594-58d7cb561ad1?q=80&w=600
1,4672,2026-04-25T11:12:16,10.8397747,106.7667626,https://images.unsplash.com/photo-1540189549336-e6e99c3679fe?q=80&w=600
13,13252,2026-04-25T11:12:16,10.7712949,106.6501677,https://images.unsplash.com/photo-1546069901-ba9599a7e63c?q=80&w=600
8,297,2026-04-25T11:12:16,10.8542884,106.6289933,https://images.unsplash.com/photo-1582878826629-29b7ad1cdc43?w=200
1,445,2026-04-25T11:54:02,10.849584,106.7713821,https://images.unsplash.com/photo-1582878826629-29b7ad1cdc43?w=200
31,3441,2026-04-25T12:12:16,10.7734967,106.6973611,https://images.unsplash.com/photo-1540189549336-e6e99c3679fe?q=80&w=600
10,11677,2026-04-25T12:12:16,10.7801263,106.7037071,https://images.unsplash.com/photo-1482049016688-2d3e1b311543?q=80&w=600
26,9962,2026-04-25T12:12:16,10.7741699,106.6883245,https://images.unsplash.com/photo-1546069901-ba9599a7e63c?q=80&w=600
18,15338,2026-04-25T12:12:16,10.7816408,106.6947895,https://images.unsplash.com/photo-1484723088339-32383369d5bb?q=80&w=600
11,12107,2026-04-25T12:12:16,10.8327857,106.7390281,https://images.unsplash.com/photo-1565299624946-b28f40a0ae38?q=80&w=600
21,7070,2026-04-25T12:12:16,10.8648466,106.6182764,https://images.unsplash.com/photo-1540189549336-e6e99c3679fe?q=80&w=600
16,8423,2026-04-25T12:12:16,10.7771167,106.6996747,https://images.unsplash.com/photo-1555939594-58d7cb561ad1?q=80&w=600
1,13993,2026-04-25T12:12:16,10.7900505,106.6842198,https://images.unsplash.com/photo-1484723088339-32383369d5bb?q=80&w=600
32,3639,2026-04-25T12:12:16,10.7715838,106.6965092,https://images.unsplash.com/photo-1540189549336-e6e99c3679fe?q=80&w=600
33,8264,2026-04-25T13:12:16,10.7724791,106.7039146,https://images.unsplash.com/photo-1484723088339-32383369d5bb?q=80&w=600
31,15479,2026-04-25T13:12:16,10.7887704,106.697965,https://images.unsplash.com/photo-1484723088339-32383369d5bb?q=80&w=600
23,4328,2026-04-25T13:12:16,10.7871367,106.6643589,https://images.unsplash.com/photo-1546069901-ba9599a7e63c?q=80&w=600
14,10080,2026-04-25T13:12:16,10.8528995,106.754469,https://images.unsplash.com/photo-1565299624946-b28f40a0ae38?q=80&w=600
14,4939,2026-04-25T13:12:16,10.7663544,106.6888404,https://images.unsplash.com/photo-1512621776951-a57141f2eefd?q=80&w=600
2,5493,2026-04-25T14:12:16,10.7734472,106.7063334,https://images.unsplash.com/photo-1482049016688-2d3e1b311543?q=80&w=600
8,16186,2026-04-25T14:12:16,10.7670949,106.6766746,https://images.unsplash.com/photo-1546069901-ba9599a7e63c?q=80&w=600
26,11798,2026-04-25T14:12:16,10.782749,106.7531708,https://images.unsplash.com/photo-1567620905732-2d1ec7bb7445?q=80&w=600
28,2843,2026-04-25T14:12:16,10.7746583,106.6886013,https://images.unsplash.com/photo-1555939594-58d7cb561ad1?q=80&w=600
34,3336,2026-04-25T15:12:16,10.7712176,106.6302457,https://images.unsplash.com/photo-1565299624946-b28f40a0ae38?q=80&w=600
10,9569,2026-04-25T15:12:16,10.7771854,106.7045606,https://images.unsplash.com/photo-1546069901-ba9599a7e63c?q=80&w=600
34,4727,2026-04-25T15:12:16,10.7566907,106.6761001,https://images.unsplash.com/photo-1484723088339-32383369d5bb?q=80&w=600
13,3630,2026-04-25T15:12:16,10.7589694,106.6784957,https://images.unsplash.com/photo-1567620905732-2d1ec7bb7445?q=80&w=600
12,6354,2026-04-25T16:12:16,10.7644905,106.6914365,https://images.unsplash.com/photo-1540189549336-e6e99c3679fe?q=80&w=600
20,15514,2026-04-25T16:12:16,10.79102,106.6870059,https://images.unsplash.com/photo-1482049016688-2d3e1b311543?q=80&w=600
18,5631,2026-04-25T16:12:16,10.767438,106.6927451,https://images.unsplash.com/photo-1484723088339-32383369d5bb?q=80&w=600
20,3765,2026-04-25T16:12:16,10.7753264,106.6975453,https://images.unsplash.com/photo-1484723088339-32383369d5bb?q=80&w=600
7,11359,2026-04-25T16:12:16,10.789023,106.7531855,https://images.unsplash.com/photo-1546069901-ba9599a7e63c?q=80&w=600
13,16627,2026-04-25T16:12:16,10.869264,106.6830735,https://images.unsplash.com/photo-1482049016688-2d3e1b311543?q=80&w=600
22,12508,2026-04-25T17:12:16,10.784617,106.6942442,https://images.unsplash.com/photo-1512621776951-a57141f2eefd?q=80&w=600
32,3272,2026-04-25T17:12:16,10.7455491,106.7158206,https://images.unsplash.com/photo-1555939594-58d7cb561ad1?q=80&w=600
35,4497,2026-04-25T17:12:16,10.7861286,106.6713635,https://images.unsplash.com/photo-1567620905732-2d1ec7bb7445?q=80&w=600
7,10882,2026-04-25T17:12:16,10.7799782,106.704803,https://images.unsplash.com/photo-1540189549336-e6e99c3679fe?q=80&w=600
9,14339,2026-04-25T17:12:16,10.8457405,106.6561554,https://images.unsplash.com/photo-1482049016688-2d3e1b311543?q=80&w=600
15,6878,2026-04-25T17:12:16,10.7803652,106.6916709,https://images.unsplash.com/photo-1482049016688-2d3e1b311543?q=80&w=600
22,577,2026-04-25T17:12:16,10.7924466,106.6820018,https://images.unsplash.com/photo-1582878826629-29b7ad1cdc43?w=200
14,6313,2026-04-25T17:12:16,10.7932346,106.6445816,https://images.unsplash.com/photo-1565299624946-b28f40a0ae38?q=80&w=600
6,6313,2026-04-25T17:12:16,10.7932346,106.6445816,https://images.unsplash.com/photo-1565299624946-b28f40a0ae38?q=80&w=600
25,6081,2026-04-25T17:12:16,10.7878775,106.6772371,https://images.unsplash.com/photo-1555939594-58d7cb561ad1?q=80&w=600
17,16049,2026-04-25T18:12:16,10.8010357,106.685269,https://images.unsplash.com/photo-1555939594-58d7cb561ad1?q=80&w=600
34,5622,2026-04-25T18:12:16,10.7545068,106.6416815,https://images.unsplash.com/photo-1482049016688-2d3e1b311543?q=80&w=600
2,10261,2026-04-25T19:12:16,10.7661583,106.6895948,https://images.unsplash.com/photo-1565299624946-b28f40a0ae38?q=80&w=600
35,13822,2026-04-25T19:12:16,10.7829499,106.6266937,https://images.unsplash.com/photo-1512621776951-a57141f2eefd?q=80&w=600
33,13792,2026-04-25T19:12:16,10.7966415,106.6675088,https://images.unsplash.com/photo-1565299624946-b28f40a0ae38?q=80&w=600
32,4567,2026-04-25T19:12:16,10.7582104,106.6769392,https://images.unsplash.com/photo-1567620905732-2d1ec7bb7445?q=80&w=600
29,7204,2026-04-25T19:12:16,10.7592259,106.6921641,https://images.unsplash.com/photo-1482049016688-2d3e1b311543?q=80&w=600
3,6291,2026-04-25T19:12:16,10.7730809,106.6891054,https://images.unsplash.com/photo-1565299624946-b28f40a0ae38?q=80&w=600
35,6362,2026-04-25T19:12:16,10.7947358,106.7212314,https://images.unsplash.com/photo-1482049016688-2d3e1b311543?q=80&w=600
30,593,2026-04-25T19:12:16,10.7736594,106.7054779,https://images.unsplash.com/photo-1582878826629-29b7ad1cdc43?w=200
9,14478,2026-04-25T19:12:16,10.7876478,106.6965101,https://images.unsplash.com/photo-1555939594-58d7cb561ad1?q=80&w=600
9,4381,2026-04-25T19:12:16,10.7857006,106.6904759,https://images.unsplash.com/photo-1482049016688-2d3e1b311543?q=80&w=600
19,2939,2026-04-25T19:12:16,10.7696927,106.6977556,https://images.unsplash.com/photo-1565299624946-b28f40a0ae38?q=80&w=600
32,9093,2026-04-25T20:12:16,10.7784255,106.6986185,https://images.unsplash.com/photo-1565299624946-b28f40a0ae38?q=80&w=600
11,12537,2026-04-25T20:12:16,10.8025169,106.7408288,https://images.unsplash.com/photo-1565299624946-b28f40a0ae38?q=80&w=600
1,6197,2026-04-25T20:12:16,10.7745038,106.7043696,https://images.unsplash.com/photo-1512621776951-a57141f2eefd?q=80&w=600
11,7305,2026-04-25T21:12:16,10.7608436,106.704794,https://images.unsplash.com/photo-1567620905732-2d1ec7bb7445?q=80&w=600
32,10476,2026-04-25T22:12:16,10.7221433,106.7040654,https://images.unsplash.com/photo-1567620905732-2d1ec7bb7445?q=80&w=600
20,10683,2026-04-25T22:12:16,10.7951714,106.6635739,https://images.unsplash.com/photo-1482049016688-2d3e1b311543?q=80&w=600
19,361,2026-04-25T22:12:16,10.7917958,106.6972343,https://images.unsplash.com/photo-1582878826629-29b7ad1cdc43?w=200
28,10978,2026-04-25T22:12:16,10.7798854,106.7056858,https://images.unsplash.com/photo-1512621776951-a57141f2eefd?q=80&w=600
33,15374,2026-04-25T22:12:16,10.7994785,106.656613,https://images.unsplash.com/photo-1482049016688-2d3e1b311543?q=80&w=600
20,16289,2026-04-25T22:12:16,10.7624821,106.655196,https://images.unsplash.com/photo-1555939594-58d7cb561ad1?q=80&w=600
21,6197,2026-04-25T23:12:16,10.7745038,106.7043696,https://images.unsplash.com/photo-1512621776951-a57141f2eefd?q=80&w=600
33,6508,2026-04-25T23:12:16,10.7716774,106.6968134,https://images.unsplash.com/photo-1565299624946-b28f40a0ae38?q=80&w=600
32,5640,2026-04-25T23:12:16,10.7898909,106.6867863,https://images.unsplash.com/photo-1555939594-58d7cb561ad1?q=80&w=600
31,16441,2026-04-25T23:12:16,10.7826015,106.6615827,https://images.unsplash.com/photo-1484723088339-32383369d5bb?q=80&w=600
34,10912,2026-04-25T23:12:16,10.7794935,106.7052172,https://images.unsplash.com/photo-1565299624946-b28f40a0ae38?q=80&w=600
6,3198,2026-04-26T00:12:16,10.7685706,106.6871539,https://images.unsplash.com/photo-1565299624946-b28f40a0ae38?q=80&w=600
22,10042,2026-04-26T00:12:16,10.8631986,106.6849166,https://images.unsplash.com/photo-1484723088339-32383369d5bb?q=80&w=600
18,6780,2026-04-26T00:12:16,10.8014323,106.7450753,https://images.unsplash.com/photo-1565299624946-b28f40a0ae38?q=80&w=600
31,10633,2026-04-26T00:12:16,10.7274904,106.7103102,https://images.unsplash.com/photo-1546069901-ba9599a7e63c?q=80&w=600
2,6321,2026-04-26T00:12:16,10.7697154,106.6925751,https://images.unsplash.com/photo-1484723088339-32383369d5bb?q=80&w=600
6,14132,2026-04-26T00:12:16,10.7743273,106.700606,https://images.unsplash.com/photo-1546069901-ba9599a7e63c?q=80&w=600
19,16778,2026-04-26T01:12:16,10.7481734,106.7002663,https://images.unsplash.com/photo-1565299624946-b28f40a0ae38?q=80&w=600
3,11951,2026-04-26T01:12:16,10.7780199,106.7538135,https://images.unsplash.com/photo-1512621776951-a57141f2eefd?q=80&w=600
30,3408,2026-04-26T01:12:16,10.7329877,106.708305,https://images.unsplash.com/photo-1540189549336-e6e99c3679fe?q=80&w=600
22,11225,2026-04-26T01:12:16,10.7903791,106.6966453,https://images.unsplash.com/photo-1512621776951-a57141f2eefd?q=80&w=600
25,6772,2026-04-26T01:12:16,10.7739075,106.7701975,https://images.unsplash.com/photo-1540189549336-e6e99c3679fe?q=80&w=600
7,93,2026-04-26T01:12:16,10.7662887,106.7077614,https://images.unsplash.com/photo-1582878826629-29b7ad1cdc43?w=200
7,11916,2026-04-26T02:12:16,10.7914445,106.6671403,https://images.unsplash.com/photo-1512621776951-a57141f2eefd?q=80&w=600
17,5352,2026-04-26T02:12:16,10.7706334,106.6694555,https://images.unsplash.com/photo-1546069901-ba9599a7e63c?q=80&w=600
19,15491,2026-04-26T02:12:16,10.7538371,106.6641951,https://images.unsplash.com/photo-1482049016688-2d3e1b311543?q=80&w=600
15,12811,2026-04-26T02:12:16,10.7644026,106.6621337,https://images.unsplash.com/photo-1546069901-ba9599a7e63c?q=80&w=600
28,8806,2026-04-26T02:12:16,10.8233291,106.7194157,https://images.unsplash.com/photo-1512621776951-a57141f2eefd?q=80&w=600
14,6060,2026-04-26T02:12:16,10.7359988,106.670776,https://images.unsplash.com/photo-1565299624946-b28f40a0ae38?q=80&w=600
27,12248,2026-04-26T03:12:16,10.8037747,106.7282589,https://images.unsplash.com/photo-1540189549336-e6e99c3679fe?q=80&w=600
8,16158,2026-04-26T03:12:16,10.7638908,106.6954529,https://images.unsplash.com/photo-1565299624946-b28f40a0ae38?q=80&w=600
25,721,2026-04-26T03:12:16,10.7641929,106.6824701,https://images.unsplash.com/photo-1582878826629-29b7ad1cdc43?w=200
23,9184,2026-04-26T03:12:16,10.7665673,106.7008501,https://images.unsplash.com/photo-1512621776951-a57141f2eefd?q=80&w=600
27,3251,2026-04-26T03:12:16,10.7335613,106.6739143,https://images.unsplash.com/photo-1482049016688-2d3e1b311543?q=80&w=600
18,7295,2026-04-26T04:12:16,10.7885585,106.6981074,https://images.unsplash.com/photo-1482049016688-2d3e1b311543?q=80&w=600
34,729,2026-04-26T04:12:16,10.7292804,106.7061103,https://images.unsplash.com/photo-1582878826629-29b7ad1cdc43?w=200
15,10633,2026-04-26T04:12:16,10.7274904,106.7103102,https://images.unsplash.com/photo-1546069901-ba9599a7e63c?q=80&w=600
26,12875,2026-04-26T04:12:16,10.783657,106.6879435,https://images.unsplash.com/photo-1482049016688-2d3e1b311543?q=80&w=600
11,8702,2026-04-26T04:12:16,10.801633,106.7188757,https://images.unsplash.com/photo-1512621776951-a57141f2eefd?q=80&w=600
2,5190,2026-04-26T05:12:16,10.7708205,106.669536,https://images.unsplash.com/photo-1484723088339-32383369d5bb?q=80&w=600
29,5966,2026-04-26T05:12:16,10.7905235,106.7050922,https://images.unsplash.com/photo-1484723088339-32383369d5bb?q=80&w=600
12,12188,2026-04-26T05:12:16,10.7861825,106.7645933,https://images.unsplash.com/photo-1482049016688-2d3e1b311543?q=80&w=600
33,15783,2026-04-26T06:12:16,10.7670725,106.6940993,https://images.unsplash.com/photo-1567620905732-2d1ec7bb7445?q=80&w=600
34,7059,2026-04-26T06:12:16,10.7823573,106.7039723,https://images.unsplash.com/photo-1546069901-ba9599a7e63c?q=80&w=600
32,341,2026-04-26T06:12:16,10.7302921,106.7095995,https://images.unsplash.com/photo-1582878826629-29b7ad1cdc43?w=200
14,5474,2026-04-26T06:12:16,10.769197,106.689399,https://images.unsplash.com/photo-1482049016688-2d3e1b311543?q=80&w=600
31,10840,2026-04-26T06:12:16,10.7727729,106.6956468,https://images.unsplash.com/photo-1546069901-ba9599a7e63c?q=80&w=600
25,241,2026-04-26T06:12:16,10.7780081,106.7038501,https://images.unsplash.com/photo-1582878826629-29b7ad1cdc43?w=200
9,609,2026-04-26T07:12:16,10.77734,106.700248,https://images.unsplash.com/photo-1582878826629-29b7ad1cdc43?w=200
33,669,2026-04-26T07:12:16,10.775935,106.6878807,https://images.unsplash.com/photo-1582878826629-29b7ad1cdc43?w=200
24,5544,2026-04-26T07:12:16,10.7863243,106.6845743,https://images.unsplash.com/photo-1565299624946-b28f40a0ae38?q=80&w=600
32,9036,2026-04-26T08:12:16,10.7868339,106.6976992,https://images.unsplash.com/photo-1482049016688-2d3e1b311543?q=80&w=600
1,8058,2026-04-26T08:12:16,10.7594098,106.6987798,https://images.unsplash.com/photo-1567620905732-2d1ec7bb7445?q=80&w=600
14,7305,2026-04-26T08:12:16,10.7608436,106.704794,https://images.unsplash.com/photo-1567620905732-2d1ec7bb7445?q=80&w=600
2,13386,2026-04-26T08:12:16,10.790072,106.6840122,https://images.unsplash.com/photo-1482049016688-2d3e1b311543?q=80&w=600
23,15362,2026-04-26T08:12:16,10.7714741,106.69207,https://images.unsplash.com/photo-1567620905732-2d1ec7bb7445?q=80&w=600
27,5692,2026-04-26T08:12:16,10.7734747,106.7027802,https://images.unsplash.com/photo-1540189549336-e6e99c3679fe?q=80&w=600
18,5799,2026-04-26T08:12:16,10.8012092,106.6665516,https://images.unsplash.com/photo-1540189549336-e6e99c3679fe?q=80&w=600
7,9521,2026-04-26T09:12:16,10.8010742,106.6706699,https://images.unsplash.com/photo-1482049016688-2d3e1b311543?q=80&w=600
15,617,2026-04-26T09:12:16,10.7749047,106.6980099,https://images.unsplash.com/photo-1582878826629-29b7ad1cdc43?w=200
21,6683,2026-04-26T09:12:16,10.7852403,106.702824,https://images.unsplash.com/photo-1565299624946-b28f40a0ae38?q=80&w=600
35,15873,2026-04-26T09:12:16,10.8264152,106.6890048,https://images.unsplash.com/photo-1482049016688-2d3e1b311543?q=80&w=600
12,12145,2026-04-26T09:12:16,10.8038377,106.7283444,https://images.unsplash.com/photo-1484723088339-32383369d5bb?q=80&w=600
31,8854,2026-04-26T09:12:16,10.8558985,106.7702989,https://images.unsplash.com/photo-1512621776951-a57141f2eefd?q=80&w=600
10,11359,2026-04-26T10:12:16,10.789023,106.7531855,https://images.unsplash.com/photo-1546069901-ba9599a7e63c?q=80&w=600
30,6186,2026-04-26T10:12:16,10.7684298,106.7006584,https://images.unsplash.com/photo-1482049016688-2d3e1b311543?q=80&w=600
32,6721,2026-04-26T10:12:16,10.7646006,106.6877956,https://images.unsplash.com/photo-1484723088339-32383369d5bb?q=80&w=600
9,11666,2026-04-26T10:12:16,10.7468708,106.7928574,https://images.unsplash.com/photo-1540189549336-e6e99c3679fe?q=80&w=600
32,713,2026-04-26T11:12:16,10.8009329,106.6407219,https://images.unsplash.com/photo-1582878826629-29b7ad1cdc43?w=200
18,4280,2026-04-26T11:12:16,10.7848645,106.6626838,https://images.unsplash.com/photo-1567620905732-2d1ec7bb7445?q=80&w=600
26,14211,2026-04-26T11:12:16,10.8109693,106.7185548,https://images.unsplash.com/photo-1484723088339-32383369d5bb?q=80&w=600
8,6947,2026-04-26T11:12:16,10.7794535,106.680389,https://images.unsplash.com/photo-1512621776951-a57141f2eefd?q=80&w=600
22,10683,2026-04-26T12:12:16,10.7951714,106.6635739,https://images.unsplash.com/photo-1482049016688-2d3e1b311543?q=80&w=600
10,6621,2026-04-26T12:12:16,10.7606123,106.6730074,https://images.unsplash.com/photo-1567620905732-2d1ec7bb7445?q=80&w=600
9,4746,2026-04-26T12:12:16,10.765998,106.6911254,https://images.unsplash.com/photo-1567620905732-2d1ec7bb7445?q=80&w=600
16,16573,2026-04-26T12:12:16,10.7672317,106.6791296,https://images.unsplash.com/photo-1565299624946-b28f40a0ae38?q=80&w=600
15,3418,2026-04-26T12:12:16,10.7718998,106.6921906,https://images.unsplash.com/photo-1565299624946-b28f40a0ae38?q=80&w=600
22,5876,2026-04-26T13:12:16,10.7736479,106.7009196,https://images.unsplash.com/photo-1484723088339-32383369d5bb?q=80&w=600
2,4215,2026-04-26T13:12:16,10.7909994,106.664387,https://images.unsplash.com/photo-1555939594-58d7cb561ad1?q=80&w=600
13,6694,2026-04-26T13:12:16,10.7734232,106.6976926,https://images.unsplash.com/photo-1482049016688-2d3e1b311543?q=80&w=600
11,10830,2026-04-26T13:12:16,10.7725346,106.6957833,https://images.unsplash.com/photo-1555939594-58d7cb561ad1?q=80&w=600
25,2867,2026-04-26T13:12:16,10.751774,106.71409,https://images.unsplash.com/photo-1546069901-ba9599a7e63c?q=80&w=600
29,33,2026-04-26T14:12:16,10.767375,106.6941425,https://images.unsplash.com/photo-1582878826629-29b7ad1cdc43?w=200
16,15303,2026-04-26T14:12:16,10.7732977,106.7019193,https://images.unsplash.com/photo-1484723088339-32383369d5bb?q=80&w=600
28,409,2026-04-26T14:12:16,10.77734,106.692708,https://images.unsplash.com/photo-1582878826629-29b7ad1cdc43?w=200
17,8719,2026-04-26T14:12:16,10.7695678,106.6881981,https://images.unsplash.com/photo-1482049016688-2d3e1b311543?q=80&w=600
15,10950,2026-04-26T14:12:16,10.752898,106.6734332,https://images.unsplash.com/photo-1512621776951-a57141f2eefd?q=80&w=600
22,529,2026-04-26T14:12:16,10.8522536,106.7691207,https://images.unsplash.com/photo-1582878826629-29b7ad1cdc43?w=200
21,12608,2026-04-26T14:12:16,10.7973781,106.6936615,https://images.unsplash.com/photo-1512621776951-a57141f2eefd?q=80&w=600
22,10891,2026-04-26T14:12:16,10.7798863,106.7049238,https://images.unsplash.com/photo-1565299624946-b28f40a0ae38?q=80&w=600
9,16383,2026-04-26T15:12:16,10.7679322,106.6716847,https://images.unsplash.com/photo-1482049016688-2d3e1b311543?q=80&w=600
9,12661,2026-04-26T15:12:16,10.779669,106.68556,https://images.unsplash.com/photo-1555939594-58d7cb561ad1?q=80&w=600
33,12875,2026-04-26T15:12:16,10.783657,106.6879435,https://images.unsplash.com/photo-1482049016688-2d3e1b311543?q=80&w=600
3,8130,2026-04-26T15:12:16,10.811653,106.7313521,https://images.unsplash.com/photo-1512621776951-a57141f2eefd?q=80&w=600
27,13022,2026-04-26T15:12:16,10.7797798,106.704174,https://images.unsplash.com/photo-1482049016688-2d3e1b311543?q=80&w=600
34,189,2026-04-26T15:12:16,10.7975447,106.7141842,https://images.unsplash.com/photo-1582878826629-29b7ad1cdc43?w=200
12,16709,2026-04-26T15:12:16,10.7750642,106.6820517,https://images.unsplash.com/photo-1555939594-58d7cb561ad1?q=80&w=600
6,4159,2026-04-26T15:12:16,10.8361498,106.6874281,https://images.unsplash.com/photo-1565299624946-b28f40a0ae38?q=80&w=600
9,15814,2026-04-26T15:12:16,10.790891,106.6870771,https://images.unsplash.com/photo-1565299624946-b28f40a0ae38?q=80&w=600
18,3784,2026-04-26T16:12:16,10.7586548,106.7008465,https://images.unsplash.com/photo-1512621776951-a57141f2eefd?q=80&w=600
34,14170,2026-04-26T16:12:16,10.7329123,106.7066181,https://images.unsplash.com/photo-1555939594-58d7cb561ad1?q=80&w=600
35,14566,2026-04-26T16:12:16,10.804531,106.6641851,https://images.unsplash.com/photo-1567620905732-2d1ec7bb7445?q=80&w=600
12,11768,2026-04-26T16:12:16,10.7829832,106.7516817,https://images.unsplash.com/photo-1546069901-ba9599a7e63c?q=80&w=600
31,8521,2026-04-26T16:12:16,10.7797911,106.7038529,https://images.unsplash.com/photo-1555939594-58d7cb561ad1?q=80&w=600
21,3990,2026-04-26T16:12:16,10.8261282,106.7386412,https://images.unsplash.com/photo-1512621776951-a57141f2eefd?q=80&w=600
29,4170,2026-04-26T16:12:16,10.8287006,106.6835014,https://images.unsplash.com/photo-1555939594-58d7cb561ad1?q=80&w=600
19,349,2026-04-26T16:12:16,10.7275224,106.7092126,https://images.unsplash.com/photo-1582878826629-29b7ad1cdc43?w=200
16,7710,2026-04-26T16:12:16,10.7430273,106.6129532,https://images.unsplash.com/photo-1555939594-58d7cb561ad1?q=80&w=600
15,5631,2026-04-26T16:12:16,10.767438,106.6927451,https://images.unsplash.com/photo-1484723088339-32383369d5bb?q=80&w=600
10,14418,2026-04-26T17:12:16,10.7740117,106.6973898,https://images.unsplash.com/photo-1565299624946-b28f40a0ae38?q=80&w=600
22,16741,2026-04-26T17:12:16,10.7588579,106.6717884,https://images.unsplash.com/photo-1546069901-ba9599a7e63c?q=80&w=600
14,7980,2026-04-26T17:12:16,10.7623001,106.6684262,https://images.unsplash.com/photo-1546069901-ba9599a7e63c?q=80&w=600
28,16049,2026-04-26T17:12:16,10.8010357,106.685269,https://images.unsplash.com/photo-1555939594-58d7cb561ad1?q=80&w=600
27,5061,2026-04-26T17:12:16,10.775821,106.6671148,https://images.unsplash.com/photo-1567620905732-2d1ec7bb7445?q=80&w=600
13,5682,2026-04-26T17:12:16,10.769362,106.6902884,https://images.unsplash.com/photo-1555939594-58d7cb561ad1?q=80&w=600
33,16778,2026-04-26T17:12:16,10.7481734,106.7002663,https://images.unsplash.com/photo-1565299624946-b28f40a0ae38?q=80&w=600
26,13943,2026-04-26T17:12:16,10.761144,106.6742486,https://images.unsplash.com/photo-1512621776951-a57141f2eefd?q=80&w=600
1,11760,2026-04-26T17:12:16,10.7828693,106.7515473,https://images.unsplash.com/photo-1484723088339-32383369d5bb?q=80&w=600
11,2824,2026-04-26T18:12:16,10.7698049,106.6867841,https://images.unsplash.com/photo-1546069901-ba9599a7e63c?q=80&w=600
2,14132,2026-04-26T18:12:16,10.7743273,106.700606,https://images.unsplash.com/photo-1546069901-ba9599a7e63c?q=80&w=600
16,8968,2026-04-26T18:12:16,10.8066273,106.7346616,https://images.unsplash.com/photo-1482049016688-2d3e1b311543?q=80&w=600
31,12914,2026-04-26T18:12:16,10.7609741,106.6314602,https://images.unsplash.com/photo-1565299624946-b28f40a0ae38?q=80&w=600
1,561,2026-04-26T18:54:02,10.7776676,106.7044489,https://images.unsplash.com/photo-1582878826629-29b7ad1cdc43?w=200
7,8884,2026-04-26T19:12:16,10.7947,106.7216165,https://images.unsplash.com/photo-1484723088339-32383369d5bb?q=80&w=600
28,15303,2026-04-26T19:12:16,10.7732977,106.7019193,https://images.unsplash.com/photo-1484723088339-32383369d5bb?q=80&w=600
22,12934,2026-04-26T19:12:16,10.790461,106.6843176,https://images.unsplash.com/photo-1540189549336-e6e99c3679fe?q=80&w=600
20,13977,2026-04-26T19:12:16,10.7901419,106.6840807,https://images.unsplash.com/photo-1482049016688-2d3e1b311543?q=80&w=600
10,161,2026-04-26T19:12:16,10.755919,106.676499,https://images.unsplash.com/photo-1582878826629-29b7ad1cdc43?w=200
33,16259,2026-04-26T20:12:16,10.7517208,106.6627352,https://images.unsplash.com/photo-1565299624946-b28f40a0ae38?q=80&w=600
33,541,2026-04-26T20:12:16,10.847489,106.7693458,https://images.unsplash.com/photo-1582878826629-29b7ad1cdc43?w=200
32,3290,2026-04-26T20:12:16,10.7886408,106.6992852,https://images.unsplash.com/photo-1555939594-58d7cb561ad1?q=80&w=600
23,301,2026-04-26T20:12:16,10.721758,106.7118871,https://images.unsplash.com/photo-1582878826629-29b7ad1cdc43?w=200
3,413,2026-04-26T20:12:16,10.7297012,106.7218723,https://images.unsplash.com/photo-1582878826629-29b7ad1cdc43?w=200
33,93,2026-04-26T21:12:16,10.7662887,106.7077614,https://images.unsplash.com/photo-1582878826629-29b7ad1cdc43?w=200
16,5100,2026-04-26T21:12:16,10.77042,106.6695789,https://images.unsplash.com/photo-1482049016688-2d3e1b311543?q=80&w=600
16,8264,2026-04-26T21:12:16,10.7724791,106.7039146,https://images.unsplash.com/photo-1484723088339-32383369d5bb?q=80&w=600
34,16069,2026-04-26T21:12:16,10.7634316,106.7036329,https://images.unsplash.com/photo-1546069901-ba9599a7e63c?q=80&w=600
23,15934,2026-04-26T21:12:16,10.7920949,106.7306998,https://images.unsplash.com/photo-1546069901-ba9599a7e63c?q=80&w=600
3,6694,2026-04-26T21:12:16,10.7734232,106.6976926,https://images.unsplash.com/photo-1482049016688-2d3e1b311543?q=80&w=600
8,16582,2026-04-26T21:12:16,10.7646988,106.7050879,https://images.unsplash.com/photo-1555939594-58d7cb561ad1?q=80&w=600
1,5602,2026-04-26T21:12:16,10.7644192,106.6952576,https://images.unsplash.com/photo-1567620905732-2d1ec7bb7445?q=80&w=600
28,15608,2026-04-26T22:12:16,10.8619818,106.602872,https://images.unsplash.com/photo-1555939594-58d7cb561ad1?q=80&w=600
17,16049,2026-04-26T22:12:16,10.8010357,106.685269,https://images.unsplash.com/photo-1555939594-58d7cb561ad1?q=80&w=600
23,15262,2026-04-26T22:12:16,10.7748387,106.7003476,https://images.unsplash.com/photo-1565299624946-b28f40a0ae38?q=80&w=600
31,5211,2026-04-26T22:12:16,10.7707915,106.6696728,https://images.unsplash.com/photo-1567620905732-2d1ec7bb7445?q=80&w=600
10,7274,2026-04-26T22:12:16,10.7674083,106.6407815,https://images.unsplash.com/photo-1567620905732-2d1ec7bb7445?q=80&w=600
18,14377,2026-04-26T22:12:16,10.7751942,106.6895763,https://images.unsplash.com/photo-1540189549336-e6e99c3679fe?q=80&w=600
8,3071,2026-04-26T22:12:16,10.7553081,106.6736944,https://images.unsplash.com/photo-1484723088339-32383369d5bb?q=80&w=600
26,13734,2026-04-26T23:12:16,10.7209365,106.7272083,https://images.unsplash.com/photo-1484723088339-32383369d5bb?q=80&w=600
13,13602,2026-04-26T23:12:16,10.8040864,106.6906911,https://images.unsplash.com/photo-1565299624946-b28f40a0ae38?q=80&w=600
3,11286,2026-04-26T23:12:16,10.7785205,106.6622798,https://images.unsplash.com/photo-1546069901-ba9599a7e63c?q=80&w=600
17,16087,2026-04-26T23:12:16,10.7917587,106.6909826,https://images.unsplash.com/photo-1565299624946-b28f40a0ae38?q=80&w=600
29,113,2026-04-26T23:12:16,10.7718157,106.697747,https://images.unsplash.com/photo-1582878826629-29b7ad1cdc43?w=200
23,697,2026-04-26T23:12:16,10.8580302,106.608923,https://images.unsplash.com/photo-1582878826629-29b7ad1cdc43?w=200
6,9406,2026-04-26T23:12:16,10.8033867,106.7375382,https://images.unsplash.com/photo-1512621776951-a57141f2eefd?q=80&w=600
14,4642,2026-04-27T00:12:16,10.8321782,106.683014,https://images.unsplash.com/photo-1567620905732-2d1ec7bb7445?q=80&w=600
12,14436,2026-04-27T00:12:16,10.7907465,106.696988,https://images.unsplash.com/photo-1512621776951-a57141f2eefd?q=80&w=600
18,12652,2026-04-27T00:12:16,10.7976001,106.6835772,https://images.unsplash.com/photo-1540189549336-e6e99c3679fe?q=80&w=600
29,13331,2026-04-27T00:12:16,10.7981376,106.689783,https://images.unsplash.com/photo-1546069901-ba9599a7e63c?q=80&w=600
24,13581,2026-04-27T01:12:16,10.7027037,106.6545089,https://images.unsplash.com/photo-1546069901-ba9599a7e63c?q=80&w=600
3,5652,2026-04-27T01:12:16,10.7720975,106.6859856,https://images.unsplash.com/photo-1555939594-58d7cb561ad1?q=80&w=600
8,16573,2026-04-27T01:12:16,10.7672317,106.6791296,https://images.unsplash.com/photo-1565299624946-b28f40a0ae38?q=80&w=600
32,465,2026-04-27T01:12:16,10.7983638,106.6878608,https://images.unsplash.com/photo-1582878826629-29b7ad1cdc43?w=200
18,15291,2026-04-27T01:12:16,10.7691858,106.6933369,https://images.unsplash.com/photo-1484723088339-32383369d5bb?q=80&w=600
2,433,2026-04-27T02:12:16,10.788971,106.731403,https://images.unsplash.com/photo-1582878826629-29b7ad1cdc43?w=200
11,4803,2026-04-27T02:12:16,10.8970649,106.7630135,https://images.unsplash.com/photo-1565299624946-b28f40a0ae38?q=80&w=600
35,589,2026-04-27T02:12:16,10.7896047,106.6912995,https://images.unsplash.com/photo-1582878826629-29b7ad1cdc43?w=200
31,769,2026-04-27T02:12:16,10.8348937,106.6351138,https://images.unsplash.com/photo-1582878826629-29b7ad1cdc43?w=200
17,637,2026-04-27T02:12:16,10.7611535,106.6927466,https://images.unsplash.com/photo-1582878826629-29b7ad1cdc43?w=200
29,3708,2026-04-27T02:12:16,10.7990306,106.6863857,https://images.unsplash.com/photo-1546069901-ba9599a7e63c?q=80&w=600
15,12087,2026-04-27T02:12:16,10.804257,106.7444657,https://images.unsplash.com/photo-1540189549336-e6e99c3679fe?q=80&w=600
22,13,2026-04-27T03:12:16,10.7728736,106.7062835,https://images.unsplash.com/photo-1582878826629-29b7ad1cdc43?w=200
30,5730,2026-04-27T03:12:16,10.773632,106.668777,https://images.unsplash.com/photo-1555939594-58d7cb561ad1?q=80&w=600
17,14328,2026-04-27T03:12:16,10.7815689,106.674839,https://images.unsplash.com/photo-1567620905732-2d1ec7bb7445?q=80&w=600
24,3939,2026-04-27T03:12:16,10.8132471,106.6677124,https://images.unsplash.com/photo-1555939594-58d7cb561ad1?q=80&w=600
6,3046,2026-04-27T03:12:16,10.7977766,106.6892286,https://images.unsplash.com/photo-1567620905732-2d1ec7bb7445?q=80&w=600
29,729,2026-04-27T03:12:16,10.7292804,106.7061103,https://images.unsplash.com/photo-1582878826629-29b7ad1cdc43?w=200
35,245,2026-04-27T03:12:16,10.7783472,106.7038891,https://images.unsplash.com/photo-1582878826629-29b7ad1cdc43?w=200
12,8719,2026-04-27T03:12:16,10.7695678,106.6881981,https://images.unsplash.com/photo-1482049016688-2d3e1b311543?q=80&w=600
10,3508,2026-04-27T03:12:16,10.8512391,106.7541806,https://images.unsplash.com/photo-1512621776951-a57141f2eefd?q=80&w=600
8,9579,2026-04-27T03:12:16,10.7569381,106.6716432,https://images.unsplash.com/photo-1482049016688-2d3e1b311543?q=80&w=600
21,7121,2026-04-27T03:12:16,10.7864194,106.6658667,https://images.unsplash.com/photo-1546069901-ba9599a7e63c?q=80&w=600
11,7665,2026-04-27T04:12:16,10.7429836,106.6126471,https://images.unsplash.com/photo-1546069901-ba9599a7e63c?q=80&w=600
24,11005,2026-04-27T04:12:16,10.779387,106.7046164,https://images.unsplash.com/photo-1484723088339-32383369d5bb?q=80&w=600
11,793,2026-04-27T04:12:16,10.7740352,106.6970177,https://images.unsplash.com/photo-1582878826629-29b7ad1cdc43?w=200
6,433,2026-04-27T04:12:16,10.788971,106.731403,https://images.unsplash.com/photo-1582878826629-29b7ad1cdc43?w=200
9,9634,2026-04-27T04:12:16,10.7734792,106.7060951,https://images.unsplash.com/photo-1512621776951-a57141f2eefd?q=80&w=600
12,5975,2026-04-27T05:12:16,10.7523968,106.6671581,https://images.unsplash.com/photo-1512621776951-a57141f2eefd?q=80&w=600
35,6272,2026-04-27T05:12:16,10.7634372,106.6958344,https://images.unsplash.com/photo-1546069901-ba9599a7e63c?q=80&w=600
19,16573,2026-04-27T05:12:16,10.7672317,106.6791296,https://images.unsplash.com/photo-1565299624946-b28f40a0ae38?q=80&w=600
14,16039,2026-04-27T06:12:16,10.7528617,106.651994,https://images.unsplash.com/photo-1555939594-58d7cb561ad1?q=80&w=600
33,673,2026-04-27T06:12:16,10.7676305,106.7000487,https://images.unsplash.com/photo-1582878826629-29b7ad1cdc43?w=200
18,4442,2026-04-27T06:12:16,10.7868014,106.689046,https://images.unsplash.com/photo-1555939594-58d7cb561ad1?q=80&w=600
9,8375,2026-04-27T07:12:16,10.7673132,106.6909915,https://images.unsplash.com/photo-1546069901-ba9599a7e63c?q=80&w=600
9,10830,2026-04-27T07:12:16,10.7725346,106.6957833,https://images.unsplash.com/photo-1555939594-58d7cb561ad1?q=80&w=600
26,13931,2026-04-27T08:12:16,10.7719542,106.6723403,https://images.unsplash.com/photo-1567620905732-2d1ec7bb7445?q=80&w=600
11,8893,2026-04-27T08:12:16,10.7938955,106.7212617,https://images.unsplash.com/photo-1512621776951-a57141f2eefd?q=80&w=600
7,7519,2026-04-27T08:12:16,10.7749562,106.6979121,https://images.unsplash.com/photo-1555939594-58d7cb561ad1?q=80&w=600
32,5302,2026-04-27T08:12:16,10.7706334,106.6698981,https://images.unsplash.com/photo-1512621776951-a57141f2eefd?q=80&w=600
12,7174,2026-04-27T08:12:16,10.7788383,106.6981831,https://images.unsplash.com/photo-1482049016688-2d3e1b311543?q=80&w=600
22,13569,2026-04-27T08:12:16,10.7245847,106.6548508,https://images.unsplash.com/photo-1567620905732-2d1ec7bb7445?q=80&w=600
23,14021,2026-04-27T08:12:16,10.7726639,106.6057398,https://images.unsplash.com/photo-1484723088339-32383369d5bb?q=80&w=600
9,8916,2026-04-27T09:12:16,10.7419361,106.7099978,https://images.unsplash.com/photo-1540189549336-e6e99c3679fe?q=80&w=600
18,15129,2026-04-27T09:12:16,10.8609889,106.6791769,https://images.unsplash.com/photo-1565299624946-b28f40a0ae38?q=80&w=600
35,7999,2026-04-27T09:12:16,10.7923214,106.7089215,https://images.unsplash.com/photo-1512621776951-a57141f2eefd?q=80&w=600
2,16861,2026-04-27T09:12:16,10.757091,106.6217644,https://images.unsplash.com/photo-1555939594-58d7cb561ad1?q=80&w=600
22,3298,2026-04-27T09:12:16,10.7724373,106.6988409,https://images.unsplash.com/photo-1482049016688-2d3e1b311543?q=80&w=600
10,9642,2026-04-27T09:12:16,10.7737956,106.7045987,https://images.unsplash.com/photo-1565299624946-b28f40a0ae38?q=80&w=600
7,10978,2026-04-27T09:12:16,10.7798854,106.7056858,https://images.unsplash.com/photo-1512621776951-a57141f2eefd?q=80&w=600
35,393,2026-04-27T10:12:16,10.773364,106.702516,https://images.unsplash.com/photo-1582878826629-29b7ad1cdc43?w=200
6,15121,2026-04-27T10:12:16,10.7468863,106.7101619,https://images.unsplash.com/photo-1546069901-ba9599a7e63c?q=80&w=600
1,12248,2026-04-27T10:12:16,10.8037747,106.7282589,https://images.unsplash.com/photo-1540189549336-e6e99c3679fe?q=80&w=600
13,6302,2026-04-27T10:12:16,10.7961044,106.6238729,https://images.unsplash.com/photo-1565299624946-b28f40a0ae38?q=80&w=600
19,12779,2026-04-27T11:12:16,10.7703408,106.7020296,https://images.unsplash.com/photo-1555939594-58d7cb561ad1?q=80&w=600
22,13055,2026-04-27T11:12:16,10.7648395,106.6949177,https://images.unsplash.com/photo-1565299624946-b28f40a0ae38?q=80&w=600
20,11216,2026-04-27T11:12:16,10.7793435,106.7023879,https://images.unsplash.com/photo-1540189549336-e6e99c3679fe?q=80&w=600
6,429,2026-04-27T11:12:16,10.767854,106.686372,https://images.unsplash.com/photo-1582878826629-29b7ad1cdc43?w=200
26,4987,2026-04-27T11:12:16,10.7651333,106.6948075,https://images.unsplash.com/photo-1546069901-ba9599a7e63c?q=80&w=600
25,597,2026-04-27T12:12:16,10.7738554,106.7056571,https://images.unsplash.com/photo-1582878826629-29b7ad1cdc43?w=200
10,73,2026-04-27T12:12:16,10.7762829,106.7042247,https://images.unsplash.com/photo-1582878826629-29b7ad1cdc43?w=200
13,10253,2026-04-27T12:12:16,10.7937153,106.7217833,https://images.unsplash.com/photo-1484723088339-32383369d5bb?q=80&w=600
3,281,2026-04-27T12:12:16,10.7768577,106.7024065,https://images.unsplash.com/photo-1582878826629-29b7ad1cdc43?w=200
2,12370,2026-04-27T12:12:16,10.7801872,106.7044591,https://images.unsplash.com/photo-1482049016688-2d3e1b311543?q=80&w=600
13,4090,2026-04-27T12:12:16,10.7293411,106.7089901,https://images.unsplash.com/photo-1482049016688-2d3e1b311543?q=80&w=600
31,5294,2026-04-27T13:12:16,10.770889,106.6696084,https://images.unsplash.com/photo-1484723088339-32383369d5bb?q=80&w=600
1,11518,2026-04-27T13:12:16,10.7757731,106.7507657,https://images.unsplash.com/photo-1567620905732-2d1ec7bb7445?q=80&w=600
13,8501,2026-04-27T13:12:16,10.7734311,106.7026178,https://images.unsplash.com/photo-1565299624946-b28f40a0ae38?q=80&w=600
1,14319,2026-04-27T13:12:16,10.8031882,106.7320594,https://images.unsplash.com/photo-1482049016688-2d3e1b311543?q=80&w=600
21,8727,2026-04-27T13:12:16,10.7804743,106.691692,https://images.unsplash.com/photo-1540189549336-e6e99c3679fe?q=80&w=600
15,9579,2026-04-27T14:12:16,10.7569381,106.6716432,https://images.unsplash.com/photo-1482049016688-2d3e1b311543?q=80&w=600
28,6004,2026-04-27T14:12:16,10.7875452,106.7027718,https://images.unsplash.com/photo-1546069901-ba9599a7e63c?q=80&w=600
28,321,2026-04-27T14:12:16,10.7223325,106.7145425,https://images.unsplash.com/photo-1582878826629-29b7ad1cdc43?w=200
15,9698,2026-04-27T14:12:16,10.8032188,106.6914533,https://images.unsplash.com/photo-1546069901-ba9599a7e63c?q=80&w=600
22,14366,2026-04-27T14:12:16,10.776982,106.7038982,https://images.unsplash.com/photo-1482049016688-2d3e1b311543?q=80&w=600
2,589,2026-04-27T14:54:02,10.7896047,106.6912995,https://images.unsplash.com/photo-1582878826629-29b7ad1cdc43?w=200
16,97,2026-04-27T15:12:16,10.7602951,106.6991702,https://images.unsplash.com/photo-1582878826629-29b7ad1cdc43?w=200
25,681,2026-04-27T15:12:16,10.7691582,106.6912982,https://images.unsplash.com/photo-1582878826629-29b7ad1cdc43?w=200
9,16698,2026-04-27T15:12:16,10.7935352,106.6897081,https://images.unsplash.com/photo-1565299624946-b28f40a0ae38?q=80&w=600
7,10129,2026-04-27T15:12:16,10.7714689,106.692371,https://images.unsplash.com/photo-1546069901-ba9599a7e63c?q=80&w=600
8,12669,2026-04-27T15:12:16,10.8717396,106.6348632,https://images.unsplash.com/photo-1540189549336-e6e99c3679fe?q=80&w=600
6,13903,2026-04-27T15:12:16,10.806476,106.6777896,https://images.unsplash.com/photo-1512621776951-a57141f2eefd?q=80&w=600
20,345,2026-04-27T15:12:16,10.7274975,106.7084534,https://images.unsplash.com/photo-1582878826629-29b7ad1cdc43?w=200
33,9816,2026-04-27T15:12:16,10.8653427,106.7341423,https://images.unsplash.com/photo-1484723088339-32383369d5bb?q=80&w=600
6,3168,2026-04-27T15:12:16,10.7607921,106.7045826,https://images.unsplash.com/photo-1512621776951-a57141f2eefd?q=80&w=600
17,8806,2026-04-27T16:12:16,10.8233291,106.7194157,https://images.unsplash.com/photo-1512621776951-a57141f2eefd?q=80&w=600
19,12867,2026-04-27T16:12:16,10.768323,106.6950316,https://images.unsplash.com/photo-1482049016688-2d3e1b311543?q=80&w=600
24,7720,2026-04-27T16:12:16,10.743011,106.6122845,https://images.unsplash.com/photo-1565299624946-b28f40a0ae38?q=80&w=600
28,4688,2026-04-27T16:12:16,10.770467,106.6908778,https://images.unsplash.com/photo-1555939594-58d7cb561ad1?q=80&w=600
8,369,2026-04-27T16:12:16,10.7754055,106.7033338,https://images.unsplash.com/photo-1582878826629-29b7ad1cdc43?w=200
6,15446,2026-04-27T16:12:16,10.7557038,106.6694325,https://images.unsplash.com/photo-1546069901-ba9599a7e63c?q=80&w=600
23,3198,2026-04-27T16:12:16,10.7685706,106.6871539,https://images.unsplash.com/photo-1565299624946-b28f40a0ae38?q=80&w=600
16,9688,2026-04-27T16:12:16,10.7867383,106.7284183,https://images.unsplash.com/photo-1512621776951-a57141f2eefd?q=80&w=600
26,15189,2026-04-27T17:12:16,10.7955025,106.7100983,https://images.unsplash.com/photo-1484723088339-32383369d5bb?q=80&w=600
17,3821,2026-04-27T17:12:16,10.7682015,106.69456,https://images.unsplash.com/photo-1546069901-ba9599a7e63c?q=80&w=600
18,9427,2026-04-27T17:12:16,10.801575,106.7378091,https://images.unsplash.com/photo-1555939594-58d7cb561ad1?q=80&w=600
26,181,2026-04-27T17:12:16,10.7805082,106.7057315,https://images.unsplash.com/photo-1582878826629-29b7ad1cdc43?w=200
3,11818,2026-04-27T17:12:16,10.7753287,106.7504144,https://images.unsplash.com/photo-1565299624946-b28f40a0ae38?q=80&w=600
10,4215,2026-04-27T17:12:16,10.7909994,106.664387,https://images.unsplash.com/photo-1555939594-58d7cb561ad1?q=80&w=600
21,11391,2026-04-27T17:12:16,10.7892476,106.7532788,https://images.unsplash.com/photo-1567620905732-2d1ec7bb7445?q=80&w=600
33,6392,2026-04-27T17:12:16,10.7838758,106.6779339,https://images.unsplash.com/photo-1565299624946-b28f40a0ae38?q=80&w=600
13,15619,2026-04-27T18:12:16,10.7849714,106.6998924,https://images.unsplash.com/photo-1540189549336-e6e99c3679fe?q=80&w=600
20,12585,2026-04-27T18:12:16,10.7699939,106.6513127,https://images.unsplash.com/photo-1512621776951-a57141f2eefd?q=80&w=600
3,16909,2026-04-27T18:12:16,10.8687795,106.6338306,https://images.unsplash.com/photo-1555939594-58d7cb561ad1?q=80&w=600
31,8744,2026-04-27T18:12:16,10.7114353,106.7077717,https://images.unsplash.com/photo-1546069901-ba9599a7e63c?q=80&w=600
19,12065,2026-04-27T19:12:16,10.7618912,106.6961881,https://images.unsplash.com/photo-1484723088339-32383369d5bb?q=80&w=600
18,9146,2026-04-27T19:12:16,10.7754415,106.6873936,https://images.unsplash.com/photo-1567620905732-2d1ec7bb7445?q=80&w=600
30,9,2026-04-27T19:12:16,10.789502,106.711158,https://images.unsplash.com/photo-1582878826629-29b7ad1cdc43?w=200
2,12438,2026-04-27T20:12:16,10.7787238,106.688559,https://images.unsplash.com/photo-1546069901-ba9599a7e63c?q=80&w=600
6,405,2026-04-27T20:12:16,10.786249,106.676706,https://images.unsplash.com/photo-1582878826629-29b7ad1cdc43?w=200
26,15934,2026-04-27T20:12:16,10.7920949,106.7306998,https://images.unsplash.com/photo-1546069901-ba9599a7e63c?q=80&w=600
6,577,2026-04-27T20:12:16,10.7924466,106.6820018,https://images.unsplash.com/photo-1582878826629-29b7ad1cdc43?w=200
31,10870,2026-04-27T20:12:16,10.7797429,106.7049066,https://images.unsplash.com/photo-1512621776951-a57141f2eefd?q=80&w=600
23,153,2026-04-27T21:12:16,10.7838752,106.6992161,https://images.unsplash.com/photo-1582878826629-29b7ad1cdc43?w=200
13,4886,2026-04-27T21:12:16,10.7939164,106.6862258,https://images.unsplash.com/photo-1512621776951-a57141f2eefd?q=80&w=600
1,6640,2026-04-27T22:12:16,10.7588745,106.6714475,https://images.unsplash.com/photo-1484723088339-32383369d5bb?q=80&w=600
34,397,2026-04-27T22:12:16,10.776985,106.690347,https://images.unsplash.com/photo-1582878826629-29b7ad1cdc43?w=200
17,6780,2026-04-27T22:12:16,10.8014323,106.7450753,https://images.unsplash.com/photo-1565299624946-b28f40a0ae38?q=80&w=600
2,8692,2026-04-27T22:12:16,10.8824611,106.7592056,https://images.unsplash.com/photo-1482049016688-2d3e1b311543?q=80&w=600
35,7624,2026-04-27T23:12:16,10.7753468,106.689265,https://images.unsplash.com/photo-1567620905732-2d1ec7bb7445?q=80&w=600
10,289,2026-04-27T23:12:16,10.8553474,106.6280572,https://images.unsplash.com/photo-1582878826629-29b7ad1cdc43?w=200
32,4820,2026-04-27T23:12:16,10.7719432,106.7038158,https://images.unsplash.com/photo-1540189549336-e6e99c3679fe?q=80&w=600
19,13501,2026-04-27T23:12:16,10.7891497,106.7087594,https://images.unsplash.com/photo-1565299624946-b28f40a0ae38?q=80&w=600
30,9302,2026-04-27T23:12:16,10.7746398,106.6763674,https://images.unsplash.com/photo-1482049016688-2d3e1b311543?q=80&w=600
29,3551,2026-04-27T23:12:16,10.7746281,106.6982991,https://images.unsplash.com/photo-1540189549336-e6e99c3679fe?q=80&w=600
25,5555,2026-04-27T23:12:16,10.7843158,106.691878,https://images.unsplash.com/photo-1546069901-ba9599a7e63c?q=80&w=600
3,10102,2026-04-27T23:12:16,10.8389613,106.7672396,https://images.unsplash.com/photo-1512621776951-a57141f2eefd?q=80&w=600
12,545,2026-04-27T23:12:16,10.7777314,106.7045057,https://images.unsplash.com/photo-1582878826629-29b7ad1cdc43?w=200
18,6022,2026-04-27T23:12:16,10.762322,106.674923,https://images.unsplash.com/photo-1482049016688-2d3e1b311543?q=80&w=600
20,781,2026-04-28T00:12:16,10.7683337,106.6940202,https://images.unsplash.com/photo-1582878826629-29b7ad1cdc43?w=200
31,13124,2026-04-28T00:12:16,10.7611813,106.6304081,https://images.unsplash.com/photo-1567620905732-2d1ec7bb7445?q=80&w=600
28,16670,2026-04-28T00:12:16,10.7919566,106.660185,https://images.unsplash.com/photo-1555939594-58d7cb561ad1?q=80&w=600
25,5788,2026-04-28T00:12:16,10.7660671,106.6896212,https://images.unsplash.com/photo-1546069901-ba9599a7e63c?q=80&w=600
20,12128,2026-04-28T00:12:16,10.7920314,106.7302772,https://images.unsplash.com/photo-1567620905732-2d1ec7bb7445?q=80&w=600
6,15458,2026-04-28T00:12:16,10.7559957,106.6694462,https://images.unsplash.com/photo-1482049016688-2d3e1b311543?q=80&w=600
16,2900,2026-04-28T00:12:16,10.7731015,106.6994604,https://images.unsplash.com/photo-1482049016688-2d3e1b311543?q=80&w=600
8,7584,2026-04-28T00:12:16,10.7854466,106.7003797,https://images.unsplash.com/photo-1567620905732-2d1ec7bb7445?q=80&w=600
16,16682,2026-04-28T01:12:16,10.776502,106.6544594,https://images.unsplash.com/photo-1567620905732-2d1ec7bb7445?q=80&w=600
29,12047,2026-04-28T01:12:16,10.7778886,106.7539623,https://images.unsplash.com/photo-1540189549336-e6e99c3679fe?q=80&w=600
22,16850,2026-04-28T01:12:16,10.7540598,106.642465,https://images.unsplash.com/photo-1567620905732-2d1ec7bb7445?q=80&w=600
30,6034,2026-04-28T01:12:16,10.7620841,106.6751703,https://images.unsplash.com/photo-1555939594-58d7cb561ad1?q=80&w=600
19,5014,2026-04-28T01:12:16,10.7769262,106.6993038,https://images.unsplash.com/photo-1546069901-ba9599a7e63c?q=80&w=600
23,413,2026-04-28T01:12:16,10.7297012,106.7218723,https://images.unsplash.com/photo-1582878826629-29b7ad1cdc43?w=200
2,129,2026-04-28T01:54:02,10.7718553,106.6975823,https://images.unsplash.com/photo-1582878826629-29b7ad1cdc43?w=200
24,14836,2026-04-28T02:12:16,10.7955707,106.6664108,https://images.unsplash.com/photo-1567620905732-2d1ec7bb7445?q=80&w=600
29,8319,2026-04-28T02:12:16,10.7856978,106.6936699,https://images.unsplash.com/photo-1484723088339-32383369d5bb?q=80&w=600
9,15567,2026-04-28T02:12:16,10.7770609,106.6498106,https://images.unsplash.com/photo-1482049016688-2d3e1b311543?q=80&w=600
18,12528,2026-04-28T02:12:16,10.7687231,106.6781515,https://images.unsplash.com/photo-1512621776951-a57141f2eefd?q=80&w=600
35,7204,2026-04-28T02:12:16,10.7592259,106.6921641,https://images.unsplash.com/photo-1482049016688-2d3e1b311543?q=80&w=600
17,6249,2026-04-28T03:12:16,10.7619455,106.6935584,https://images.unsplash.com/photo-1567620905732-2d1ec7bb7445?q=80&w=600
31,3754,2026-04-28T03:12:16,10.7706899,106.6812507,https://images.unsplash.com/photo-1540189549336-e6e99c3679fe?q=80&w=600
27,161,2026-04-28T03:12:16,10.755919,106.676499,https://images.unsplash.com/photo-1582878826629-29b7ad1cdc43?w=200
22,757,2026-04-28T03:12:16,10.765984,106.6450274,https://images.unsplash.com/photo-1582878826629-29b7ad1cdc43?w=200
7,6362,2026-04-28T03:12:16,10.7947358,106.7212314,https://images.unsplash.com/photo-1482049016688-2d3e1b311543?q=80&w=600
19,7541,2026-04-28T03:12:16,10.7721763,106.6919054,https://images.unsplash.com/photo-1482049016688-2d3e1b311543?q=80&w=600
29,13216,2026-04-28T04:12:16,10.7840034,106.682138,https://images.unsplash.com/photo-1482049016688-2d3e1b311543?q=80&w=600
24,7496,2026-04-28T04:12:16,10.8061409,106.7352153,https://images.unsplash.com/photo-1482049016688-2d3e1b311543?q=80&w=600
26,5631,2026-04-28T04:12:16,10.767438,106.6927451,https://images.unsplash.com/photo-1484723088339-32383369d5bb?q=80&w=600
12,4746,2026-04-28T04:12:16,10.765998,106.6911254,https://images.unsplash.com/photo-1567620905732-2d1ec7bb7445?q=80&w=600
26,4238,2026-04-28T04:12:16,10.7277914,106.7105143,https://images.unsplash.com/photo-1482049016688-2d3e1b311543?q=80&w=600
15,6436,2026-04-28T05:12:16,10.7772881,106.7000639,https://images.unsplash.com/photo-1484723088339-32383369d5bb?q=80&w=600
10,7022,2026-04-28T05:12:16,10.7677746,106.6500879,https://images.unsplash.com/photo-1512621776951-a57141f2eefd?q=80&w=600
17,8928,2026-04-28T05:12:16,10.749873,106.6440891,https://images.unsplash.com/photo-1540189549336-e6e99c3679fe?q=80&w=600
17,14744,2026-04-28T05:12:16,10.8462053,106.7967492,https://images.unsplash.com/photo-1546069901-ba9599a7e63c?q=80&w=600
34,5533,2026-04-28T05:12:16,10.79259,106.70189,https://images.unsplash.com/photo-1546069901-ba9599a7e63c?q=80&w=600
13,10166,2026-04-28T06:12:16,10.7673838,106.6911045,https://images.unsplash.com/photo-1565299624946-b28f40a0ae38?q=80&w=600
20,3812,2026-04-28T07:12:16,10.7783736,106.6865896,https://images.unsplash.com/photo-1565299624946-b28f40a0ae38?q=80&w=600
35,8158,2026-04-28T07:12:16,10.7946714,106.7526081,https://images.unsplash.com/photo-1484723088339-32383369d5bb?q=80&w=600
26,16280,2026-04-28T07:12:16,10.7917746,106.7099884,https://images.unsplash.com/photo-1482049016688-2d3e1b311543?q=80&w=600
35,465,2026-04-28T07:12:16,10.7983638,106.6878608,https://images.unsplash.com/photo-1582878826629-29b7ad1cdc43?w=200
10,14065,2026-04-28T07:12:16,10.7751007,106.7006098,https://images.unsplash.com/photo-1484723088339-32383369d5bb?q=80&w=600
34,8660,2026-04-28T07:12:16,10.7762701,106.6913491,https://images.unsplash.com/photo-1484723088339-32383369d5bb?q=80&w=600
17,9344,2026-04-28T07:12:16,10.8201736,106.6913461,https://images.unsplash.com/photo-1555939594-58d7cb561ad1?q=80&w=600
19,10476,2026-04-28T07:12:16,10.7221433,106.7040654,https://images.unsplash.com/photo-1567620905732-2d1ec7bb7445?q=80&w=600
3,10158,2026-04-28T08:12:16,10.7718032,106.7029748,https://images.unsplash.com/photo-1567620905732-2d1ec7bb7445?q=80&w=600
2,16470,2026-04-28T08:12:16,10.7698146,106.6825162,https://images.unsplash.com/photo-1482049016688-2d3e1b311543?q=80&w=600
16,11178,2026-04-28T08:12:16,10.8167751,106.7289458,https://images.unsplash.com/photo-1540189549336-e6e99c3679fe?q=80&w=600
14,3328,2026-04-28T09:12:16,10.7712618,106.6301381,https://images.unsplash.com/photo-1540189549336-e6e99c3679fe?q=80&w=600
27,4111,2026-04-28T09:12:16,10.7332154,106.7086786,https://images.unsplash.com/photo-1512621776951-a57141f2eefd?q=80&w=600
31,8276,2026-04-28T10:12:16,10.7730705,106.7025314,https://images.unsplash.com/photo-1540189549336-e6e99c3679fe?q=80&w=600
21,14478,2026-04-28T10:12:16,10.7876478,106.6965101,https://images.unsplash.com/photo-1555939594-58d7cb561ad1?q=80&w=600
11,11026,2026-04-28T10:12:16,10.8234928,106.6936411,https://images.unsplash.com/photo-1555939594-58d7cb561ad1?q=80&w=600
2,317,2026-04-28T10:54:02,10.7275927,106.7195082,https://images.unsplash.com/photo-1582878826629-29b7ad1cdc43?w=200
19,4791,2026-04-28T11:12:16,10.7534575,106.673872,https://images.unsplash.com/photo-1565299624946-b28f40a0ae38?q=80&w=600
16,3939,2026-04-28T11:12:16,10.8132471,106.6677124,https://images.unsplash.com/photo-1555939594-58d7cb561ad1?q=80&w=600
32,5482,2026-04-28T11:12:16,10.7727313,106.6954152,https://images.unsplash.com/photo-1540189549336-e6e99c3679fe?q=80&w=600
13,5866,2026-04-28T11:12:16,10.7292807,106.7069753,https://images.unsplash.com/photo-1482049016688-2d3e1b311543?q=80&w=600
31,8253,2026-04-28T11:12:16,10.7741495,106.7042153,https://images.unsplash.com/photo-1565299624946-b28f40a0ae38?q=80&w=600
33,309,2026-04-28T11:12:16,10.7275634,106.7196653,https://images.unsplash.com/photo-1582878826629-29b7ad1cdc43?w=200
11,9521,2026-04-28T11:12:16,10.8010742,106.6706699,https://images.unsplash.com/photo-1482049016688-2d3e1b311543?q=80&w=600
2,7635,2026-04-28T11:12:16,10.7898332,106.7109547,https://images.unsplash.com/photo-1482049016688-2d3e1b311543?q=80&w=600
6,7951,2026-04-28T11:12:16,10.8028322,106.6842,https://images.unsplash.com/photo-1540189549336-e6e99c3679fe?q=80&w=600
23,8346,2026-04-28T11:12:16,10.7592442,106.692266,https://images.unsplash.com/photo-1482049016688-2d3e1b311543?q=80&w=600
27,5966,2026-04-28T11:12:16,10.7905235,106.7050922,https://images.unsplash.com/photo-1484723088339-32383369d5bb?q=80&w=600
25,10444,2026-04-28T11:12:16,10.7728199,106.7252577,https://images.unsplash.com/photo-1484723088339-32383369d5bb?q=80&w=600
9,3441,2026-04-28T12:12:16,10.7734967,106.6973611,https://images.unsplash.com/photo-1540189549336-e6e99c3679fe?q=80&w=600
1,9728,2026-04-28T12:12:16,10.7637701,106.6901925,https://images.unsplash.com/photo-1555939594-58d7cb561ad1?q=80&w=600
16,10230,2026-04-28T12:12:16,10.7512628,106.610537,https://images.unsplash.com/photo-1567620905732-2d1ec7bb7445?q=80&w=600
18,14744,2026-04-28T13:12:16,10.8462053,106.7967492,https://images.unsplash.com/photo-1546069901-ba9599a7e63c?q=80&w=600
21,10741,2026-04-28T13:12:16,10.7944095,106.6304338,https://images.unsplash.com/photo-1555939594-58d7cb561ad1?q=80&w=600
12,12457,2026-04-28T13:12:16,10.7984413,106.6861909,https://images.unsplash.com/photo-1546069901-ba9599a7e63c?q=80&w=600
20,10307,2026-04-28T13:12:16,10.7718136,106.654793,https://images.unsplash.com/photo-1482049016688-2d3e1b311543?q=80&w=600
24,6683,2026-04-28T13:12:16,10.7852403,106.702824,https://images.unsplash.com/photo-1565299624946-b28f40a0ae38?q=80&w=600
24,505,2026-04-28T13:12:16,10.7835575,106.6909915,https://images.unsplash.com/photo-1582878826629-29b7ad1cdc43?w=200
20,49,2026-04-28T13:12:16,10.8184173,106.7047992,https://images.unsplash.com/photo-1582878826629-29b7ad1cdc43?w=200
33,7701,2026-04-28T13:12:16,10.7427712,106.6122814,https://images.unsplash.com/photo-1484723088339-32383369d5bb?q=80&w=600
14,12128,2026-04-28T13:12:16,10.7920314,106.7302772,https://images.unsplash.com/photo-1567620905732-2d1ec7bb7445?q=80&w=600
11,161,2026-04-28T13:12:16,10.755919,106.676499,https://images.unsplash.com/photo-1582878826629-29b7ad1cdc43?w=200
30,5757,2026-04-28T14:12:16,10.7927472,106.6912041,https://images.unsplash.com/photo-1484723088339-32383369d5bb?q=80&w=600
33,597,2026-04-28T14:12:16,10.7738554,106.7056571,https://images.unsplash.com/photo-1582878826629-29b7ad1cdc43?w=200
35,10061,2026-04-28T15:12:16,10.8023199,106.7328377,https://images.unsplash.com/photo-1540189549336-e6e99c3679fe?q=80&w=600
15,14158,2026-04-28T15:12:16,10.8061069,106.7322612,https://images.unsplash.com/photo-1484723088339-32383369d5bb?q=80&w=600
19,10426,2026-04-28T15:12:16,10.7707914,106.7003549,https://images.unsplash.com/photo-1484723088339-32383369d5bb?q=80&w=600
29,8491,2026-04-28T16:12:16,10.7700564,106.7004318,https://images.unsplash.com/photo-1546069901-ba9599a7e63c?q=80&w=600
33,6956,2026-04-28T16:12:16,10.7848935,106.6992746,https://images.unsplash.com/photo-1512621776951-a57141f2eefd?q=80&w=600
30,6091,2026-04-28T16:12:16,10.7873192,106.690913,https://images.unsplash.com/photo-1565299624946-b28f40a0ae38?q=80&w=600
17,11933,2026-04-28T17:12:16,10.772611,106.7600534,https://images.unsplash.com/photo-1546069901-ba9599a7e63c?q=80&w=600
28,5100,2026-04-28T17:12:16,10.77042,106.6695789,https://images.unsplash.com/photo-1482049016688-2d3e1b311543?q=80&w=600
18,12393,2026-04-28T17:12:16,10.7797574,106.7073433,https://images.unsplash.com/photo-1555939594-58d7cb561ad1?q=80&w=600
32,4960,2026-04-28T17:12:16,10.7799558,106.7038817,https://images.unsplash.com/photo-1546069901-ba9599a7e63c?q=80&w=600
2,141,2026-04-28T17:12:16,10.7245881,106.7197193,https://images.unsplash.com/photo-1582878826629-29b7ad1cdc43?w=200
17,12520,2026-04-28T17:12:16,10.7689247,106.6778658,https://images.unsplash.com/photo-1567620905732-2d1ec7bb7445?q=80&w=600
13,16831,2026-04-28T18:12:16,10.7906815,106.6765064,https://images.unsplash.com/photo-1546069901-ba9599a7e63c?q=80&w=600
24,4791,2026-04-28T18:12:16,10.7534575,106.673872,https://images.unsplash.com/photo-1565299624946-b28f40a0ae38?q=80&w=600
15,10691,2026-04-28T18:12:16,10.7603485,106.6739513,https://images.unsplash.com/photo-1540189549336-e6e99c3679fe?q=80&w=600
13,5848,2026-04-28T18:12:16,10.7591014,106.6839301,https://images.unsplash.com/photo-1512621776951-a57141f2eefd?q=80&w=600
14,9227,2026-04-28T18:12:16,10.7718195,106.6956418,https://images.unsplash.com/photo-1540189549336-e6e99c3679fe?q=80&w=600
14,6898,2026-04-28T19:12:16,10.7745701,106.7026895,https://images.unsplash.com/photo-1555939594-58d7cb561ad1?q=80&w=600
18,2900,2026-04-28T19:12:16,10.7731015,106.6994604,https://images.unsplash.com/photo-1482049016688-2d3e1b311543?q=80&w=600
8,7692,2026-04-28T19:12:16,10.7428967,106.6127114,https://images.unsplash.com/photo-1512621776951-a57141f2eefd?q=80&w=600
21,15833,2026-04-28T19:12:16,10.8091398,106.6965285,https://images.unsplash.com/photo-1555939594-58d7cb561ad1?q=80&w=600
20,9899,2026-04-28T19:12:16,10.8236226,106.7318992,https://images.unsplash.com/photo-1484723088339-32383369d5bb?q=80&w=600
7,16393,2026-04-28T20:12:16,10.7679322,106.6716847,https://images.unsplash.com/photo-1555939594-58d7cb561ad1?q=80&w=600
27,4927,2026-04-28T20:12:16,10.7687422,106.6941956,https://images.unsplash.com/photo-1565299624946-b28f40a0ae38?q=80&w=600
25,3717,2026-04-28T20:12:16,10.7658624,106.6909327,https://images.unsplash.com/photo-1482049016688-2d3e1b311543?q=80&w=600
1,11440,2026-04-28T21:12:16,10.7281671,106.7180317,https://images.unsplash.com/photo-1565299624946-b28f40a0ae38?q=80&w=600
28,16670,2026-04-28T21:12:16,10.7919566,106.660185,https://images.unsplash.com/photo-1555939594-58d7cb561ad1?q=80&w=600
30,14727,2026-04-28T21:12:16,10.8467031,106.798902,https://images.unsplash.com/photo-1484723088339-32383369d5bb?q=80&w=600
8,15987,2026-04-28T21:12:16,10.7454011,106.6432055,https://images.unsplash.com/photo-1482049016688-2d3e1b311543?q=80&w=600
2,6965,2026-04-28T21:12:16,10.7600848,106.6859042,https://images.unsplash.com/photo-1512621776951-a57141f2eefd?q=80&w=600
23,6906,2026-04-28T21:12:16,10.8026438,106.7308607,https://images.unsplash.com/photo-1567620905732-2d1ec7bb7445?q=80&w=600
34,6772,2026-04-28T22:12:16,10.7739075,106.7701975,https://images.unsplash.com/photo-1540189549336-e6e99c3679fe?q=80&w=600
21,14559,2026-04-28T22:12:16,10.782228,106.6881372,https://images.unsplash.com/photo-1484723088339-32383369d5bb?q=80&w=600
34,12362,2026-04-28T22:12:16,10.7633275,106.690358,https://images.unsplash.com/photo-1565299624946-b28f40a0ae38?q=80&w=600
22,2867,2026-04-28T22:12:16,10.751774,106.71409,https://images.unsplash.com/photo-1546069901-ba9599a7e63c?q=80&w=600
33,6112,2026-04-28T22:12:16,10.7701374,106.6923417,https://images.unsplash.com/photo-1546069901-ba9599a7e63c?q=80&w=600
19,6313,2026-04-28T22:12:16,10.7932346,106.6445816,https://images.unsplash.com/photo-1565299624946-b28f40a0ae38?q=80&w=600
10,9062,2026-04-28T22:12:16,10.7766174,106.6890693,https://images.unsplash.com/photo-1555939594-58d7cb561ad1?q=80&w=600
31,10798,2026-04-28T22:12:16,10.7840441,106.6828024,https://images.unsplash.com/photo-1540189549336-e6e99c3679fe?q=80&w=600
9,7751,2026-04-28T22:12:16,10.7427913,106.6124337,https://images.unsplash.com/photo-1484723088339-32383369d5bb?q=80&w=600
2,15469,2026-04-28T22:12:16,10.7551849,106.6694082,https://images.unsplash.com/photo-1546069901-ba9599a7e63c?q=80&w=600
6,13,2026-04-28T22:12:16,10.7728736,106.7062835,https://images.unsplash.com/photo-1582878826629-29b7ad1cdc43?w=200
11,11864,2026-04-28T22:12:16,10.807217,106.6190595,https://images.unsplash.com/photo-1482049016688-2d3e1b311543?q=80&w=600
9,4090,2026-04-28T23:12:16,10.7293411,106.7089901,https://images.unsplash.com/photo-1482049016688-2d3e1b311543?q=80&w=600
21,4756,2026-04-28T23:12:16,10.7613958,106.6898965,https://images.unsplash.com/photo-1546069901-ba9599a7e63c?q=80&w=600
8,11991,2026-04-28T23:12:16,10.7246737,106.7093819,https://images.unsplash.com/photo-1555939594-58d7cb561ad1?q=80&w=600
7,8631,2026-04-28T23:12:16,10.7866761,106.6894166,https://images.unsplash.com/photo-1482049016688-2d3e1b311543?q=80&w=600
34,9332,2026-04-29T00:12:16,10.8212406,106.6980585,https://images.unsplash.com/photo-1482049016688-2d3e1b311543?q=80&w=600
22,15200,2026-04-29T00:12:16,10.7699115,106.6815759,https://images.unsplash.com/photo-1555939594-58d7cb561ad1?q=80&w=600
14,3896,2026-04-29T00:12:16,10.7776498,106.661955,https://images.unsplash.com/photo-1484723088339-32383369d5bb?q=80&w=600
12,217,2026-04-29T00:12:16,10.7780733,106.7039174,https://images.unsplash.com/photo-1582878826629-29b7ad1cdc43?w=200
25,5524,2026-04-29T00:12:16,10.7692726,106.6697555,https://images.unsplash.com/photo-1512621776951-a57141f2eefd?q=80&w=600
1,729,2026-04-29T00:54:02,10.7292804,106.7061103,https://images.unsplash.com/photo-1582878826629-29b7ad1cdc43?w=200
6,857,2026-04-29T01:08:41,10.7732882,106.7040253,https://images.unsplash.com/photo-1484723088339-32383369d5bb?q=80&w=600
7,9543,2026-04-29T01:12:16,10.7755305,106.7043576,https://images.unsplash.com/photo-1540189549336-e6e99c3679fe?q=80&w=600
25,13602,2026-04-29T01:12:16,10.8040864,106.6906911,https://images.unsplash.com/photo-1565299624946-b28f40a0ae38?q=80&w=600
24,16555,2026-04-29T01:12:16,10.7672264,106.6666144,https://images.unsplash.com/photo-1482049016688-2d3e1b311543?q=80&w=600
12,8756,2026-04-29T01:12:16,10.8006097,106.7007502,https://images.unsplash.com/photo-1482049016688-2d3e1b311543?q=80&w=600
35,8078,2026-04-29T01:12:16,10.7576354,106.687285,https://images.unsplash.com/photo-1484723088339-32383369d5bb?q=80&w=600
6,962,2026-04-29T01:27:41,10.778168,106.7037041,https://images.unsplash.com/photo-1567620905732-2d1ec7bb7445?q=80&w=600
7,1191,2026-04-29T01:27:41,10.767809,106.688677,https://images.unsplash.com/photo-1555939594-58d7cb561ad1?q=80&w=600
7,993,2026-04-29T01:41:41,10.7760297,106.7047293,https://images.unsplash.com/photo-1555939594-58d7cb561ad1?q=80&w=600
6,72,2026-04-29T01:46:41,10.7826304,106.6972822,https://images.unsplash.com/photo-1571328003758-4a3921661709?w=200
30,11247,2026-04-29T02:12:16,10.8429138,106.6534493,https://images.unsplash.com/photo-1482049016688-2d3e1b311543?q=80&w=600
26,11186,2026-04-29T02:12:16,10.7924146,106.6945777,https://images.unsplash.com/photo-1482049016688-2d3e1b311543?q=80&w=600
11,9941,2026-04-29T02:12:16,10.7891986,106.7174195,https://images.unsplash.com/photo-1555939594-58d7cb561ad1?q=80&w=600
28,8774,2026-04-29T02:12:16,10.7544659,106.6564135,https://images.unsplash.com/photo-1567620905732-2d1ec7bb7445?q=80&w=600
29,3272,2026-04-29T02:12:16,10.7455491,106.7158206,https://images.unsplash.com/photo-1555939594-58d7cb561ad1?q=80&w=600
33,7805,2026-04-29T03:12:16,10.7431074,106.6123298,https://images.unsplash.com/photo-1484723088339-32383369d5bb?q=80&w=600
13,16718,2026-04-29T03:12:16,10.776317,106.7239469,https://images.unsplash.com/photo-1484723088339-32383369d5bb?q=80&w=600
29,4403,2026-04-29T03:12:16,10.7782363,106.6990416,https://images.unsplash.com/photo-1546069901-ba9599a7e63c?q=80&w=600
22,4348,2026-04-29T04:12:16,10.7653734,106.6968847,https://images.unsplash.com/photo-1540189549336-e6e99c3679fe?q=80&w=600
24,10197,2026-04-29T04:12:16,10.889065,106.7756992,https://images.unsplash.com/photo-1484723088339-32383369d5bb?q=80&w=600
1,13447,2026-04-29T04:12:16,10.7355928,106.6931855,https://images.unsplash.com/photo-1555939594-58d7cb561ad1?q=80&w=600
30,6947,2026-04-29T04:12:16,10.7794535,106.680389,https://images.unsplash.com/photo-1512621776951-a57141f2eefd?q=80&w=600
32,4516,2026-04-29T04:12:16,10.7724389,106.7037699,https://images.unsplash.com/photo-1512621776951-a57141f2eefd?q=80&w=600
12,4080,2026-04-29T05:12:16,10.7302076,106.7078529,https://images.unsplash.com/photo-1540189549336-e6e99c3679fe?q=80&w=600
3,4791,2026-04-29T05:12:16,10.7534575,106.673872,https://images.unsplash.com/photo-1565299624946-b28f40a0ae38?q=80&w=600
11,769,2026-04-29T05:12:16,10.8348937,106.6351138,https://images.unsplash.com/photo-1582878826629-29b7ad1cdc43?w=200
1,10830,2026-04-29T05:12:16,10.7725346,106.6957833,https://images.unsplash.com/photo-1555939594-58d7cb561ad1?q=80&w=600
24,349,2026-04-29T05:12:16,10.7275224,106.7092126,https://images.unsplash.com/photo-1582878826629-29b7ad1cdc43?w=200
31,13557,2026-04-29T06:12:16,10.7846213,106.6228432,https://images.unsplash.com/photo-1546069901-ba9599a7e63c?q=80&w=600
33,349,2026-04-29T06:12:16,10.7275224,106.7092126,https://images.unsplash.com/photo-1582878826629-29b7ad1cdc43?w=200
8,6947,2026-04-29T06:12:16,10.7794535,106.680389,https://images.unsplash.com/photo-1512621776951-a57141f2eefd?q=80&w=600
10,6122,2026-04-29T06:12:16,10.7662615,106.6963583,https://images.unsplash.com/photo-1484723088339-32383369d5bb?q=80&w=600
19,870,2026-04-29T07:01:41,10.8062565,106.6949559,https://images.unsplash.com/photo-1565299624946-b28f40a0ae38?q=80&w=600
19,29,2026-04-29T07:07:41,10.8062565,106.6949559,https://images.unsplash.com/photo-1582878826629-29b7ad1cdc43?w=200
6,369,2026-04-29T07:12:16,10.7754055,106.7033338,https://images.unsplash.com/photo-1582878826629-29b7ad1cdc43?w=200
22,9193,2026-04-29T07:12:16,10.790053,106.6989515,https://images.unsplash.com/photo-1512621776951-a57141f2eefd?q=80&w=600
24,521,2026-04-29T07:12:16,10.7890805,106.6905927,https://images.unsplash.com/photo-1582878826629-29b7ad1cdc43?w=200
8,12652,2026-04-29T07:12:16,10.7976001,106.6835772,https://images.unsplash.com/photo-1540189549336-e6e99c3679fe?q=80&w=600
26,3477,2026-04-29T07:12:16,10.7705516,106.7044952,https://images.unsplash.com/photo-1484723088339-32383369d5bb?q=80&w=600
12,157,2026-04-29T07:12:16,10.767809,106.688677,https://images.unsplash.com/photo-1582878826629-29b7ad1cdc43?w=200
7,7530,2026-04-29T07:12:16,10.8034407,106.7323648,https://images.unsplash.com/photo-1540189549336-e6e99c3679fe?q=80&w=600
30,5721,2026-04-29T07:12:16,10.7736096,106.671824,https://images.unsplash.com/photo-1546069901-ba9599a7e63c?q=80&w=600
28,6947,2026-04-29T07:12:16,10.7794535,106.680389,https://images.unsplash.com/photo-1512621776951-a57141f2eefd?q=80&w=600
25,10633,2026-04-29T07:12:16,10.7274904,106.7103102,https://images.unsplash.com/photo-1546069901-ba9599a7e63c?q=80&w=600
19,941,2026-04-29T07:16:41,10.7666137,106.6922676,https://images.unsplash.com/photo-1540189549336-e6e99c3679fe?q=80&w=600
19,978,2026-04-29T07:20:41,10.7762829,106.7042247,https://images.unsplash.com/photo-1482049016688-2d3e1b311543?q=80&w=600
19,65,2026-04-29T07:26:41,10.778168,106.7037041,https://images.unsplash.com/photo-1582878826629-29b7ad1cdc43?w=200
8,41,2026-04-29T08:00:41,10.7684684,106.6938884,https://images.unsplash.com/photo-1582878826629-29b7ad1cdc43?w=200
24,1,2026-04-29T08:06:41,10.768208,106.6841501,https://images.unsplash.com/photo-1582878826629-29b7ad1cdc43?w=200
24,53,2026-04-29T08:11:41,10.8491522,106.6365739,https://images.unsplash.com/photo-1582878826629-29b7ad1cdc43?w=200
12,8948,2026-04-29T08:12:16,10.7613537,106.6687167,https://images.unsplash.com/photo-1512621776951-a57141f2eefd?q=80&w=600
2,7710,2026-04-29T08:12:16,10.7430273,106.6129532,https://images.unsplash.com/photo-1555939594-58d7cb561ad1?q=80&w=600
27,6640,2026-04-29T08:12:16,10.7588745,106.6714475,https://images.unsplash.com/photo-1484723088339-32383369d5bb?q=80&w=600
24,10830,2026-04-29T08:12:16,10.7725346,106.6957833,https://images.unsplash.com/photo-1555939594-58d7cb561ad1?q=80&w=600
24,15651,2026-04-29T08:12:16,10.7941947,106.7039132,https://images.unsplash.com/photo-1546069901-ba9599a7e63c?q=80&w=600
8,960,2026-04-29T08:12:41,10.778168,106.7037041,https://images.unsplash.com/photo-1567620905732-2d1ec7bb7445?q=80&w=600
16,55,2026-04-29T08:13:41,10.8491522,106.6365739,https://images.unsplash.com/photo-1541529086526-db283c563270?w=200
24,972,2026-04-29T08:27:41,10.7826304,106.6972822,https://images.unsplash.com/photo-1555939594-58d7cb561ad1?q=80&w=600
8,838,2026-04-29T08:30:41,10.7728736,106.7062835,https://images.unsplash.com/photo-1546069901-ba9599a7e63c?q=80&w=600
20,838,2026-04-29T08:36:41,10.7728736,106.7062835,https://images.unsplash.com/photo-1546069901-ba9599a7e63c?q=80&w=600
16,25,2026-04-29T08:43:41,10.8029924,106.6995844,https://images.unsplash.com/photo-1582878826629-29b7ad1cdc43?w=200
24,856,2026-04-29T08:45:41,10.7732882,106.7040253,https://images.unsplash.com/photo-1484723088339-32383369d5bb?q=80&w=600
16,25,2026-04-29T08:48:41,10.8029924,106.6995844,https://images.unsplash.com/photo-1582878826629-29b7ad1cdc43?w=200
16,819,2026-04-29T08:54:41,10.772698,106.7048299,https://images.unsplash.com/photo-1546069901-ba9599a7e63c?q=80&w=600
20,49,2026-04-29T08:57:41,10.8184173,106.7047992,https://images.unsplash.com/photo-1582878826629-29b7ad1cdc43?w=200
20,9970,2026-04-29T09:12:16,10.7833289,106.696445,https://images.unsplash.com/photo-1555939594-58d7cb561ad1?q=80&w=600
13,15338,2026-04-29T09:12:16,10.7816408,106.6947895,https://images.unsplash.com/photo-1484723088339-32383369d5bb?q=80&w=600
9,12894,2026-04-29T09:12:16,10.788854,106.6916879,https://images.unsplash.com/photo-1484723088339-32383369d5bb?q=80&w=600
33,4186,2026-04-29T09:12:16,10.7304964,106.7083692,https://images.unsplash.com/photo-1546069901-ba9599a7e63c?q=80&w=600
14,14744,2026-04-29T09:12:16,10.8462053,106.7967492,https://images.unsplash.com/photo-1546069901-ba9599a7e63c?q=80&w=600
30,12055,2026-04-29T10:12:16,10.777729,106.7525616,https://images.unsplash.com/photo-1540189549336-e6e99c3679fe?q=80&w=600
11,11461,2026-04-29T10:12:16,10.770807,106.6997189,https://images.unsplash.com/photo-1512621776951-a57141f2eefd?q=80&w=600
16,9362,2026-04-29T10:12:16,10.7786741,106.6650928,https://images.unsplash.com/photo-1565299624946-b28f40a0ae38?q=80&w=600
23,7195,2026-04-29T10:12:16,10.7779136,106.7019753,https://images.unsplash.com/photo-1546069901-ba9599a7e63c?q=80&w=600
26,11155,2026-04-29T10:12:16,10.7393725,106.7055365,https://images.unsplash.com/photo-1540189549336-e6e99c3679fe?q=80&w=600
25,11237,2026-04-29T10:12:16,10.7705085,106.6848355,https://images.unsplash.com/photo-1540189549336-e6e99c3679fe?q=80&w=600
16,2981,2026-04-29T10:12:16,10.7824237,106.6672365,https://images.unsplash.com/photo-1565299624946-b28f40a0ae38?q=80&w=600
25,14504,2026-04-29T10:12:16,10.7890424,106.6970289,https://images.unsplash.com/photo-1555939594-58d7cb561ad1?q=80&w=600
26,15514,2026-04-29T11:12:16,10.79102,106.6870059,https://images.unsplash.com/photo-1482049016688-2d3e1b311543?q=80&w=600
34,13557,2026-04-29T11:12:16,10.7846213,106.6228432,https://images.unsplash.com/photo-1546069901-ba9599a7e63c?q=80&w=600
14,45,2026-04-29T11:22:41,10.7917311,106.6915979,https://images.unsplash.com/photo-1582878826629-29b7ad1cdc43?w=200
21,15,2026-04-29T11:29:41,10.7728736,106.7062835,https://images.unsplash.com/photo-1541529086526-db283c563270?w=200
21,3,2026-04-29T11:35:41,10.768208,106.6841501,https://images.unsplash.com/photo-1541529086526-db283c563270?w=200
14,921,2026-04-29T11:40:41,10.8184173,106.7047992,https://images.unsplash.com/photo-1567620905732-2d1ec7bb7445?q=80&w=600
14,976,2026-04-29T11:47:41,10.7826304,106.6972822,https://images.unsplash.com/photo-1540189549336-e6e99c3679fe?q=80&w=600
21,945,2026-04-29T11:47:41,10.7666137,106.6922676,https://images.unsplash.com/photo-1540189549336-e6e99c3679fe?q=80&w=600
22,35,2026-04-29T12:01:41,10.767375,106.6941425,https://images.unsplash.com/photo-1541529086526-db283c563270?w=200
18,965,2026-04-29T12:06:41,10.778168,106.7037041,https://images.unsplash.com/photo-1512621776951-a57141f2eefd?q=80&w=600
18,846,2026-04-29T12:09:41,10.7807008,106.7067111,https://images.unsplash.com/photo-1567620905732-2d1ec7bb7445?q=80&w=600
26,10683,2026-04-29T12:12:16,10.7951714,106.6635739,https://images.unsplash.com/photo-1482049016688-2d3e1b311543?q=80&w=600
18,31,2026-04-29T12:16:41,10.8062565,106.6949559,https://images.unsplash.com/photo-1541529086526-db283c563270?w=200
18,921,2026-04-29T12:20:41,10.8184173,106.7047992,https://images.unsplash.com/photo-1567620905732-2d1ec7bb7445?q=80&w=600
22,19,2026-04-29T12:21:41,10.7807008,106.7067111,https://images.unsplash.com/photo-1541529086526-db283c563270?w=200
9,890,2026-04-29T12:23:41,10.7680337,106.6938158,https://images.unsplash.com/photo-1512621776951-a57141f2eefd?q=80&w=600
15,802,2026-04-29T12:30:41,10.768208,106.6841501,https://images.unsplash.com/photo-1546069901-ba9599a7e63c?q=80&w=600
9,79,2026-04-29T12:39:41,10.7760297,106.7047293,https://images.unsplash.com/photo-1541529086526-db283c563270?w=200
9,1006,2026-04-29T12:39:41,10.7754972,106.7007063,https://images.unsplash.com/photo-1540189549336-e6e99c3679fe?q=80&w=600
18,978,2026-04-29T12:40:41,10.7762829,106.7042247,https://images.unsplash.com/photo-1482049016688-2d3e1b311543?q=80&w=600
9,91,2026-04-29T12:41:41,10.7743953,106.7040996,https://images.unsplash.com/photo-1541529086526-db283c563270?w=200
11,853,2026-04-29T12:43:41,10.7732882,106.7040253,https://images.unsplash.com/photo-1567620905732-2d1ec7bb7445?q=80&w=600
11,839,2026-04-29T12:44:41,10.7807008,106.7067111,https://images.unsplash.com/photo-1555939594-58d7cb561ad1?q=80&w=600
15,831,2026-04-29T12:45:41,10.7728736,106.7062835,https://images.unsplash.com/photo-1484723088339-32383369d5bb?q=80&w=600
22,31,2026-04-29T12:47:41,10.8062565,106.6949559,https://images.unsplash.com/photo-1541529086526-db283c563270?w=200
22,846,2026-04-29T12:48:41,10.7807008,106.7067111,https://images.unsplash.com/photo-1567620905732-2d1ec7bb7445?q=80&w=600
9,939,2026-04-29T12:54:41,10.7666137,106.6922676,https://images.unsplash.com/photo-1567620905732-2d1ec7bb7445?q=80&w=600
11,31,2026-04-29T12:56:41,10.8062565,106.6949559,https://images.unsplash.com/photo-1541529086526-db283c563270?w=200
15,15148,2026-04-29T13:12:16,10.8207067,106.6872448,https://images.unsplash.com/photo-1565299624946-b28f40a0ae38?q=80&w=600
14,4547,2026-04-29T13:12:16,10.759614,106.6789833,https://images.unsplash.com/photo-1555939594-58d7cb561ad1?q=80&w=600
16,8989,2026-04-29T13:12:16,10.8120888,106.7126575,https://images.unsplash.com/photo-1546069901-ba9599a7e63c?q=80&w=600
29,15987,2026-04-29T14:12:16,10.7454011,106.6432055,https://images.unsplash.com/photo-1482049016688-2d3e1b311543?q=80&w=600
30,7102,2026-04-29T14:12:16,10.7831945,106.6784391,https://images.unsplash.com/photo-1555939594-58d7cb561ad1?q=80&w=600
12,10333,2026-04-29T14:12:16,10.7736329,106.6974832,https://images.unsplash.com/photo-1482049016688-2d3e1b311543?q=80&w=600
34,11933,2026-04-29T14:12:16,10.772611,106.7600534,https://images.unsplash.com/photo-1546069901-ba9599a7e63c?q=80&w=600
24,7283,2026-04-29T14:12:16,10.7554922,106.6735592,https://images.unsplash.com/photo-1555939594-58d7cb561ad1?q=80&w=600
23,5453,2026-04-29T14:12:16,10.8045082,106.7371682,https://images.unsplash.com/photo-1512621776951-a57141f2eefd?q=80&w=600
34,413,2026-04-29T14:12:16,10.7297012,106.7218723,https://images.unsplash.com/photo-1582878826629-29b7ad1cdc43?w=200
9,5572,2026-04-29T15:12:16,10.7608622,106.6987086,https://images.unsplash.com/photo-1565299624946-b28f40a0ae38?q=80&w=600
29,7485,2026-04-29T15:12:16,10.8038845,106.7371802,https://images.unsplash.com/photo-1565299624946-b28f40a0ae38?q=80&w=600
7,16300,2026-04-29T15:12:16,10.7864428,106.6894773,https://images.unsplash.com/photo-1512621776951-a57141f2eefd?q=80&w=600
18,2877,2026-04-29T15:12:16,10.8760796,106.755723,https://images.unsplash.com/photo-1484723088339-32383369d5bb?q=80&w=600
23,729,2026-04-29T15:12:16,10.7292804,106.7061103,https://images.unsplash.com/photo-1582878826629-29b7ad1cdc43?w=200
12,905,2026-04-29T16:03:41,10.7684684,106.6938884,https://images.unsplash.com/photo-1567620905732-2d1ec7bb7445?q=80&w=600
15,10426,2026-04-29T16:12:16,10.7707914,106.7003549,https://images.unsplash.com/photo-1484723088339-32383369d5bb?q=80&w=600
33,16917,2026-04-29T16:12:16,10.7993698,106.6300668,https://images.unsplash.com/photo-1512621776951-a57141f2eefd?q=80&w=600
6,14668,2026-04-29T16:12:16,10.867725,106.6819195,https://images.unsplash.com/photo-1512621776951-a57141f2eefd?q=80&w=600
23,5832,2026-04-29T16:12:16,10.7685143,106.6950275,https://images.unsplash.com/photo-1512621776951-a57141f2eefd?q=80&w=600
6,5100,2026-04-29T16:12:16,10.77042,106.6695789,https://images.unsplash.com/photo-1482049016688-2d3e1b311543?q=80&w=600
21,12290,2026-04-29T16:12:16,10.7835349,106.7010172,https://images.unsplash.com/photo-1555939594-58d7cb561ad1?q=80&w=600
12,918,2026-04-29T16:22:41,10.8184173,106.7047992,https://images.unsplash.com/photo-1555939594-58d7cb561ad1?q=80&w=600
12,932,2026-04-29T16:39:41,10.8491522,106.6365739,https://images.unsplash.com/photo-1546069901-ba9599a7e63c?q=80&w=600
32,4756,2026-04-29T17:12:16,10.7613958,106.6898965,https://images.unsplash.com/photo-1546069901-ba9599a7e63c?q=80&w=600
35,11970,2026-04-29T17:12:16,10.7276042,106.7124529,https://images.unsplash.com/photo-1482049016688-2d3e1b311543?q=80&w=600
22,14626,2026-04-29T17:12:16,10.8089617,106.7536087,https://images.unsplash.com/photo-1546069901-ba9599a7e63c?q=80&w=600
33,8335,2026-04-29T17:12:16,10.7700134,106.6913019,https://images.unsplash.com/photo-1482049016688-2d3e1b311543?q=80&w=600
21,4159,2026-04-29T17:12:16,10.8361498,106.6874281,https://images.unsplash.com/photo-1565299624946-b28f40a0ae38?q=80&w=600
20,3477,2026-04-29T17:12:16,10.7705516,106.7044952,https://images.unsplash.com/photo-1484723088339-32383369d5bb?q=80&w=600
10,11677,2026-04-29T18:12:16,10.7801263,106.7037071,https://images.unsplash.com/photo-1482049016688-2d3e1b311543?q=80&w=600
28,5089,2026-04-29T18:12:16,10.7705228,106.6694743,https://images.unsplash.com/photo-1512621776951-a57141f2eefd?q=80&w=600
3,15479,2026-04-29T18:12:16,10.7887704,106.697965,https://images.unsplash.com/photo-1484723088339-32383369d5bb?q=80&w=600
30,14170,2026-04-29T18:12:16,10.7329123,106.7066181,https://images.unsplash.com/photo-1555939594-58d7cb561ad1?q=80&w=600
14,5670,2026-04-29T18:12:16,10.8030402,106.7004654,https://images.unsplash.com/photo-1484723088339-32383369d5bb?q=80&w=600
10,918,2026-04-29T19:03:41,10.8184173,106.7047992,https://images.unsplash.com/photo-1555939594-58d7cb561ad1?q=80&w=600
10,938,2026-04-29T19:09:41,10.7666137,106.6922676,https://images.unsplash.com/photo-1512621776951-a57141f2eefd?q=80&w=600
10,866,2026-04-29T19:10:41,10.8029924,106.6995844,https://images.unsplash.com/photo-1484723088339-32383369d5bb?q=80&w=600
30,449,2026-04-29T19:12:16,10.8472007,106.770729,https://images.unsplash.com/photo-1582878826629-29b7ad1cdc43?w=200
25,8433,2026-04-29T19:12:16,10.7718561,106.6971119,https://images.unsplash.com/photo-1546069901-ba9599a7e63c?q=80&w=600
10,15,2026-04-29T19:12:41,10.7728736,106.7062835,https://images.unsplash.com/photo-1541529086526-db283c563270?w=200
10,25,2026-04-29T19:16:41,10.8029924,106.6995844,https://images.unsplash.com/photo-1582878826629-29b7ad1cdc43?w=200
23,839,2026-04-29T19:27:41,10.7807008,106.7067111,https://images.unsplash.com/photo-1555939594-58d7cb561ad1?q=80&w=600
23,1015,2026-04-29T19:48:41,10.7754764,106.6956779,https://images.unsplash.com/photo-1484723088339-32383369d5bb?q=80&w=600
11,7999,2026-04-29T20:12:16,10.7923214,106.7089215,https://images.unsplash.com/photo-1512621776951-a57141f2eefd?q=80&w=600
30,10830,2026-04-29T20:12:16,10.7725346,106.6957833,https://images.unsplash.com/photo-1555939594-58d7cb561ad1?q=80&w=600
11,4297,2026-04-29T20:12:16,10.8447666,106.7619204,https://images.unsplash.com/photo-1555939594-58d7cb561ad1?q=80&w=600
11,3886,2026-04-29T20:12:16,10.8021334,106.647557,https://images.unsplash.com/photo-1512621776951-a57141f2eefd?q=80&w=600
18,6867,2026-04-29T20:12:16,10.7677103,106.65255,https://images.unsplash.com/photo-1540189549336-e6e99c3679fe?q=80&w=600
7,6995,2026-04-29T20:12:16,10.7607643,106.6998257,https://images.unsplash.com/photo-1555939594-58d7cb561ad1?q=80&w=600
16,373,2026-04-29T20:12:16,10.7868712,106.7071606,https://images.unsplash.com/photo-1582878826629-29b7ad1cdc43?w=200
28,8039,2026-04-29T20:12:16,10.7632196,106.7002338,https://images.unsplash.com/photo-1567620905732-2d1ec7bb7445?q=80&w=600
10,6186,2026-04-29T20:12:16,10.7684298,106.7006584,https://images.unsplash.com/photo-1482049016688-2d3e1b311543?q=80&w=600
30,2939,2026-04-29T20:12:16,10.7696927,106.6977556,https://images.unsplash.com/photo-1565299624946-b28f40a0ae38?q=80&w=600
17,7,2026-04-29T20:32:41,10.772698,106.7048299,https://images.unsplash.com/photo-1541529086526-db283c563270?w=200
17,938,2026-04-29T20:44:41,10.7666137,106.6922676,https://images.unsplash.com/photo-1512621776951-a57141f2eefd?q=80&w=600
2,4391,2026-04-29T21:12:16,10.7839859,106.6922466,https://images.unsplash.com/photo-1512621776951-a57141f2eefd?q=80&w=600
34,15731,2026-04-29T21:12:16,10.7941894,106.7016856,https://images.unsplash.com/photo-1482049016688-2d3e1b311543?q=80&w=600
32,12096,2026-04-29T21:12:16,10.8844346,106.7832242,https://images.unsplash.com/photo-1540189549336-e6e99c3679fe?q=80&w=600
31,13167,2026-04-29T21:12:16,10.796845,106.6725132,https://images.unsplash.com/photo-1482049016688-2d3e1b311543?q=80&w=600
18,11065,2026-04-29T21:12:16,10.7728586,106.6952438,https://images.unsplash.com/photo-1540189549336-e6e99c3679fe?q=80&w=600
17,645,2026-04-29T22:12:16,10.794319,106.6779976,https://images.unsplash.com/photo-1582878826629-29b7ad1cdc43?w=200
17,341,2026-04-29T22:12:16,10.7302921,106.7095995,https://images.unsplash.com/photo-1582878826629-29b7ad1cdc43?w=200
29,14033,2026-04-29T22:12:16,10.7719743,106.6527068,https://images.unsplash.com/photo-1565299624946-b28f40a0ae38?q=80&w=600
3,10527,2026-04-29T22:12:16,10.7838673,106.6971695,https://images.unsplash.com/photo-1546069901-ba9599a7e63c?q=80&w=600
9,15896,2026-04-29T22:12:16,10.7688755,106.6847304,https://images.unsplash.com/photo-1565299624946-b28f40a0ae38?q=80&w=600
33,3659,2026-04-29T22:12:16,10.7720393,106.6973647,https://images.unsplash.com/photo-1555939594-58d7cb561ad1?q=80&w=600
20,12700,2026-04-29T22:12:16,10.7685456,106.6938887,https://images.unsplash.com/photo-1546069901-ba9599a7e63c?q=80&w=600
25,60,2026-04-29T23:04:41,10.7666137,106.6922676,https://images.unsplash.com/photo-1571328003758-4a3921661709?w=200
25,1159,2026-04-29T23:11:41,10.835471,106.765147,https://images.unsplash.com/photo-1546069901-ba9599a7e63c?q=80&w=600
27,5840,2026-04-29T23:12:16,10.7566626,106.6781801,https://images.unsplash.com/photo-1484723088339-32383369d5bb?q=80&w=600
16,12875,2026-04-29T23:12:16,10.783657,106.6879435,https://images.unsplash.com/photo-1482049016688-2d3e1b311543?q=80&w=600
31,517,2026-04-29T23:12:16,10.7882189,106.6916737,https://images.unsplash.com/photo-1582878826629-29b7ad1cdc43?w=200
13,1013,2026-04-29T23:32:41,10.7754764,106.6956779,https://images.unsplash.com/photo-1555939594-58d7cb561ad1?q=80&w=600
25,76,2026-04-29T23:35:41,10.7762829,106.7042247,https://images.unsplash.com/photo-1571328003758-4a3921661709?w=200
13,824,2026-04-29T23:44:41,10.789502,106.711158,https://images.unsplash.com/photo-1484723088339-32383369d5bb?q=80&w=600
13,26,2026-04-29T23:57:41,10.8029924,106.6995844,https://images.unsplash.com/photo-1513104890138-7c749659a591?w=200
28,3659,2026-04-30T00:12:16,10.7720393,106.6973647,https://images.unsplash.com/photo-1555939594-58d7cb561ad1?q=80&w=600
28,7903,2026-04-30T00:12:16,10.7430213,106.6123973,https://images.unsplash.com/photo-1540189549336-e6e99c3679fe?q=80&w=600
2,12934,2026-04-30T00:12:16,10.790461,106.6843176,https://images.unsplash.com/photo-1540189549336-e6e99c3679fe?q=80&w=600
33,5134,2026-04-30T00:12:16,10.7704121,106.6696513,https://images.unsplash.com/photo-1540189549336-e6e99c3679fe?q=80&w=600
29,5453,2026-04-30T00:12:16,10.8045082,106.7371682,https://images.unsplash.com/photo-1512621776951-a57141f2eefd?q=80&w=600
9,15129,2026-04-30T00:12:16,10.8609889,106.6791769,https://images.unsplash.com/photo-1565299624946-b28f40a0ae38?q=80&w=600
25,935,2026-04-30T00:16:41,10.7666137,106.6922676,https://images.unsplash.com/photo-1546069901-ba9599a7e63c?q=80&w=600
25,834,2026-04-30T00:20:41,10.7728736,106.7062835,https://images.unsplash.com/photo-1482049016688-2d3e1b311543?q=80&w=600
25,20,2026-04-30T00:26:41,10.7807008,106.7067111,https://images.unsplash.com/photo-1571328003758-4a3921661709?w=200
25,931,2026-04-30T00:42:41,10.8491522,106.6365739,https://images.unsplash.com/photo-1565299624946-b28f40a0ae38?q=80&w=600
25,815,2026-04-30T00:49:41,10.772698,106.7048299,https://images.unsplash.com/photo-1546069901-ba9599a7e63c?q=80&w=600
7,935,2026-04-30T01:00:41,10.7666137,106.6922676,https://images.unsplash.com/photo-1546069901-ba9599a7e63c?q=80&w=600
7,16,2026-04-30T01:11:41,10.7728736,106.7062835,https://images.unsplash.com/photo-1571328003758-4a3921661709?w=200
22,16594,2026-04-30T01:12:16,10.8012501,106.61765,https://images.unsplash.com/photo-1540189549336-e6e99c3679fe?q=80&w=600
10,6520,2026-04-30T01:12:16,10.7641797,106.6873551,https://images.unsplash.com/photo-1565299624946-b28f40a0ae38?q=80&w=600
23,9816,2026-04-30T01:12:16,10.8653427,106.7341423,https://images.unsplash.com/photo-1484723088339-32383369d5bb?q=80&w=600
7,84,2026-04-30T01:47:41,10.7754972,106.7007063,https://images.unsplash.com/photo-1571328003758-4a3921661709?w=200
7,1213,2026-04-30T01:55:41,10.78415,106.6975046,https://images.unsplash.com/photo-1482049016688-2d3e1b311543?q=80&w=600
21,5848,2026-04-30T02:12:16,10.7591014,106.6839301,https://images.unsplash.com/photo-1512621776951-a57141f2eefd?q=80&w=600
31,10325,2026-04-30T02:12:16,10.8057205,106.7145761,https://images.unsplash.com/photo-1546069901-ba9599a7e63c?q=80&w=600
20,3765,2026-04-30T02:12:16,10.7753264,106.6975453,https://images.unsplash.com/photo-1484723088339-32383369d5bb?q=80&w=600
14,15099,2026-04-30T02:12:16,10.8112557,106.6517136,https://images.unsplash.com/photo-1567620905732-2d1ec7bb7445?q=80&w=600
32,673,2026-04-30T03:12:16,10.7676305,106.7000487,https://images.unsplash.com/photo-1582878826629-29b7ad1cdc43?w=200
24,9283,2026-04-30T03:12:16,10.7990021,106.6555988,https://images.unsplash.com/photo-1565299624946-b28f40a0ae38?q=80&w=600
18,6425,2026-04-30T03:12:16,10.7922708,106.6958688,https://images.unsplash.com/photo-1546069901-ba9599a7e63c?q=80&w=600
6,9016,2026-04-30T03:12:16,10.7423839,106.6895503,https://images.unsplash.com/photo-1540189549336-e6e99c3679fe?q=80&w=600
23,14002,2026-04-30T04:12:16,10.7974751,106.6616964,https://images.unsplash.com/photo-1482049016688-2d3e1b311543?q=80&w=600
29,13283,2026-04-30T04:12:16,10.7920064,106.698333,https://images.unsplash.com/photo-1555939594-58d7cb561ad1?q=80&w=600
19,13427,2026-04-30T04:12:16,10.7162097,106.7300476,https://images.unsplash.com/photo-1565299624946-b28f40a0ae38?q=80&w=600
28,12382,2026-04-30T04:12:16,10.7798254,106.704975,https://images.unsplash.com/photo-1555939594-58d7cb561ad1?q=80&w=600
6,5168,2026-04-30T04:12:16,10.7706822,106.6699517,https://images.unsplash.com/photo-1540189549336-e6e99c3679fe?q=80&w=600
17,7971,2026-04-30T04:12:16,10.7587299,106.6527205,https://images.unsplash.com/photo-1540189549336-e6e99c3679fe?q=80&w=600
24,14656,2026-04-30T05:12:16,10.8668373,106.6811817,https://images.unsplash.com/photo-1565299624946-b28f40a0ae38?q=80&w=600
24,213,2026-04-30T05:12:16,10.844877,106.767471,https://images.unsplash.com/photo-1582878826629-29b7ad1cdc43?w=200
21,13252,2026-04-30T05:12:16,10.7712949,106.6501677,https://images.unsplash.com/photo-1546069901-ba9599a7e63c?q=80&w=600
23,517,2026-04-30T05:12:16,10.7882189,106.6916737,https://images.unsplash.com/photo-1582878826629-29b7ad1cdc43?w=200
24,41,2026-04-30T06:01:41,10.7684684,106.6938884,https://images.unsplash.com/photo-1582878826629-29b7ad1cdc43?w=200
24,45,2026-04-30T06:03:41,10.7917311,106.6915979,https://images.unsplash.com/photo-1582878826629-29b7ad1cdc43?w=200
24,894,2026-04-30T06:07:41,10.7680337,106.6938158,https://images.unsplash.com/photo-1512621776951-a57141f2eefd?q=80&w=600
7,13602,2026-04-30T06:12:16,10.8040864,106.6906911,https://images.unsplash.com/photo-1565299624946-b28f40a0ae38?q=80&w=600
3,10601,2026-04-30T06:12:16,10.7737014,106.7058682,https://images.unsplash.com/photo-1482049016688-2d3e1b311543?q=80&w=600
13,7283,2026-04-30T06:12:16,10.7554922,106.6735592,https://images.unsplash.com/photo-1555939594-58d7cb561ad1?q=80&w=600
7,11256,2026-04-30T06:12:16,10.7699832,106.6867286,https://images.unsplash.com/photo-1567620905732-2d1ec7bb7445?q=80&w=600
24,12747,2026-04-30T06:12:16,10.7434609,106.6483735,https://images.unsplash.com/photo-1567620905732-2d1ec7bb7445?q=80&w=600
24,884,2026-04-30T06:44:41,10.767375,106.6941425,https://images.unsplash.com/photo-1565299624946-b28f40a0ae38?q=80&w=600
24,927,2026-04-30T06:49:41,10.8491522,106.6365739,https://images.unsplash.com/photo-1565299624946-b28f40a0ae38?q=80&w=600
8,73,2026-04-30T07:04:41,10.7762829,106.7042247,https://images.unsplash.com/photo-1582878826629-29b7ad1cdc43?w=200
33,241,2026-04-30T07:12:16,10.7780081,106.7038501,https://images.unsplash.com/photo-1582878826629-29b7ad1cdc43?w=200
25,10373,2026-04-30T07:12:16,10.7842139,106.6963563,https://images.unsplash.com/photo-1512621776951-a57141f2eefd?q=80&w=600
31,7816,2026-04-30T07:12:16,10.7428039,106.6126558,https://images.unsplash.com/photo-1482049016688-2d3e1b311543?q=80&w=600
22,11295,2026-04-30T07:12:16,10.7689156,106.6983666,https://images.unsplash.com/photo-1565299624946-b28f40a0ae38?q=80&w=600
8,57,2026-04-30T07:21:41,10.7666137,106.6922676,https://images.unsplash.com/photo-1582878826629-29b7ad1cdc43?w=200
8,45,2026-04-30T07:40:41,10.7917311,106.6915979,https://images.unsplash.com/photo-1582878826629-29b7ad1cdc43?w=200
8,896,2026-04-30T07:48:41,10.7680337,106.6938158,https://images.unsplash.com/photo-1565299624946-b28f40a0ae38?q=80&w=600
17,1022,2026-04-30T08:11:41,10.7743953,106.7040996,https://images.unsplash.com/photo-1555939594-58d7cb561ad1?q=80&w=600
30,16798,2026-04-30T08:12:16,10.7683685,106.6933655,https://images.unsplash.com/photo-1482049016688-2d3e1b311543?q=80&w=600
23,53,2026-04-30T08:12:16,10.8491522,106.6365739,https://images.unsplash.com/photo-1582878826629-29b7ad1cdc43?w=200
17,2835,2026-04-30T08:12:16,10.7915811,106.7042222,https://images.unsplash.com/photo-1567620905732-2d1ec7bb7445?q=80&w=600
8,6456,2026-04-30T08:12:16,10.7299304,106.6763068,https://images.unsplash.com/photo-1482049016688-2d3e1b311543?q=80&w=600
6,9000,2026-04-30T08:12:16,10.7669719,106.7258121,https://images.unsplash.com/photo-1482049016688-2d3e1b311543?q=80&w=600
17,13417,2026-04-30T08:12:16,10.7977264,106.6678681,https://images.unsplash.com/photo-1540189549336-e6e99c3679fe?q=80&w=600
28,7398,2026-04-30T08:12:16,10.7776667,106.6787439,https://images.unsplash.com/photo-1540189549336-e6e99c3679fe?q=80&w=600
17,45,2026-04-30T08:18:41,10.7917311,106.6915979,https://images.unsplash.com/photo-1582878826629-29b7ad1cdc43?w=200
18,1023,2026-04-30T08:19:41,10.7743953,106.7040996,https://images.unsplash.com/photo-1484723088339-32383369d5bb?q=80&w=600
17,958,2026-04-30T08:22:41,10.778168,106.7037041,https://images.unsplash.com/photo-1482049016688-2d3e1b311543?q=80&w=600
12,941,2026-04-30T08:24:41,10.7666137,106.6922676,https://images.unsplash.com/photo-1540189549336-e6e99c3679fe?q=80&w=600
17,817,2026-04-30T08:25:41,10.772698,106.7048299,https://images.unsplash.com/photo-1512621776951-a57141f2eefd?q=80&w=600
18,975,2026-04-30T08:26:41,10.7826304,106.6972822,https://images.unsplash.com/photo-1512621776951-a57141f2eefd?q=80&w=600
18,835,2026-04-30T08:28:41,10.7728736,106.7062835,https://images.unsplash.com/photo-1484723088339-32383369d5bb?q=80&w=600
19,927,2026-04-30T08:30:41,10.8491522,106.6365739,https://images.unsplash.com/photo-1565299624946-b28f40a0ae38?q=80&w=600
20,838,2026-04-30T08:32:41,10.7728736,106.7062835,https://images.unsplash.com/photo-1546069901-ba9599a7e63c?q=80&w=600
17,939,2026-04-30T08:39:41,10.7666137,106.6922676,https://images.unsplash.com/photo-1567620905732-2d1ec7bb7445?q=80&w=600
18,41,2026-04-30T08:42:41,10.7684684,106.6938884,https://images.unsplash.com/photo-1582878826629-29b7ad1cdc43?w=200
18,980,2026-04-30T08:42:41,10.7762829,106.7042247,https://images.unsplash.com/photo-1540189549336-e6e99c3679fe?q=80&w=600
20,918,2026-04-30T08:50:41,10.8184173,106.7047992,https://images.unsplash.com/photo-1555939594-58d7cb561ad1?q=80&w=600
20,942,2026-04-30T08:51:41,10.7666137,106.6922676,https://images.unsplash.com/photo-1540189549336-e6e99c3679fe?q=80&w=600
12,83,2026-04-30T08:57:41,10.7754972,106.7007063,https://images.unsplash.com/photo-1541529086526-db283c563270?w=200
19,978,2026-04-30T08:59:41,10.7762829,106.7042247,https://images.unsplash.com/photo-1482049016688-2d3e1b311543?q=80&w=600
26,16129,2026-04-30T09:12:16,10.7944111,106.7087883,https://images.unsplash.com/photo-1484723088339-32383369d5bb?q=80&w=600
22,501,2026-04-30T09:12:16,10.7781609,106.6812448,https://images.unsplash.com/photo-1582878826629-29b7ad1cdc43?w=200
28,5168,2026-04-30T09:12:16,10.7706822,106.6699517,https://images.unsplash.com/photo-1540189549336-e6e99c3679fe?q=80&w=600
28,14268,2026-04-30T09:12:16,10.8030828,106.7318264,https://images.unsplash.com/photo-1484723088339-32383369d5bb?q=80&w=600
19,11600,2026-04-30T09:12:16,10.7747255,106.7510401,https://images.unsplash.com/photo-1555939594-58d7cb561ad1?q=80&w=600
10,11207,2026-04-30T09:12:16,10.7729783,106.7045114,https://images.unsplash.com/photo-1540189549336-e6e99c3679fe?q=80&w=600
1,3187,2026-04-30T09:12:16,10.7918435,106.6626874,https://images.unsplash.com/photo-1512621776951-a57141f2eefd?q=80&w=600
24,15823,2026-04-30T09:12:16,10.7568815,106.6852208,https://images.unsplash.com/photo-1482049016688-2d3e1b311543?q=80&w=600
14,4709,2026-04-30T09:12:16,10.7733218,106.7021836,https://images.unsplash.com/photo-1567620905732-2d1ec7bb7445?q=80&w=600
2,597,2026-04-30T10:12:16,10.7738554,106.7056571,https://images.unsplash.com/photo-1582878826629-29b7ad1cdc43?w=200
30,9081,2026-04-30T10:12:16,10.7792416,106.6989688,https://images.unsplash.com/photo-1540189549336-e6e99c3679fe?q=80&w=600
8,9302,2026-04-30T10:12:16,10.7746398,106.6763674,https://images.unsplash.com/photo-1482049016688-2d3e1b311543?q=80&w=600
21,890,2026-04-30T11:02:41,10.7680337,106.6938158,https://images.unsplash.com/photo-1512621776951-a57141f2eefd?q=80&w=600
11,890,2026-04-30T11:03:41,10.7680337,106.6938158,https://images.unsplash.com/photo-1512621776951-a57141f2eefd?q=80&w=600
21,953,2026-04-30T11:03:41,10.8184378,106.6990062,https://images.unsplash.com/photo-1540189549336-e6e99c3679fe?q=80&w=600
10,827,2026-04-30T11:04:41,10.789502,106.711158,https://images.unsplash.com/photo-1484723088339-32383369d5bb?q=80&w=600
11,945,2026-04-30T11:07:41,10.7666137,106.6922676,https://images.unsplash.com/photo-1540189549336-e6e99c3679fe?q=80&w=600
32,9949,2026-04-30T11:12:16,10.774512,106.704844,https://images.unsplash.com/photo-1484723088339-32383369d5bb?q=80&w=600
1,11333,2026-04-30T11:12:16,10.7887709,106.7531394,https://images.unsplash.com/photo-1540189549336-e6e99c3679fe?q=80&w=600
31,249,2026-04-30T11:12:16,10.7803707,106.7035032,https://images.unsplash.com/photo-1582878826629-29b7ad1cdc43?w=200
26,14245,2026-04-30T11:12:16,10.7864857,106.6942466,https://images.unsplash.com/photo-1567620905732-2d1ec7bb7445?q=80&w=600
10,15651,2026-04-30T11:12:16,10.7941947,106.7039132,https://images.unsplash.com/photo-1546069901-ba9599a7e63c?q=80&w=600
35,11076,2026-04-30T11:12:16,10.7900066,106.7023183,https://images.unsplash.com/photo-1540189549336-e6e99c3679fe?q=80&w=600
28,10798,2026-04-30T11:12:16,10.7840441,106.6828024,https://images.unsplash.com/photo-1540189549336-e6e99c3679fe?q=80&w=600
10,5757,2026-04-30T11:12:16,10.7927472,106.6912041,https://images.unsplash.com/photo-1484723088339-32383369d5bb?q=80&w=600
9,3508,2026-04-30T11:12:16,10.8512391,106.7541806,https://images.unsplash.com/photo-1512621776951-a57141f2eefd?q=80&w=600
12,16029,2026-04-30T11:12:16,10.752833,106.6521073,https://images.unsplash.com/photo-1555939594-58d7cb561ad1?q=80&w=600
10,827,2026-04-30T11:19:41,10.789502,106.711158,https://images.unsplash.com/photo-1484723088339-32383369d5bb?q=80&w=600
11,839,2026-04-30T11:19:41,10.7807008,106.7067111,https://images.unsplash.com/photo-1555939594-58d7cb561ad1?q=80&w=600
9,853,2026-04-30T11:20:41,10.7732882,106.7040253,https://images.unsplash.com/photo-1567620905732-2d1ec7bb7445?q=80&w=600
10,5,2026-04-30T11:20:41,10.772698,106.7048299,https://images.unsplash.com/photo-1582878826629-29b7ad1cdc43?w=200
9,964,2026-04-30T11:21:41,10.778168,106.7037041,https://images.unsplash.com/photo-1484723088339-32383369d5bb?q=80&w=600
10,917,2026-04-30T11:31:41,10.7917311,106.6915979,https://images.unsplash.com/photo-1482049016688-2d3e1b311543?q=80&w=600
9,3,2026-04-30T11:38:41,10.768208,106.6841501,https://images.unsplash.com/photo-1541529086526-db283c563270?w=200
21,890,2026-04-30T11:43:41,10.7680337,106.6938158,https://images.unsplash.com/photo-1512621776951-a57141f2eefd?q=80&w=600
11,932,2026-04-30T11:47:41,10.8491522,106.6365739,https://images.unsplash.com/photo-1546069901-ba9599a7e63c?q=80&w=600
10,91,2026-04-30T11:58:41,10.7743953,106.7040996,https://images.unsplash.com/photo-1541529086526-db283c563270?w=200
22,79,2026-04-30T12:01:41,10.7760297,106.7047293,https://images.unsplash.com/photo-1541529086526-db283c563270?w=200
22,43,2026-04-30T12:10:41,10.7684684,106.6938884,https://images.unsplash.com/photo-1541529086526-db283c563270?w=200
22,71,2026-04-30T12:11:41,10.7826304,106.6972822,https://images.unsplash.com/photo-1541529086526-db283c563270?w=200
11,16108,2026-04-30T12:12:16,10.8377676,106.6365506,https://images.unsplash.com/photo-1484723088339-32383369d5bb?q=80&w=600
17,3896,2026-04-30T12:12:16,10.7776498,106.661955,https://images.unsplash.com/photo-1484723088339-32383369d5bb?q=80&w=600
17,3319,2026-04-30T12:12:16,10.7399582,106.702491,https://images.unsplash.com/photo-1546069901-ba9599a7e63c?q=80&w=600
22,75,2026-04-30T12:12:41,10.7762829,106.7042247,https://images.unsplash.com/photo-1541529086526-db283c563270?w=200
15,942,2026-04-30T13:01:41,10.7666137,106.6922676,https://images.unsplash.com/photo-1540189549336-e6e99c3679fe?q=80&w=600
15,1006,2026-04-30T13:07:41,10.7754972,106.7007063,https://images.unsplash.com/photo-1540189549336-e6e99c3679fe?q=80&w=600
29,11155,2026-04-30T13:12:16,10.7393725,106.7055365,https://images.unsplash.com/photo-1540189549336-e6e99c3679fe?q=80&w=600
15,965,2026-04-30T13:12:41,10.778168,106.7037041,https://images.unsplash.com/photo-1512621776951-a57141f2eefd?q=80&w=600
15,890,2026-04-30T13:49:41,10.7680337,106.6938158,https://images.unsplash.com/photo-1512621776951-a57141f2eefd?q=80&w=600
32,733,2026-04-30T14:12:16,10.7875158,106.6633102,https://images.unsplash.com/photo-1582878826629-29b7ad1cdc43?w=200
34,16882,2026-04-30T14:12:16,10.7570669,106.6219189,https://images.unsplash.com/photo-1512621776951-a57141f2eefd?q=80&w=600
30,13512,2026-04-30T14:12:16,10.7457107,106.635402,https://images.unsplash.com/photo-1565299624946-b28f40a0ae38?q=80&w=600
31,16789,2026-04-30T14:12:16,10.7666041,106.6609185,https://images.unsplash.com/photo-1540189549336-e6e99c3679fe?q=80&w=600
14,839,2026-04-30T14:37:41,10.7807008,106.7067111,https://images.unsplash.com/photo-1555939594-58d7cb561ad1?q=80&w=600
14,63,2026-04-30T14:50:41,10.8184378,106.6990062,https://images.unsplash.com/photo-1541529086526-db283c563270?w=200
12,3698,2026-04-30T15:12:16,10.7682032,106.694152,https://images.unsplash.com/photo-1484723088339-32383369d5bb?q=80&w=600
26,11125,2026-04-30T15:12:16,10.7648051,106.7040088,https://images.unsplash.com/photo-1484723088339-32383369d5bb?q=80&w=600
18,5078,2026-04-30T15:12:16,10.7705728,106.6694099,https://images.unsplash.com/photo-1482049016688-2d3e1b311543?q=80&w=600
33,11874,2026-04-30T15:12:16,10.777571,106.7514876,https://images.unsplash.com/photo-1567620905732-2d1ec7bb7445?q=80&w=600
2,3298,2026-04-30T15:12:16,10.7724373,106.6988409,https://images.unsplash.com/photo-1482049016688-2d3e1b311543?q=80&w=600
19,4950,2026-04-30T15:12:16,10.768706,106.6942217,https://images.unsplash.com/photo-1512621776951-a57141f2eefd?q=80&w=600
32,9907,2026-04-30T15:12:16,10.8377935,106.7021763,https://images.unsplash.com/photo-1512621776951-a57141f2eefd?q=80&w=600
2,11518,2026-04-30T15:12:16,10.7757731,106.7507657,https://images.unsplash.com/photo-1567620905732-2d1ec7bb7445?q=80&w=600
10,10798,2026-04-30T15:12:16,10.7840441,106.6828024,https://images.unsplash.com/photo-1540189549336-e6e99c3679fe?q=80&w=600
14,9036,2026-04-30T16:12:16,10.7868339,106.6976992,https://images.unsplash.com/photo-1482049016688-2d3e1b311543?q=80&w=600
3,14744,2026-04-30T16:12:16,10.8462053,106.7967492,https://images.unsplash.com/photo-1546069901-ba9599a7e63c?q=80&w=600
31,8058,2026-04-30T16:12:16,10.7594098,106.6987798,https://images.unsplash.com/photo-1567620905732-2d1ec7bb7445?q=80&w=600
21,425,2026-04-30T16:12:16,10.7744186,106.6716617,https://images.unsplash.com/photo-1582878826629-29b7ad1cdc43?w=200
2,10197,2026-04-30T16:12:16,10.889065,106.7756992,https://images.unsplash.com/photo-1484723088339-32383369d5bb?q=80&w=600
16,2888,2026-04-30T16:12:16,10.771263,106.7024191,https://images.unsplash.com/photo-1567620905732-2d1ec7bb7445?q=80&w=600
23,47,2026-04-30T17:08:41,10.7917311,106.6915979,https://images.unsplash.com/photo-1541529086526-db283c563270?w=200
19,9591,2026-04-30T17:12:16,10.8416611,106.6147039,https://images.unsplash.com/photo-1567620905732-2d1ec7bb7445?q=80&w=600
12,15914,2026-04-30T17:12:16,10.775463,106.6872055,https://images.unsplash.com/photo-1546069901-ba9599a7e63c?q=80&w=600
11,7624,2026-04-30T17:12:16,10.7753468,106.689265,https://images.unsplash.com/photo-1567620905732-2d1ec7bb7445?q=80&w=600
23,7,2026-04-30T17:40:41,10.772698,106.7048299,https://images.unsplash.com/photo-1541529086526-db283c563270?w=200
23,95,2026-04-30T17:58:41,10.7662887,106.7077614,https://images.unsplash.com/photo-1541529086526-db283c563270?w=200
23,876,2026-04-30T17:59:41,10.8062565,106.6949559,https://images.unsplash.com/photo-1482049016688-2d3e1b311543?q=80&w=600
24,4672,2026-04-30T18:12:16,10.8397747,106.7667626,https://images.unsplash.com/photo-1540189549336-e6e99c3679fe?q=80&w=600
31,6915,2026-04-30T18:12:16,10.7634989,106.6906117,https://images.unsplash.com/photo-1540189549336-e6e99c3679fe?q=80&w=600
15,457,2026-04-30T18:12:16,10.8475454,106.7686038,https://images.unsplash.com/photo-1582878826629-29b7ad1cdc43?w=200
20,7604,2026-04-30T18:12:16,10.7700723,106.6811389,https://images.unsplash.com/photo-1512621776951-a57141f2eefd?q=80&w=600
23,8118,2026-04-30T18:12:16,10.7882694,106.6956305,https://images.unsplash.com/photo-1565299624946-b28f40a0ae38?q=80&w=600
3,6014,2026-04-30T19:12:16,10.7425162,106.6357323,https://images.unsplash.com/photo-1512621776951-a57141f2eefd?q=80&w=600
21,16129,2026-04-30T19:12:16,10.7944111,106.7087883,https://images.unsplash.com/photo-1484723088339-32383369d5bb?q=80&w=600
22,16270,2026-04-30T20:12:16,10.8000008,106.6525802,https://images.unsplash.com/photo-1512621776951-a57141f2eefd?q=80&w=600
29,6374,2026-04-30T20:12:16,10.7951159,106.7219333,https://images.unsplash.com/photo-1484723088339-32383369d5bb?q=80&w=600
29,8822,2026-04-30T20:12:16,10.8234577,106.719371,https://images.unsplash.com/photo-1555939594-58d7cb561ad1?q=80&w=600
16,918,2026-04-30T20:31:41,10.8184173,106.7047992,https://images.unsplash.com/photo-1555939594-58d7cb561ad1?q=80&w=600
16,71,2026-04-30T20:35:41,10.7826304,106.6972822,https://images.unsplash.com/photo-1541529086526-db283c563270?w=200
16,889,2026-04-30T20:56:41,10.7680337,106.6938158,https://images.unsplash.com/photo-1482049016688-2d3e1b311543?q=80&w=600
16,41,2026-04-30T20:59:41,10.7684684,106.6938884,https://images.unsplash.com/photo-1582878826629-29b7ad1cdc43?w=200
33,12018,2026-04-30T21:12:16,10.7791496,106.7541626,https://images.unsplash.com/photo-1546069901-ba9599a7e63c?q=80&w=600
13,9846,2026-04-30T21:12:16,10.853364,106.6790744,https://images.unsplash.com/photo-1512621776951-a57141f2eefd?q=80&w=600
30,2962,2026-04-30T21:12:16,10.8451649,106.7818234,https://images.unsplash.com/photo-1512621776951-a57141f2eefd?q=80&w=600
12,6167,2026-04-30T21:12:16,10.7795156,106.6929136,https://images.unsplash.com/photo-1567620905732-2d1ec7bb7445?q=80&w=600
15,9931,2026-04-30T22:12:16,10.7899674,106.7179119,https://images.unsplash.com/photo-1565299624946-b28f40a0ae38?q=80&w=600
2,3094,2026-04-30T22:12:16,10.8099687,106.6128826,https://images.unsplash.com/photo-1540189549336-e6e99c3679fe?q=80&w=600
2,10850,2026-04-30T22:12:16,10.7675946,106.6973498,https://images.unsplash.com/photo-1567620905732-2d1ec7bb7445?q=80&w=600
34,9591,2026-04-30T22:12:16,10.8416611,106.6147039,https://images.unsplash.com/photo-1567620905732-2d1ec7bb7445?q=80&w=600
6,70,2026-04-30T22:21:41,10.7826304,106.6972822,https://images.unsplash.com/photo-1513104890138-7c749659a591?w=200
6,987,2026-04-30T22:26:41,10.7760297,106.7047293,https://images.unsplash.com/photo-1482049016688-2d3e1b311543?q=80&w=600
6,937,2026-04-30T22:44:41,10.7666137,106.6922676,https://images.unsplash.com/photo-1482049016688-2d3e1b311543?q=80&w=600
6,871,2026-04-30T22:57:41,10.8062565,106.6949559,https://images.unsplash.com/photo-1565299624946-b28f40a0ae38?q=80&w=600
13,943,2026-04-30T23:09:41,10.7666137,106.6922676,https://images.unsplash.com/photo-1565299624946-b28f40a0ae38?q=80&w=600
13,847,2026-04-30T23:10:41,10.7807008,106.7067111,https://images.unsplash.com/photo-1565299624946-b28f40a0ae38?q=80&w=600
12,4381,2026-04-30T23:12:16,10.7857006,106.6904759,https://images.unsplash.com/photo-1482049016688-2d3e1b311543?q=80&w=600
19,5555,2026-04-30T23:12:16,10.7843158,106.691878,https://images.unsplash.com/photo-1546069901-ba9599a7e63c?q=80&w=600
13,72,2026-04-30T23:28:41,10.7826304,106.6972822,https://images.unsplash.com/photo-1571328003758-4a3921661709?w=200
13,868,2026-04-30T23:35:41,10.8062565,106.6949559,https://images.unsplash.com/photo-1567620905732-2d1ec7bb7445?q=80&w=600
13,12,2026-04-30T23:55:41,10.789502,106.711158,https://images.unsplash.com/photo-1571328003758-4a3921661709?w=200
17,6808,2026-05-01T00:12:16,10.7722006,106.6753279,https://images.unsplash.com/photo-1512621776951-a57141f2eefd?q=80&w=600
7,3874,2026-05-01T00:12:16,10.8417023,106.6475296,https://images.unsplash.com/photo-1555939594-58d7cb561ad1?q=80&w=600
7,13322,2026-05-01T00:12:16,10.7700574,106.7005236,https://images.unsplash.com/photo-1540189549336-e6e99c3679fe?q=80&w=600
26,7789,2026-05-01T00:12:16,10.7428747,106.6127776,https://images.unsplash.com/photo-1565299624946-b28f40a0ae38?q=80&w=600
6,46,2026-05-01T00:13:41,10.7917311,106.6915979,https://images.unsplash.com/photo-1513104890138-7c749659a591?w=200
13,30,2026-05-01T00:47:41,10.8062565,106.6949559,https://images.unsplash.com/photo-1513104890138-7c749659a591?w=200
3,177,2026-05-01T00:54:02,10.7768249,106.703813,https://images.unsplash.com/photo-1582878826629-29b7ad1cdc43?w=200
13,874,2026-05-01T00:56:41,10.8062565,106.6949559,https://images.unsplash.com/photo-1540189549336-e6e99c3679fe?q=80&w=600
6,834,2026-05-01T00:59:41,10.7728736,106.7062835,https://images.unsplash.com/photo-1482049016688-2d3e1b311543?q=80&w=600
6,197,2026-05-01T01:12:16,10.797692,106.715692,https://images.unsplash.com/photo-1582878826629-29b7ad1cdc43?w=200
15,5122,2026-05-01T01:12:16,10.7704543,106.6695226,https://images.unsplash.com/photo-1567620905732-2d1ec7bb7445?q=80&w=600
26,10416,2026-05-01T01:12:16,10.7858018,106.7009098,https://images.unsplash.com/photo-1482049016688-2d3e1b311543?q=80&w=600
3,9858,2026-05-01T01:12:16,10.737376,106.7030139,https://images.unsplash.com/photo-1540189549336-e6e99c3679fe?q=80&w=600
33,565,2026-05-01T02:12:16,10.8089278,106.7382912,https://images.unsplash.com/photo-1582878826629-29b7ad1cdc43?w=200
25,12438,2026-05-01T02:12:16,10.7787238,106.688559,https://images.unsplash.com/photo-1546069901-ba9599a7e63c?q=80&w=600
10,10352,2026-05-01T02:12:16,10.768605,106.6979483,https://images.unsplash.com/photo-1565299624946-b28f40a0ae38?q=80&w=600
10,7165,2026-05-01T02:12:16,10.8573839,106.6196333,https://images.unsplash.com/photo-1567620905732-2d1ec7bb7445?q=80&w=600
18,9941,2026-05-01T02:12:16,10.7891986,106.7174195,https://images.unsplash.com/photo-1555939594-58d7cb561ad1?q=80&w=600
10,12520,2026-05-01T02:12:16,10.7689247,106.6778658,https://images.unsplash.com/photo-1567620905732-2d1ec7bb7445?q=80&w=600
18,14460,2026-05-01T02:12:16,10.7666487,106.6944624,https://images.unsplash.com/photo-1540189549336-e6e99c3679fe?q=80&w=600
20,113,2026-05-01T02:12:16,10.7718157,106.697747,https://images.unsplash.com/photo-1582878826629-29b7ad1cdc43?w=200
29,8413,2026-05-01T03:12:16,10.7820571,106.7037068,https://images.unsplash.com/photo-1484723088339-32383369d5bb?q=80&w=600
20,13643,2026-05-01T03:12:16,10.7739571,106.6683187,https://images.unsplash.com/photo-1565299624946-b28f40a0ae38?q=80&w=600
16,15446,2026-05-01T03:12:16,10.7557038,106.6694325,https://images.unsplash.com/photo-1546069901-ba9599a7e63c?q=80&w=600
8,17003,2026-05-01T03:12:16,10.8011151,106.6892773,https://images.unsplash.com/photo-1484723088339-32383369d5bb?q=80&w=600
17,6112,2026-05-01T04:12:16,10.7701374,106.6923417,https://images.unsplash.com/photo-1546069901-ba9599a7e63c?q=80&w=600
26,13612,2026-05-01T04:12:16,10.8038741,106.6906084,https://images.unsplash.com/photo-1567620905732-2d1ec7bb7445?q=80&w=600
26,13331,2026-05-01T05:12:16,10.7981376,106.689783,https://images.unsplash.com/photo-1546069901-ba9599a7e63c?q=80&w=600
24,12128,2026-05-01T05:12:16,10.7920314,106.7302772,https://images.unsplash.com/photo-1567620905732-2d1ec7bb7445?q=80&w=600
14,16270,2026-05-01T05:12:16,10.8000008,106.6525802,https://images.unsplash.com/photo-1512621776951-a57141f2eefd?q=80&w=600
2,15148,2026-05-01T05:12:16,10.8207067,106.6872448,https://images.unsplash.com/photo-1565299624946-b28f40a0ae38?q=80&w=600
21,15110,2026-05-01T06:12:16,10.7714592,106.6725929,https://images.unsplash.com/photo-1565299624946-b28f40a0ae38?q=80&w=600
31,16405,2026-05-01T06:12:16,10.7531205,106.6991406,https://images.unsplash.com/photo-1540189549336-e6e99c3679fe?q=80&w=600
32,14268,2026-05-01T06:12:16,10.8030828,106.7318264,https://images.unsplash.com/photo-1484723088339-32383369d5bb?q=80&w=600
13,15987,2026-05-01T06:12:16,10.7454011,106.6432055,https://images.unsplash.com/photo-1482049016688-2d3e1b311543?q=80&w=600
12,16815,2026-05-01T06:12:16,10.7530683,106.662237,https://images.unsplash.com/photo-1540189549336-e6e99c3679fe?q=80&w=600
20,29,2026-05-01T06:20:41,10.8062565,106.6949559,https://images.unsplash.com/photo-1582878826629-29b7ad1cdc43?w=200
20,894,2026-05-01T06:49:41,10.7680337,106.6938158,https://images.unsplash.com/photo-1512621776951-a57141f2eefd?q=80&w=600
1,541,2026-05-01T06:54:02,10.847489,106.7693458,https://images.unsplash.com/photo-1582878826629-29b7ad1cdc43?w=200
9,4623,2026-05-01T07:12:16,10.803816,106.7230505,https://images.unsplash.com/photo-1540189549336-e6e99c3679fe?q=80&w=600
18,10485,2026-05-01T08:12:16,10.7232568,106.7039089,https://images.unsplash.com/photo-1555939594-58d7cb561ad1?q=80&w=600
11,11087,2026-05-01T08:12:16,10.8151095,106.7272926,https://images.unsplash.com/photo-1482049016688-2d3e1b311543?q=80&w=600
8,905,2026-05-01T08:12:41,10.7684684,106.6938884,https://images.unsplash.com/photo-1567620905732-2d1ec7bb7445?q=80&w=600
19,25,2026-05-01T08:14:41,10.8029924,106.6995844,https://images.unsplash.com/photo-1582878826629-29b7ad1cdc43?w=200
8,927,2026-05-01T08:16:41,10.8491522,106.6365739,https://images.unsplash.com/photo-1565299624946-b28f40a0ae38?q=80&w=600
24,927,2026-05-01T08:18:41,10.8491522,106.6365739,https://images.unsplash.com/photo-1565299624946-b28f40a0ae38?q=80&w=600
19,884,2026-05-01T08:20:41,10.767375,106.6941425,https://images.unsplash.com/photo-1565299624946-b28f40a0ae38?q=80&w=600
19,29,2026-05-01T08:22:41,10.8062565,106.6949559,https://images.unsplash.com/photo-1582878826629-29b7ad1cdc43?w=200
8,37,2026-05-01T08:31:41,10.7680337,106.6938158,https://images.unsplash.com/photo-1582878826629-29b7ad1cdc43?w=200
8,817,2026-05-01T08:43:41,10.772698,106.7048299,https://images.unsplash.com/photo-1512621776951-a57141f2eefd?q=80&w=600
24,856,2026-05-01T08:44:41,10.7732882,106.7040253,https://images.unsplash.com/photo-1484723088339-32383369d5bb?q=80&w=600
8,25,2026-05-01T08:45:41,10.8029924,106.6995844,https://images.unsplash.com/photo-1582878826629-29b7ad1cdc43?w=200
19,29,2026-05-01T08:53:41,10.8062565,106.6949559,https://images.unsplash.com/photo-1582878826629-29b7ad1cdc43?w=200
10,880,2026-05-01T09:03:41,10.767375,106.6941425,https://images.unsplash.com/photo-1512621776951-a57141f2eefd?q=80&w=600
10,938,2026-05-01T09:06:41,10.7666137,106.6922676,https://images.unsplash.com/photo-1512621776951-a57141f2eefd?q=80&w=600
18,29,2026-05-01T09:11:41,10.8062565,106.6949559,https://images.unsplash.com/photo-1582878826629-29b7ad1cdc43?w=200
8,7931,2026-05-01T09:12:16,10.8005665,106.6845785,https://images.unsplash.com/photo-1565299624946-b28f40a0ae38?q=80&w=600
19,15303,2026-05-01T09:12:16,10.7732977,106.7019193,https://images.unsplash.com/photo-1484723088339-32383369d5bb?q=80&w=600
32,241,2026-05-01T09:12:16,10.7780081,106.7038501,https://images.unsplash.com/photo-1582878826629-29b7ad1cdc43?w=200
29,5832,2026-05-01T09:12:16,10.7685143,106.6950275,https://images.unsplash.com/photo-1512621776951-a57141f2eefd?q=80&w=600
32,12626,2026-05-01T09:12:16,10.7965727,106.6924166,https://images.unsplash.com/photo-1555939594-58d7cb561ad1?q=80&w=600
27,4215,2026-05-01T09:12:16,10.7909994,106.664387,https://images.unsplash.com/photo-1555939594-58d7cb561ad1?q=80&w=600
17,965,2026-05-01T09:14:41,10.778168,106.7037041,https://images.unsplash.com/photo-1512621776951-a57141f2eefd?q=80&w=600
10,838,2026-05-01T09:30:41,10.7728736,106.7062835,https://images.unsplash.com/photo-1546069901-ba9599a7e63c?q=80&w=600
17,912,2026-05-01T09:40:41,10.7917311,106.6915979,https://images.unsplash.com/photo-1484723088339-32383369d5bb?q=80&w=600
23,41,2026-05-01T09:40:41,10.7684684,106.6938884,https://images.unsplash.com/photo-1582878826629-29b7ad1cdc43?w=200
23,838,2026-05-01T09:41:41,10.7728736,106.7062835,https://images.unsplash.com/photo-1546069901-ba9599a7e63c?q=80&w=600
17,894,2026-05-01T09:48:41,10.7680337,106.6938158,https://images.unsplash.com/photo-1512621776951-a57141f2eefd?q=80&w=600
18,37,2026-05-01T09:50:41,10.7680337,106.6938158,https://images.unsplash.com/photo-1582878826629-29b7ad1cdc43?w=200
18,7,2026-05-01T09:55:41,10.772698,106.7048299,https://images.unsplash.com/photo-1541529086526-db283c563270?w=200
22,177,2026-05-01T10:12:16,10.7768249,106.703813,https://images.unsplash.com/photo-1582878826629-29b7ad1cdc43?w=200
25,6889,2026-05-01T10:12:16,10.7779146,106.6896614,https://images.unsplash.com/photo-1482049016688-2d3e1b311543?q=80&w=600
25,7332,2026-05-01T10:12:16,10.7494016,106.7048936,https://images.unsplash.com/photo-1546069901-ba9599a7e63c?q=80&w=600
8,661,2026-05-01T10:12:16,10.7814055,106.7011626,https://images.unsplash.com/photo-1582878826629-29b7ad1cdc43?w=200
17,12679,2026-05-01T10:12:16,10.7888591,106.7152234,https://images.unsplash.com/photo-1567620905732-2d1ec7bb7445?q=80&w=600
21,31,2026-05-01T11:04:41,10.8062565,106.6949559,https://images.unsplash.com/photo-1541529086526-db283c563270?w=200
9,939,2026-05-01T11:06:41,10.7666137,106.6922676,https://images.unsplash.com/photo-1567620905732-2d1ec7bb7445?q=80&w=600
6,16909,2026-05-01T11:12:16,10.8687795,106.6338306,https://images.unsplash.com/photo-1555939594-58d7cb561ad1?q=80&w=600
17,10729,2026-05-01T11:12:16,10.8092321,106.7339752,https://images.unsplash.com/photo-1565299624946-b28f40a0ae38?q=80&w=600
8,16317,2026-05-01T11:12:16,10.7799416,106.6766758,https://images.unsplash.com/photo-1512621776951-a57141f2eefd?q=80&w=600
21,939,2026-05-01T11:16:41,10.7666137,106.6922676,https://images.unsplash.com/photo-1567620905732-2d1ec7bb7445?q=80&w=600
21,55,2026-05-01T11:31:41,10.8491522,106.6365739,https://images.unsplash.com/photo-1541529086526-db283c563270?w=200
21,51,2026-05-01T11:32:41,10.8184173,106.7047992,https://images.unsplash.com/photo-1541529086526-db283c563270?w=200
9,31,2026-05-01T11:44:41,10.8062565,106.6949559,https://images.unsplash.com/photo-1541529086526-db283c563270?w=200
9,39,2026-05-01T11:49:41,10.7680337,106.6938158,https://images.unsplash.com/photo-1541529086526-db283c563270?w=200
32,357,2026-05-01T12:12:16,10.7795329,106.6865534,https://images.unsplash.com/photo-1582878826629-29b7ad1cdc43?w=200
17,3551,2026-05-01T12:12:16,10.7746281,106.6982991,https://images.unsplash.com/photo-1540189549336-e6e99c3679fe?q=80&w=600
11,51,2026-05-01T12:19:41,10.8184173,106.7047992,https://images.unsplash.com/photo-1541529086526-db283c563270?w=200
11,846,2026-05-01T12:28:41,10.7807008,106.7067111,https://images.unsplash.com/photo-1567620905732-2d1ec7bb7445?q=80&w=600
11,35,2026-05-01T12:31:41,10.767375,106.6941425,https://images.unsplash.com/photo-1541529086526-db283c563270?w=200
11,889,2026-05-01T12:35:41,10.7680337,106.6938158,https://images.unsplash.com/photo-1482049016688-2d3e1b311543?q=80&w=600
22,876,2026-05-01T12:37:41,10.8062565,106.6949559,https://images.unsplash.com/photo-1482049016688-2d3e1b311543?q=80&w=600
22,1015,2026-05-01T12:46:41,10.7754764,106.6956779,https://images.unsplash.com/photo-1484723088339-32383369d5bb?q=80&w=600
22,83,2026-05-01T12:47:41,10.7754972,106.7007063,https://images.unsplash.com/photo-1541529086526-db283c563270?w=200
11,839,2026-05-01T12:49:41,10.7807008,106.7067111,https://images.unsplash.com/photo-1555939594-58d7cb561ad1?q=80&w=600
21,753,2026-05-01T13:12:16,10.7953131,106.7095937,https://images.unsplash.com/photo-1582878826629-29b7ad1cdc43?w=200
24,4430,2026-05-01T13:12:16,10.7531751,106.6696534,https://images.unsplash.com/photo-1567620905732-2d1ec7bb7445?q=80&w=600
23,713,2026-05-01T13:12:16,10.8009329,106.6407219,https://images.unsplash.com/photo-1582878826629-29b7ad1cdc43?w=200
15,21,2026-05-01T14:04:41,10.7732882,106.7040253,https://images.unsplash.com/photo-1582878826629-29b7ad1cdc43?w=200
8,16209,2026-05-01T14:12:16,10.7652142,106.6846551,https://images.unsplash.com/photo-1546069901-ba9599a7e63c?q=80&w=600
20,6640,2026-05-01T14:12:16,10.7588745,106.6714475,https://images.unsplash.com/photo-1484723088339-32383369d5bb?q=80&w=600
7,8404,2026-05-01T14:12:16,10.7467142,106.642449,https://images.unsplash.com/photo-1484723088339-32383369d5bb?q=80&w=600
15,53,2026-05-01T14:56:41,10.8491522,106.6365739,https://images.unsplash.com/photo-1582878826629-29b7ad1cdc43?w=200
15,11618,2026-05-01T15:12:16,10.7756951,106.7506675,https://images.unsplash.com/photo-1484723088339-32383369d5bb?q=80&w=600
30,16839,2026-05-01T15:12:16,10.7916997,106.676478,https://images.unsplash.com/photo-1512621776951-a57141f2eefd?q=80&w=600
33,14656,2026-05-01T16:12:16,10.8668373,106.6811817,https://images.unsplash.com/photo-1565299624946-b28f40a0ae38?q=80&w=600
12,9611,2026-05-01T17:12:16,10.7335462,106.7065274,https://images.unsplash.com/photo-1512621776951-a57141f2eefd?q=80&w=600
31,2981,2026-05-01T17:12:16,10.7824237,106.6672365,https://images.unsplash.com/photo-1565299624946-b28f40a0ae38?q=80&w=600
26,3063,2026-05-01T17:12:16,10.8016327,106.6540711,https://images.unsplash.com/photo-1484723088339-32383369d5bb?q=80&w=600
16,9569,2026-05-01T17:12:16,10.7771854,106.7045606,https://images.unsplash.com/photo-1546069901-ba9599a7e63c?q=80&w=600
23,5261,2026-05-01T17:12:16,10.7704543,106.6698793,https://images.unsplash.com/photo-1484723088339-32383369d5bb?q=80&w=600
18,12087,2026-05-01T18:12:16,10.804257,106.7444657,https://images.unsplash.com/photo-1540189549336-e6e99c3679fe?q=80&w=600
7,6859,2026-05-01T18:12:16,10.7739421,106.6479596,https://images.unsplash.com/photo-1565299624946-b28f40a0ae38?q=80&w=600
25,9258,2026-05-01T18:12:16,10.7806505,106.7046277,https://images.unsplash.com/photo-1540189549336-e6e99c3679fe?q=80&w=600
3,33,2026-05-01T18:54:02,10.767375,106.6941425,https://images.unsplash.com/photo-1582878826629-29b7ad1cdc43?w=200
16,970,2026-05-01T19:00:41,10.7826304,106.6972822,https://images.unsplash.com/photo-1567620905732-2d1ec7bb7445?q=80&w=600
12,8794,2026-05-01T19:12:16,10.790156,106.7105063,https://images.unsplash.com/photo-1555939594-58d7cb561ad1?q=80&w=600
23,12758,2026-05-01T19:12:16,10.7864481,106.6257407,https://images.unsplash.com/photo-1567620905732-2d1ec7bb7445?q=80&w=600
9,41,2026-05-01T19:12:16,10.7684684,106.6938884,https://images.unsplash.com/photo-1582878826629-29b7ad1cdc43?w=200
14,6444,2026-05-01T19:12:16,10.7752236,106.7033247,https://images.unsplash.com/photo-1484723088339-32383369d5bb?q=80&w=600
15,11786,2026-05-01T19:12:16,10.7834224,106.7522034,https://images.unsplash.com/photo-1484723088339-32383369d5bb?q=80&w=600
2,14679,2026-05-01T19:12:16,10.8687721,106.682662,https://images.unsplash.com/photo-1540189549336-e6e99c3679fe?q=80&w=600
16,908,2026-05-01T19:30:41,10.7684684,106.6938884,https://images.unsplash.com/photo-1512621776951-a57141f2eefd?q=80&w=600
16,73,2026-05-01T19:41:41,10.7762829,106.7042247,https://images.unsplash.com/photo-1582878826629-29b7ad1cdc43?w=200
11,6146,2026-05-01T20:12:16,10.7717555,106.6969429,https://images.unsplash.com/photo-1565299624946-b28f40a0ae38?q=80&w=600
26,7805,2026-05-01T20:12:16,10.7431074,106.6123298,https://images.unsplash.com/photo-1484723088339-32383369d5bb?q=80&w=600
14,921,2026-05-01T20:13:41,10.8184173,106.7047992,https://images.unsplash.com/photo-1567620905732-2d1ec7bb7445?q=80&w=600
14,890,2026-05-01T20:23:41,10.7680337,106.6938158,https://images.unsplash.com/photo-1512621776951-a57141f2eefd?q=80&w=600
12,15,2026-05-01T20:45:41,10.7728736,106.7062835,https://images.unsplash.com/photo-1541529086526-db283c563270?w=200
12,15,2026-05-01T20:46:41,10.7728736,106.7062835,https://images.unsplash.com/photo-1541529086526-db283c563270?w=200
14,921,2026-05-01T20:53:41,10.8184173,106.7047992,https://images.unsplash.com/photo-1567620905732-2d1ec7bb7445?q=80&w=600
30,14478,2026-05-01T21:12:16,10.7876478,106.6965101,https://images.unsplash.com/photo-1555939594-58d7cb561ad1?q=80&w=600
10,4767,2026-05-01T21:12:16,10.7810609,106.7062097,https://images.unsplash.com/photo-1540189549336-e6e99c3679fe?q=80&w=600
8,11905,2026-05-01T21:12:16,10.7917657,106.6656704,https://images.unsplash.com/photo-1567620905732-2d1ec7bb7445?q=80&w=600
28,5324,2026-05-01T21:12:16,10.770694,106.6693616,https://images.unsplash.com/photo-1567620905732-2d1ec7bb7445?q=80&w=600
12,10176,2026-05-01T21:12:16,10.889513,106.7755795,https://images.unsplash.com/photo-1567620905732-2d1ec7bb7445?q=80&w=600
28,15714,2026-05-01T21:12:16,10.759643,106.6932764,https://images.unsplash.com/photo-1555939594-58d7cb561ad1?q=80&w=600
21,8433,2026-05-01T21:12:16,10.7718561,106.6971119,https://images.unsplash.com/photo-1546069901-ba9599a7e63c?q=80&w=600
18,393,2026-05-01T21:12:16,10.773364,106.702516,https://images.unsplash.com/photo-1582878826629-29b7ad1cdc43?w=200
25,6260,2026-05-01T22:12:16,10.769485,106.6979082,https://images.unsplash.com/photo-1512621776951-a57141f2eefd?q=80&w=600
26,4852,2026-05-01T22:12:16,10.7732989,106.7041107,https://images.unsplash.com/photo-1546069901-ba9599a7e63c?q=80&w=600
1,7508,2026-05-01T22:12:16,10.8035553,106.7341857,https://images.unsplash.com/photo-1484723088339-32383369d5bb?q=80&w=600
12,6436,2026-05-01T22:12:16,10.7772881,106.7000639,https://images.unsplash.com/photo-1484723088339-32383369d5bb?q=80&w=600
24,15350,2026-05-01T22:12:16,10.8696289,106.6826514,https://images.unsplash.com/photo-1565299624946-b28f40a0ae38?q=80&w=600
14,15684,2026-05-01T22:12:16,10.7933441,106.7029022,https://images.unsplash.com/photo-1555939594-58d7cb561ad1?q=80&w=600
28,113,2026-05-01T22:12:16,10.7718157,106.697747,https://images.unsplash.com/photo-1582878826629-29b7ad1cdc43?w=200
7,14656,2026-05-01T22:12:16,10.8668373,106.6811817,https://images.unsplash.com/photo-1565299624946-b28f40a0ae38?q=80&w=600
9,3298,2026-05-01T22:12:16,10.7724373,106.6988409,https://images.unsplash.com/photo-1482049016688-2d3e1b311543?q=80&w=600
7,1017,2026-05-01T22:29:41,10.7743953,106.7040996,https://images.unsplash.com/photo-1565299624946-b28f40a0ae38?q=80&w=600
7,1159,2026-05-01T22:49:41,10.835471,106.765147,https://images.unsplash.com/photo-1546069901-ba9599a7e63c?q=80&w=600
25,833,2026-05-01T23:07:41,10.7728736,106.7062835,https://images.unsplash.com/photo-1565299624946-b28f40a0ae38?q=80&w=600
6,7485,2026-05-01T23:12:16,10.8038845,106.7371802,https://images.unsplash.com/photo-1565299624946-b28f40a0ae38?q=80&w=600
32,16730,2026-05-01T23:12:16,10.7852577,106.6422916,https://images.unsplash.com/photo-1482049016688-2d3e1b311543?q=80&w=600
9,3540,2026-05-01T23:12:16,10.7758733,106.7034298,https://images.unsplash.com/photo-1540189549336-e6e99c3679fe?q=80&w=600
25,943,2026-05-01T23:23:41,10.7666137,106.6922676,https://images.unsplash.com/photo-1565299624946-b28f40a0ae38?q=80&w=600
25,850,2026-05-01T23:25:41,10.7732882,106.7040253,https://images.unsplash.com/photo-1546069901-ba9599a7e63c?q=80&w=600
25,80,2026-05-01T23:39:41,10.7760297,106.7047293,https://images.unsplash.com/photo-1571328003758-4a3921661709?w=200
25,909,2026-05-01T23:52:41,10.7917311,106.6915979,https://images.unsplash.com/photo-1540189549336-e6e99c3679fe?q=80&w=600
23,6995,2026-05-02T00:12:16,10.7607643,106.6998257,https://images.unsplash.com/photo-1555939594-58d7cb561ad1?q=80&w=600
29,16690,2026-05-02T00:12:16,10.7955577,106.6208618,https://images.unsplash.com/photo-1565299624946-b28f40a0ae38?q=80&w=600
10,317,2026-05-02T00:12:16,10.7275927,106.7195082,https://images.unsplash.com/photo-1582878826629-29b7ad1cdc43?w=200
2,5966,2026-05-02T00:12:16,10.7905235,106.7050922,https://images.unsplash.com/photo-1484723088339-32383369d5bb?q=80&w=600
25,935,2026-05-02T01:00:41,10.7666137,106.6922676,https://images.unsplash.com/photo-1546069901-ba9599a7e63c?q=80&w=600
25,815,2026-05-02T01:09:41,10.772698,106.7048299,https://images.unsplash.com/photo-1546069901-ba9599a7e63c?q=80&w=600
32,12438,2026-05-02T01:12:16,10.7787238,106.688559,https://images.unsplash.com/photo-1546069901-ba9599a7e63c?q=80&w=600
12,193,2026-05-02T01:12:16,10.797848,106.714665,https://images.unsplash.com/photo-1582878826629-29b7ad1cdc43?w=200
25,64,2026-05-02T01:50:41,10.8184378,106.6990062,https://images.unsplash.com/photo-1571328003758-4a3921661709?w=200
13,13523,2026-05-02T02:12:16,10.7561407,106.6323444,https://images.unsplash.com/photo-1484723088339-32383369d5bb?q=80&w=600
28,14836,2026-05-02T02:12:16,10.7955707,106.6664108,https://images.unsplash.com/photo-1567620905732-2d1ec7bb7445?q=80&w=600
32,10642,2026-05-02T03:12:16,10.7274573,106.7095431,https://images.unsplash.com/photo-1484723088339-32383369d5bb?q=80&w=600
19,13463,2026-05-02T03:12:16,10.7985379,106.6727317,https://images.unsplash.com/photo-1546069901-ba9599a7e63c?q=80&w=600
2,10549,2026-05-02T03:12:16,10.8554027,106.6531649,https://images.unsplash.com/photo-1482049016688-2d3e1b311543?q=80&w=600
20,13894,2026-05-02T03:12:16,10.7653387,106.6856668,https://images.unsplash.com/photo-1546069901-ba9599a7e63c?q=80&w=600
13,9836,2026-05-02T03:12:16,10.8068271,106.7385906,https://images.unsplash.com/photo-1567620905732-2d1ec7bb7445?q=80&w=600
23,16555,2026-05-02T03:12:16,10.7672264,106.6666144,https://images.unsplash.com/photo-1482049016688-2d3e1b311543?q=80&w=600
12,6508,2026-05-02T04:12:16,10.7716774,106.6968134,https://images.unsplash.com/photo-1565299624946-b28f40a0ae38?q=80&w=600
14,4040,2026-05-02T04:12:16,10.8753844,106.7993009,https://images.unsplash.com/photo-1567620905732-2d1ec7bb7445?q=80&w=600
34,4111,2026-05-02T04:12:16,10.7332154,106.7086786,https://images.unsplash.com/photo-1512621776951-a57141f2eefd?q=80&w=600
3,221,2026-05-02T05:12:16,10.7818475,106.705108,https://images.unsplash.com/photo-1582878826629-29b7ad1cdc43?w=200
9,12476,2026-05-02T05:12:16,10.7915073,106.7099994,https://images.unsplash.com/photo-1555939594-58d7cb561ad1?q=80&w=600
17,16536,2026-05-02T06:12:16,10.7528718,106.6576888,https://images.unsplash.com/photo-1546069901-ba9599a7e63c?q=80&w=600
6,473,2026-05-02T06:12:16,10.7976159,106.6895901,https://images.unsplash.com/photo-1582878826629-29b7ad1cdc43?w=200
14,15503,2026-05-02T06:12:16,10.7660499,106.693945,https://images.unsplash.com/photo-1512621776951-a57141f2eefd?q=80&w=600
2,12278,2026-05-02T06:12:16,10.7905069,106.7408438,https://images.unsplash.com/photo-1567620905732-2d1ec7bb7445?q=80&w=600
28,13763,2026-05-02T06:12:16,10.8023963,106.7402701,https://images.unsplash.com/photo-1512621776951-a57141f2eefd?q=80&w=600
19,3469,2026-05-02T06:12:16,10.7722284,106.6942795,https://images.unsplash.com/photo-1567620905732-2d1ec7bb7445?q=80&w=600
20,4111,2026-05-02T06:12:16,10.7332154,106.7086786,https://images.unsplash.com/photo-1512621776951-a57141f2eefd?q=80&w=600
30,3418,2026-05-02T06:12:16,10.7718998,106.6921906,https://images.unsplash.com/photo-1565299624946-b28f40a0ae38?q=80&w=600
1,6925,2026-05-02T06:12:16,10.7745395,106.6978834,https://images.unsplash.com/photo-1512621776951-a57141f2eefd?q=80&w=600
22,445,2026-05-02T06:12:16,10.849584,106.7713821,https://images.unsplash.com/photo-1582878826629-29b7ad1cdc43?w=200
24,960,2026-05-02T06:15:41,10.778168,106.7037041,https://images.unsplash.com/photo-1567620905732-2d1ec7bb7445?q=80&w=600
24,835,2026-05-02T06:15:41,10.7728736,106.7062835,https://images.unsplash.com/photo-1484723088339-32383369d5bb?q=80&w=600
24,896,2026-05-02T06:52:41,10.7680337,106.6938158,https://images.unsplash.com/photo-1565299624946-b28f40a0ae38?q=80&w=600
24,866,2026-05-02T06:59:41,10.8029924,106.6995844,https://images.unsplash.com/photo-1484723088339-32383369d5bb?q=80&w=600
8,829,2026-05-02T07:04:41,10.7728736,106.7062835,https://images.unsplash.com/photo-1565299624946-b28f40a0ae38?q=80&w=600
19,908,2026-05-02T07:11:41,10.7684684,106.6938884,https://images.unsplash.com/photo-1512621776951-a57141f2eefd?q=80&w=600
11,11941,2026-05-02T07:12:16,10.7774864,106.7542854,https://images.unsplash.com/photo-1567620905732-2d1ec7bb7445?q=80&w=600
19,970,2026-05-02T07:25:41,10.7826304,106.6972822,https://images.unsplash.com/photo-1567620905732-2d1ec7bb7445?q=80&w=600
19,866,2026-05-02T07:27:41,10.8029924,106.6995844,https://images.unsplash.com/photo-1484723088339-32383369d5bb?q=80&w=600
19,61,2026-05-02T07:40:41,10.8184378,106.6990062,https://images.unsplash.com/photo-1582878826629-29b7ad1cdc43?w=200
8,835,2026-05-02T07:56:41,10.7728736,106.7062835,https://images.unsplash.com/photo-1484723088339-32383369d5bb?q=80&w=600
20,894,2026-05-02T08:01:41,10.7680337,106.6938158,https://images.unsplash.com/photo-1512621776951-a57141f2eefd?q=80&w=600
20,33,2026-05-02T08:05:41,10.767375,106.6941425,https://images.unsplash.com/photo-1582878826629-29b7ad1cdc43?w=200
9,3746,2026-05-02T08:12:16,10.7315659,106.715633,https://images.unsplash.com/photo-1567620905732-2d1ec7bb7445?q=80&w=600
21,10539,2026-05-02T08:12:16,10.7721804,106.7027227,https://images.unsplash.com/photo-1540189549336-e6e99c3679fe?q=80&w=600
10,13435,2026-05-02T08:12:16,10.7728961,106.6832363,https://images.unsplash.com/photo-1540189549336-e6e99c3679fe?q=80&w=600
28,13977,2026-05-02T08:12:16,10.7901419,106.6840807,https://images.unsplash.com/photo-1482049016688-2d3e1b311543?q=80&w=600
17,6558,2026-05-02T08:12:16,10.7767582,106.6637863,https://images.unsplash.com/photo-1482049016688-2d3e1b311543?q=80&w=600
20,829,2026-05-02T08:44:41,10.7728736,106.7062835,https://images.unsplash.com/photo-1565299624946-b28f40a0ae38?q=80&w=600
20,49,2026-05-02T08:54:41,10.8184173,106.7047992,https://images.unsplash.com/photo-1582878826629-29b7ad1cdc43?w=200
9,4474,2026-05-02T09:12:16,10.7675083,106.6906241,https://images.unsplash.com/photo-1482049016688-2d3e1b311543?q=80&w=600
8,4672,2026-05-02T09:12:16,10.8397747,106.7667626,https://images.unsplash.com/photo-1540189549336-e6e99c3679fe?q=80&w=600
14,7612,2026-05-02T09:12:16,10.7670963,106.6893396,https://images.unsplash.com/photo-1565299624946-b28f40a0ae38?q=80&w=600
22,5146,2026-05-02T10:12:16,10.7707915,106.6694823,https://images.unsplash.com/photo-1555939594-58d7cb561ad1?q=80&w=600
15,197,2026-05-02T10:12:16,10.797692,106.715692,https://images.unsplash.com/photo-1582878826629-29b7ad1cdc43?w=200
32,10989,2026-05-02T11:12:16,10.7793342,106.7054839,https://images.unsplash.com/photo-1512621776951-a57141f2eefd?q=80&w=600
9,16393,2026-05-02T11:12:16,10.7679322,106.6716847,https://images.unsplash.com/photo-1555939594-58d7cb561ad1?q=80&w=600
9,11207,2026-05-02T11:12:16,10.7729783,106.7045114,https://images.unsplash.com/photo-1540189549336-e6e99c3679fe?q=80&w=600
14,4497,2026-05-02T11:12:16,10.7861286,106.6713635,https://images.unsplash.com/photo-1567620905732-2d1ec7bb7445?q=80&w=600
16,876,2026-05-02T12:00:41,10.8062565,106.6949559,https://images.unsplash.com/photo-1482049016688-2d3e1b311543?q=80&w=600
22,917,2026-05-02T12:01:41,10.7917311,106.6915979,https://images.unsplash.com/photo-1482049016688-2d3e1b311543?q=80&w=600
16,57,2026-05-02T12:10:41,10.7666137,106.6922676,https://images.unsplash.com/photo-1582878826629-29b7ad1cdc43?w=200
11,95,2026-05-02T12:11:41,10.7662887,106.7077614,https://images.unsplash.com/photo-1541529086526-db283c563270?w=200
9,3,2026-05-02T12:11:41,10.768208,106.6841501,https://images.unsplash.com/photo-1541529086526-db283c563270?w=200
31,589,2026-05-02T12:12:16,10.7896047,106.6912995,https://images.unsplash.com/photo-1582878826629-29b7ad1cdc43?w=200
11,9466,2026-05-02T12:12:16,10.8050409,106.7403521,https://images.unsplash.com/photo-1565299624946-b28f40a0ae38?q=80&w=600
22,409,2026-05-02T12:12:16,10.77734,106.692708,https://images.unsplash.com/photo-1582878826629-29b7ad1cdc43?w=200
11,63,2026-05-02T12:13:41,10.8184378,106.6990062,https://images.unsplash.com/photo-1541529086526-db283c563270?w=200
16,1023,2026-05-02T12:13:41,10.7743953,106.7040996,https://images.unsplash.com/photo-1484723088339-32383369d5bb?q=80&w=600
16,71,2026-05-02T12:28:41,10.7826304,106.6972822,https://images.unsplash.com/photo-1541529086526-db283c563270?w=200
21,7,2026-05-02T12:30:41,10.772698,106.7048299,https://images.unsplash.com/photo-1541529086526-db283c563270?w=200
16,1020,2026-05-02T12:32:41,10.7743953,106.7040996,https://images.unsplash.com/photo-1567620905732-2d1ec7bb7445?q=80&w=600
9,71,2026-05-02T12:33:41,10.7826304,106.6972822,https://images.unsplash.com/photo-1541529086526-db283c563270?w=200
11,47,2026-05-02T12:34:41,10.7917311,106.6915979,https://images.unsplash.com/photo-1541529086526-db283c563270?w=200
22,47,2026-05-02T12:35:41,10.7917311,106.6915979,https://images.unsplash.com/photo-1541529086526-db283c563270?w=200
21,1023,2026-05-02T12:35:41,10.7743953,106.7040996,https://images.unsplash.com/photo-1484723088339-32383369d5bb?q=80&w=600
21,839,2026-05-02T12:41:41,10.7807008,106.7067111,https://images.unsplash.com/photo-1555939594-58d7cb561ad1?q=80&w=600
21,3,2026-05-02T12:44:41,10.768208,106.6841501,https://images.unsplash.com/photo-1541529086526-db283c563270?w=200
22,1022,2026-05-02T12:50:41,10.7743953,106.7040996,https://images.unsplash.com/photo-1555939594-58d7cb561ad1?q=80&w=600
21,55,2026-05-02T12:51:41,10.8491522,106.6365739,https://images.unsplash.com/photo-1541529086526-db283c563270?w=200
14,819,2026-05-02T13:07:41,10.772698,106.7048299,https://images.unsplash.com/photo-1546069901-ba9599a7e63c?q=80&w=600
14,51,2026-05-02T13:24:41,10.8184173,106.7047992,https://images.unsplash.com/photo-1541529086526-db283c563270?w=200
14,61,2026-05-02T13:30:41,10.8184378,106.6990062,https://images.unsplash.com/photo-1582878826629-29b7ad1cdc43?w=200
23,921,2026-05-02T14:11:41,10.8184173,106.7047992,https://images.unsplash.com/photo-1567620905732-2d1ec7bb7445?q=80&w=600
29,173,2026-05-02T14:12:16,10.786308,106.671644,https://images.unsplash.com/photo-1582878826629-29b7ad1cdc43?w=200
6,15503,2026-05-02T14:12:16,10.7660499,106.693945,https://images.unsplash.com/photo-1512621776951-a57141f2eefd?q=80&w=600
23,926,2026-05-02T14:23:41,10.8491522,106.6365739,https://images.unsplash.com/photo-1567620905732-2d1ec7bb7445?q=80&w=600
23,945,2026-05-02T14:43:41,10.7666137,106.6922676,https://images.unsplash.com/photo-1540189549336-e6e99c3679fe?q=80&w=600
23,51,2026-05-02T14:45:41,10.8184173,106.7047992,https://images.unsplash.com/photo-1541529086526-db283c563270?w=200
17,839,2026-05-02T15:05:41,10.7807008,106.7067111,https://images.unsplash.com/photo-1555939594-58d7cb561ad1?q=80&w=600
7,14878,2026-05-02T15:12:16,10.7926915,106.6911673,https://images.unsplash.com/photo-1555939594-58d7cb561ad1?q=80&w=600
17,3540,2026-05-02T15:12:16,10.7758733,106.7034298,https://images.unsplash.com/photo-1540189549336-e6e99c3679fe?q=80&w=600
18,16917,2026-05-02T15:12:16,10.7993698,106.6300668,https://images.unsplash.com/photo-1512621776951-a57141f2eefd?q=80&w=600
17,1015,2026-05-02T15:30:41,10.7754764,106.6956779,https://images.unsplash.com/photo-1484723088339-32383369d5bb?q=80&w=600
17,49,2026-05-02T15:31:41,10.8184173,106.7047992,https://images.unsplash.com/photo-1582878826629-29b7ad1cdc43?w=200
17,71,2026-05-02T15:45:41,10.7826304,106.6972822,https://images.unsplash.com/photo-1541529086526-db283c563270?w=200
12,978,2026-05-02T16:09:41,10.7762829,106.7042247,https://images.unsplash.com/photo-1482049016688-2d3e1b311543?q=80&w=600
22,10280,2026-05-02T16:12:16,10.7400473,106.6173295,https://images.unsplash.com/photo-1484723088339-32383369d5bb?q=80&w=600
12,83,2026-05-02T16:16:41,10.7754972,106.7007063,https://images.unsplash.com/photo-1541529086526-db283c563270?w=200
3,101,2026-05-02T16:54:02,10.7675882,106.6863944,https://images.unsplash.com/photo-1582878826629-29b7ad1cdc43?w=200
12,884,2026-05-02T16:54:41,10.767375,106.6941425,https://images.unsplash.com/photo-1565299624946-b28f40a0ae38?q=80&w=600
15,29,2026-05-02T17:01:41,10.8062565,106.6949559,https://images.unsplash.com/photo-1582878826629-29b7ad1cdc43?w=200
6,61,2026-05-02T17:12:16,10.8184378,106.6990062,https://images.unsplash.com/photo-1582878826629-29b7ad1cdc43?w=200
15,870,2026-05-02T17:14:41,10.8062565,106.6949559,https://images.unsplash.com/photo-1565299624946-b28f40a0ae38?q=80&w=600
15,29,2026-05-02T17:31:41,10.8062565,106.6949559,https://images.unsplash.com/photo-1582878826629-29b7ad1cdc43?w=200
15,980,2026-05-02T17:35:41,10.7762829,106.7042247,https://images.unsplash.com/photo-1540189549336-e6e99c3679fe?q=80&w=600
10,14668,2026-05-02T18:12:16,10.867725,106.6819195,https://images.unsplash.com/photo-1512621776951-a57141f2eefd?q=80&w=600
28,15012,2026-05-02T18:12:16,10.789697,106.6994356,https://images.unsplash.com/photo-1512621776951-a57141f2eefd?q=80&w=600
31,49,2026-05-02T18:12:16,10.8184173,106.7047992,https://images.unsplash.com/photo-1582878826629-29b7ad1cdc43?w=200
20,15998,2026-05-02T18:12:16,10.791325,106.6396903,https://images.unsplash.com/photo-1546069901-ba9599a7e63c?q=80&w=600
33,2855,2026-05-02T18:12:16,10.7911321,106.7930133,https://images.unsplash.com/photo-1540189549336-e6e99c3679fe?q=80&w=600
11,4727,2026-05-02T18:12:16,10.7566907,106.6761001,https://images.unsplash.com/photo-1484723088339-32383369d5bb?q=80&w=600
2,533,2026-05-02T19:12:16,10.776223,106.7048961,https://images.unsplash.com/photo-1582878826629-29b7ad1cdc43?w=200
19,9869,2026-05-02T19:12:16,10.769113,106.6781153,https://images.unsplash.com/photo-1512621776951-a57141f2eefd?q=80&w=600
24,4348,2026-05-02T19:12:16,10.7653734,106.6968847,https://images.unsplash.com/photo-1540189549336-e6e99c3679fe?q=80&w=600
26,285,2026-05-02T19:12:16,10.744303,106.690393,https://images.unsplash.com/photo-1582878826629-29b7ad1cdc43?w=200
6,4829,2026-05-02T19:12:16,10.7703143,106.6817473,https://images.unsplash.com/photo-1565299624946-b28f40a0ae38?q=80&w=600
26,15998,2026-05-02T19:12:16,10.791325,106.6396903,https://images.unsplash.com/photo-1546069901-ba9599a7e63c?q=80&w=600
10,17,2026-05-02T20:17:41,10.7807008,106.7067111,https://images.unsplash.com/photo-1582878826629-29b7ad1cdc43?w=200
18,856,2026-05-02T20:29:41,10.7732882,106.7040253,https://images.unsplash.com/photo-1484723088339-32383369d5bb?q=80&w=600
10,972,2026-05-02T20:30:41,10.7826304,106.6972822,https://images.unsplash.com/photo-1555939594-58d7cb561ad1?q=80&w=600
10,27,2026-05-02T20:33:41,10.8029924,106.6995844,https://images.unsplash.com/photo-1541529086526-db283c563270?w=200
18,890,2026-05-02T20:40:41,10.7680337,106.6938158,https://images.unsplash.com/photo-1512621776951-a57141f2eefd?q=80&w=600
24,541,2026-05-02T21:12:16,10.847489,106.7693458,https://images.unsplash.com/photo-1582878826629-29b7ad1cdc43?w=200
11,8764,2026-05-02T21:12:16,10.7405616,106.6990024,https://images.unsplash.com/photo-1540189549336-e6e99c3679fe?q=80&w=600
15,12018,2026-05-02T21:12:16,10.7791496,106.7541626,https://images.unsplash.com/photo-1546069901-ba9599a7e63c?q=80&w=600
31,9877,2026-05-02T21:12:16,10.759215,106.6994237,https://images.unsplash.com/photo-1567620905732-2d1ec7bb7445?q=80&w=600
13,1140,2026-05-02T22:02:41,10.7199051,106.7117175,https://images.unsplash.com/photo-1555939594-58d7cb561ad1?q=80&w=600
13,855,2026-05-02T22:07:41,10.7732882,106.7040253,https://images.unsplash.com/photo-1546069901-ba9599a7e63c?q=80&w=600
24,10394,2026-05-02T22:12:16,10.7296309,106.692409,https://images.unsplash.com/photo-1567620905732-2d1ec7bb7445?q=80&w=600
24,6915,2026-05-02T22:12:16,10.7634989,106.6906117,https://images.unsplash.com/photo-1540189549336-e6e99c3679fe?q=80&w=600
3,5788,2026-05-02T22:12:16,10.7660671,106.6896212,https://images.unsplash.com/photo-1546069901-ba9599a7e63c?q=80&w=600
13,986,2026-05-02T22:26:41,10.7762829,106.7042247,https://images.unsplash.com/photo-1540189549336-e6e99c3679fe?q=80&w=600
13,60,2026-05-02T22:59:41,10.7666137,106.6922676,https://images.unsplash.com/photo-1571328003758-4a3921661709?w=200
7,836,2026-05-02T23:11:41,10.7728736,106.7062835,https://images.unsplash.com/photo-1565299624946-b28f40a0ae38?q=80&w=600
7,16752,2026-05-02T23:12:16,10.7981936,106.641586,https://images.unsplash.com/photo-1565299624946-b28f40a0ae38?q=80&w=600
28,6392,2026-05-02T23:12:16,10.7838758,106.6779339,https://images.unsplash.com/photo-1565299624946-b28f40a0ae38?q=80&w=600
6,824,2026-05-02T23:21:41,10.789502,106.711158,https://images.unsplash.com/photo-1484723088339-32383369d5bb?q=80&w=600
7,36,2026-05-02T23:30:41,10.767375,106.6941425,https://images.unsplash.com/photo-1571328003758-4a3921661709?w=200
6,1193,2026-05-02T23:47:41,10.767809,106.688677,https://images.unsplash.com/photo-1546069901-ba9599a7e63c?q=80&w=600
11,6789,2026-05-03T00:12:16,10.7659641,106.6823741,https://images.unsplash.com/photo-1567620905732-2d1ec7bb7445?q=80&w=600
23,13133,2026-05-03T00:12:16,10.7849367,106.6700427,https://images.unsplash.com/photo-1567620905732-2d1ec7bb7445?q=80&w=600
3,3717,2026-05-03T00:12:16,10.7658624,106.6909327,https://images.unsplash.com/photo-1482049016688-2d3e1b311543?q=80&w=600
12,16898,2026-05-03T00:12:16,10.7653911,106.6900919,https://images.unsplash.com/photo-1546069901-ba9599a7e63c?q=80&w=600
23,789,2026-05-03T00:12:16,10.7755232,106.702529,https://images.unsplash.com/photo-1582878826629-29b7ad1cdc43?w=200
23,6889,2026-05-03T00:12:16,10.7779146,106.6896614,https://images.unsplash.com/photo-1482049016688-2d3e1b311543?q=80&w=600
13,1200,2026-05-03T01:06:41,10.755919,106.676499,https://images.unsplash.com/photo-1512621776951-a57141f2eefd?q=80&w=600
17,13781,2026-05-03T01:12:16,10.8024447,106.7406922,https://images.unsplash.com/photo-1567620905732-2d1ec7bb7445?q=80&w=600
18,13931,2026-05-03T01:12:16,10.7719542,106.6723403,https://images.unsplash.com/photo-1567620905732-2d1ec7bb7445?q=80&w=600
20,309,2026-05-03T01:12:16,10.7275634,106.7196653,https://images.unsplash.com/photo-1582878826629-29b7ad1cdc43?w=200
25,982,2026-05-03T01:13:41,10.7762829,106.7042247,https://images.unsplash.com/photo-1484723088339-32383369d5bb?q=80&w=600
13,909,2026-05-03T01:14:41,10.7917311,106.6915979,https://images.unsplash.com/photo-1540189549336-e6e99c3679fe?q=80&w=600
25,1016,2026-05-03T01:17:41,10.7754764,106.6956779,https://images.unsplash.com/photo-1546069901-ba9599a7e63c?q=80&w=600
25,920,2026-05-03T01:30:41,10.8184173,106.7047992,https://images.unsplash.com/photo-1512621776951-a57141f2eefd?q=80&w=600
25,60,2026-05-03T01:33:41,10.7666137,106.6922676,https://images.unsplash.com/photo-1571328003758-4a3921661709?w=200
13,843,2026-05-03T01:35:41,10.7807008,106.7067111,https://images.unsplash.com/photo-1567620905732-2d1ec7bb7445?q=80&w=600
13,1032,2026-05-03T01:39:41,10.7662887,106.7077614,https://images.unsplash.com/photo-1482049016688-2d3e1b311543?q=80&w=600
25,1013,2026-05-03T01:47:41,10.7754764,106.6956779,https://images.unsplash.com/photo-1555939594-58d7cb561ad1?q=80&w=600
13,934,2026-05-03T01:50:41,10.7666137,106.6922676,https://images.unsplash.com/photo-1484723088339-32383369d5bb?q=80&w=600
12,7541,2026-05-03T02:12:16,10.7721763,106.6919054,https://images.unsplash.com/photo-1482049016688-2d3e1b311543?q=80&w=600
11,7006,2026-05-03T02:12:16,10.7765184,106.6563046,https://images.unsplash.com/photo-1482049016688-2d3e1b311543?q=80&w=600
29,9427,2026-05-03T03:12:16,10.801575,106.7378091,https://images.unsplash.com/photo-1555939594-58d7cb561ad1?q=80&w=600
6,10253,2026-05-03T03:12:16,10.7937153,106.7217833,https://images.unsplash.com/photo-1484723088339-32383369d5bb?q=80&w=600
17,13921,2026-05-03T04:12:16,10.7919959,106.6552029,https://images.unsplash.com/photo-1484723088339-32383369d5bb?q=80&w=600
26,6995,2026-05-03T04:12:16,10.7607643,106.6998257,https://images.unsplash.com/photo-1555939594-58d7cb561ad1?q=80&w=600
18,105,2026-05-03T04:12:16,10.7797991,106.6949139,https://images.unsplash.com/photo-1582878826629-29b7ad1cdc43?w=200
31,13312,2026-05-03T04:12:16,10.766393,106.6881849,https://images.unsplash.com/photo-1512621776951-a57141f2eefd?q=80&w=600
7,7827,2026-05-03T05:12:16,10.7429077,106.612827,https://images.unsplash.com/photo-1482049016688-2d3e1b311543?q=80&w=600
26,10699,2026-05-03T05:12:16,10.7823261,106.6796323,https://images.unsplash.com/photo-1565299624946-b28f40a0ae38?q=80&w=600
11,709,2026-05-03T05:12:16,10.8132735,106.6656021,https://images.unsplash.com/photo-1582878826629-29b7ad1cdc43?w=200
6,3918,2026-05-03T05:12:16,10.7658354,106.6898055,https://images.unsplash.com/photo-1565299624946-b28f40a0ae38?q=80&w=600
22,265,2026-05-03T06:12:16,10.7759751,106.7046722,https://images.unsplash.com/photo-1582878826629-29b7ad1cdc43?w=200
9,10613,2026-05-03T06:12:16,10.7686414,106.69044,https://images.unsplash.com/photo-1512621776951-a57141f2eefd?q=80&w=600
8,73,2026-05-03T07:00:41,10.7762829,106.7042247,https://images.unsplash.com/photo-1582878826629-29b7ad1cdc43?w=200
8,37,2026-05-03T07:08:41,10.7680337,106.6938158,https://images.unsplash.com/photo-1582878826629-29b7ad1cdc43?w=200
14,9344,2026-05-03T07:12:16,10.8201736,106.6913461,https://images.unsplash.com/photo-1555939594-58d7cb561ad1?q=80&w=600
11,6091,2026-05-03T07:12:16,10.7873192,106.690913,https://images.unsplash.com/photo-1565299624946-b28f40a0ae38?q=80&w=600
10,10166,2026-05-03T07:12:16,10.7673838,106.6911045,https://images.unsplash.com/photo-1565299624946-b28f40a0ae38?q=80&w=600
8,817,2026-05-03T07:16:41,10.772698,106.7048299,https://images.unsplash.com/photo-1512621776951-a57141f2eefd?q=80&w=600
8,912,2026-05-03T07:42:41,10.7917311,106.6915979,https://images.unsplash.com/photo-1484723088339-32383369d5bb?q=80&w=600
19,905,2026-05-03T08:04:41,10.7684684,106.6938884,https://images.unsplash.com/photo-1567620905732-2d1ec7bb7445?q=80&w=600
17,989,2026-05-03T08:06:41,10.7760297,106.7047293,https://images.unsplash.com/photo-1484723088339-32383369d5bb?q=80&w=600
9,14816,2026-05-03T08:12:16,10.8319795,106.7673134,https://images.unsplash.com/photo-1512621776951-a57141f2eefd?q=80&w=600
24,3103,2026-05-03T08:12:16,10.7692725,106.6904171,https://images.unsplash.com/photo-1565299624946-b28f40a0ae38?q=80&w=600
19,12968,2026-05-03T08:12:16,10.781387,106.6688338,https://images.unsplash.com/photo-1555939594-58d7cb561ad1?q=80&w=600
17,839,2026-05-03T08:15:41,10.7807008,106.7067111,https://images.unsplash.com/photo-1555939594-58d7cb561ad1?q=80&w=600
19,829,2026-05-03T08:16:41,10.7728736,106.7062835,https://images.unsplash.com/photo-1565299624946-b28f40a0ae38?q=80&w=600
20,806,2026-05-03T08:17:41,10.768208,106.6841501,https://images.unsplash.com/photo-1512621776951-a57141f2eefd?q=80&w=600
17,87,2026-05-03T08:23:41,10.7754764,106.6956779,https://images.unsplash.com/photo-1541529086526-db283c563270?w=200
24,856,2026-05-03T08:26:41,10.7732882,106.7040253,https://images.unsplash.com/photo-1484723088339-32383369d5bb?q=80&w=600
20,37,2026-05-03T08:26:41,10.7680337,106.6938158,https://images.unsplash.com/photo-1582878826629-29b7ad1cdc43?w=200
24,802,2026-05-03T08:29:41,10.768208,106.6841501,https://images.unsplash.com/photo-1546069901-ba9599a7e63c?q=80&w=600
20,817,2026-05-03T08:30:41,10.772698,106.7048299,https://images.unsplash.com/photo-1512621776951-a57141f2eefd?q=80&w=600
19,57,2026-05-03T08:33:41,10.7666137,106.6922676,https://images.unsplash.com/photo-1582878826629-29b7ad1cdc43?w=200
24,896,2026-05-03T08:34:41,10.7680337,106.6938158,https://images.unsplash.com/photo-1565299624946-b28f40a0ae38?q=80&w=600
19,960,2026-05-03T08:35:41,10.778168,106.7037041,https://images.unsplash.com/photo-1567620905732-2d1ec7bb7445?q=80&w=600
24,905,2026-05-03T08:42:41,10.7684684,106.6938884,https://images.unsplash.com/photo-1567620905732-2d1ec7bb7445?q=80&w=600
17,894,2026-05-03T08:47:41,10.7680337,106.6938158,https://images.unsplash.com/photo-1512621776951-a57141f2eefd?q=80&w=600
20,45,2026-05-03T08:52:41,10.7917311,106.6915979,https://images.unsplash.com/photo-1582878826629-29b7ad1cdc43?w=200
17,947,2026-05-03T08:52:41,10.8184378,106.6990062,https://images.unsplash.com/photo-1484723088339-32383369d5bb?q=80&w=600
19,21,2026-05-03T08:54:41,10.7732882,106.7040253,https://images.unsplash.com/photo-1582878826629-29b7ad1cdc43?w=200
23,10663,2026-05-03T09:12:16,10.7981136,106.6286701,https://images.unsplash.com/photo-1565299624946-b28f40a0ae38?q=80&w=600
20,14934,2026-05-03T09:12:16,10.7673324,106.7124566,https://images.unsplash.com/photo-1540189549336-e6e99c3679fe?q=80&w=600
19,15405,2026-05-03T09:12:16,10.7976327,106.6758678,https://images.unsplash.com/photo-1540189549336-e6e99c3679fe?q=80&w=600
9,6974,2026-05-03T09:12:16,10.7517583,106.708285,https://images.unsplash.com/photo-1512621776951-a57141f2eefd?q=80&w=600
15,880,2026-05-03T10:00:41,10.767375,106.6941425,https://images.unsplash.com/photo-1512621776951-a57141f2eefd?q=80&w=600
20,11916,2026-05-03T10:12:16,10.7914445,106.6671403,https://images.unsplash.com/photo-1512621776951-a57141f2eefd?q=80&w=600
15,921,2026-05-03T10:12:41,10.8184173,106.7047992,https://images.unsplash.com/photo-1567620905732-2d1ec7bb7445?q=80&w=600
18,953,2026-05-03T10:14:41,10.8184378,106.6990062,https://images.unsplash.com/photo-1540189549336-e6e99c3679fe?q=80&w=600
12,912,2026-05-03T10:27:41,10.7917311,106.6915979,https://images.unsplash.com/photo-1484723088339-32383369d5bb?q=80&w=600
18,817,2026-05-03T10:49:41,10.772698,106.7048299,https://images.unsplash.com/photo-1512621776951-a57141f2eefd?q=80&w=600
12,55,2026-05-03T10:53:41,10.8491522,106.6365739,https://images.unsplash.com/photo-1541529086526-db283c563270?w=200
3,73,2026-05-03T10:54:02,10.7762829,106.7042247,https://images.unsplash.com/photo-1582878826629-29b7ad1cdc43?w=200
12,802,2026-05-03T10:54:41,10.768208,106.6841501,https://images.unsplash.com/photo-1546069901-ba9599a7e63c?q=80&w=600
12,17,2026-05-03T10:58:41,10.7807008,106.7067111,https://images.unsplash.com/photo-1582878826629-29b7ad1cdc43?w=200
23,978,2026-05-03T11:07:41,10.7762829,106.7042247,https://images.unsplash.com/photo-1482049016688-2d3e1b311543?q=80&w=600
18,9008,2026-05-03T11:12:16,10.7692705,106.690576,https://images.unsplash.com/photo-1540189549336-e6e99c3679fe?q=80&w=600
22,6889,2026-05-03T11:12:16,10.7779146,106.6896614,https://images.unsplash.com/photo-1482049016688-2d3e1b311543?q=80&w=600
18,3469,2026-05-03T11:12:16,10.7722284,106.6942795,https://images.unsplash.com/photo-1567620905732-2d1ec7bb7445?q=80&w=600
17,7773,2026-05-03T11:12:16,10.7427623,106.6123639,https://images.unsplash.com/photo-1565299624946-b28f40a0ae38?q=80&w=600
9,741,2026-05-03T11:12:16,10.7633997,106.6679121,https://images.unsplash.com/photo-1582878826629-29b7ad1cdc43?w=200
21,3,2026-05-03T11:18:41,10.768208,106.6841501,https://images.unsplash.com/photo-1541529086526-db283c563270?w=200
11,939,2026-05-03T11:21:41,10.7666137,106.6922676,https://images.unsplash.com/photo-1567620905732-2d1ec7bb7445?q=80&w=600
21,55,2026-05-03T11:41:41,10.8491522,106.6365739,https://images.unsplash.com/photo-1541529086526-db283c563270?w=200
21,887,2026-05-03T11:42:41,10.767375,106.6941425,https://images.unsplash.com/photo-1482049016688-2d3e1b311543?q=80&w=600
21,59,2026-05-03T11:42:41,10.7666137,106.6922676,https://images.unsplash.com/photo-1541529086526-db283c563270?w=200
11,23,2026-05-03T11:50:41,10.7732882,106.7040253,https://images.unsplash.com/photo-1541529086526-db283c563270?w=200
21,87,2026-05-03T11:50:41,10.7754764,106.6956779,https://images.unsplash.com/photo-1541529086526-db283c563270?w=200
9,19,2026-05-03T11:51:41,10.7807008,106.7067111,https://images.unsplash.com/photo-1541529086526-db283c563270?w=200
9,51,2026-05-03T11:53:41,10.8184173,106.7047992,https://images.unsplash.com/photo-1541529086526-db283c563270?w=200
23,890,2026-05-03T11:56:41,10.7680337,106.6938158,https://images.unsplash.com/photo-1512621776951-a57141f2eefd?q=80&w=600
10,910,2026-05-03T12:02:41,10.7917311,106.6915979,https://images.unsplash.com/photo-1540189549336-e6e99c3679fe?q=80&w=600
10,19,2026-05-03T12:09:41,10.7807008,106.7067111,https://images.unsplash.com/photo-1541529086526-db283c563270?w=200
28,6629,2026-05-03T12:12:16,10.7770498,106.6979588,https://images.unsplash.com/photo-1555939594-58d7cb561ad1?q=80&w=600
10,5766,2026-05-03T12:12:16,10.7678212,106.6981206,https://images.unsplash.com/photo-1546069901-ba9599a7e63c?q=80&w=600
26,15675,2026-05-03T12:12:16,10.7664912,106.6986439,https://images.unsplash.com/photo-1484723088339-32383369d5bb?q=80&w=600
30,10772,2026-05-03T12:12:16,10.7909455,106.6411587,https://images.unsplash.com/photo-1567620905732-2d1ec7bb7445?q=80&w=600
24,6581,2026-05-03T12:12:16,10.7698472,106.6976699,https://images.unsplash.com/photo-1484723088339-32383369d5bb?q=80&w=600
11,11688,2026-05-03T12:12:16,10.7693499,106.7030191,https://images.unsplash.com/photo-1565299624946-b28f40a0ae38?q=80&w=600
10,53,2026-05-03T12:15:41,10.8491522,106.6365739,https://images.unsplash.com/photo-1582878826629-29b7ad1cdc43?w=200
10,49,2026-05-03T12:30:41,10.8184173,106.7047992,https://images.unsplash.com/photo-1582878826629-29b7ad1cdc43?w=200
10,71,2026-05-03T12:38:41,10.7826304,106.6972822,https://images.unsplash.com/photo-1541529086526-db283c563270?w=200
22,23,2026-05-03T12:48:41,10.7732882,106.7040253,https://images.unsplash.com/photo-1541529086526-db283c563270?w=200
22,819,2026-05-03T12:58:41,10.772698,106.7048299,https://images.unsplash.com/photo-1546069901-ba9599a7e63c?q=80&w=600
8,16741,2026-05-03T13:12:16,10.7588579,106.6717884,https://images.unsplash.com/photo-1546069901-ba9599a7e63c?q=80&w=600
31,6974,2026-05-03T13:12:16,10.7517583,106.708285,https://images.unsplash.com/photo-1512621776951-a57141f2eefd?q=80&w=600
31,11449,2026-05-03T13:12:16,10.8039306,106.6326517,https://images.unsplash.com/photo-1540189549336-e6e99c3679fe?q=80&w=600
14,51,2026-05-03T14:06:41,10.8184173,106.7047992,https://images.unsplash.com/photo-1541529086526-db283c563270?w=200
14,39,2026-05-03T14:11:41,10.7680337,106.6938158,https://images.unsplash.com/photo-1541529086526-db283c563270?w=200
17,11798,2026-05-03T14:12:16,10.782749,106.7531708,https://images.unsplash.com/photo-1567620905732-2d1ec7bb7445?q=80&w=600
26,9828,2026-05-03T14:12:16,10.8636641,106.6039444,https://images.unsplash.com/photo-1482049016688-2d3e1b311543?q=80&w=600
14,14055,2026-05-03T14:12:16,10.7956221,106.6681908,https://images.unsplash.com/photo-1567620905732-2d1ec7bb7445?q=80&w=600
6,10613,2026-05-03T14:12:16,10.7686414,106.69044,https://images.unsplash.com/photo-1512621776951-a57141f2eefd?q=80&w=600
32,16140,2026-05-03T14:12:16,10.7718079,106.6654569,https://images.unsplash.com/photo-1555939594-58d7cb561ad1?q=80&w=600
14,978,2026-05-03T14:18:41,10.7762829,106.7042247,https://images.unsplash.com/photo-1482049016688-2d3e1b311543?q=80&w=600
14,5,2026-05-03T14:38:41,10.772698,106.7048299,https://images.unsplash.com/photo-1582878826629-29b7ad1cdc43?w=200
10,37,2026-05-03T15:12:16,10.7680337,106.6938158,https://images.unsplash.com/photo-1582878826629-29b7ad1cdc43?w=200
16,19,2026-05-03T15:18:41,10.7807008,106.7067111,https://images.unsplash.com/photo-1541529086526-db283c563270?w=200
16,921,2026-05-03T15:26:41,10.8184173,106.7047992,https://images.unsplash.com/photo-1567620905732-2d1ec7bb7445?q=80&w=600
16,7,2026-05-03T15:28:41,10.772698,106.7048299,https://images.unsplash.com/photo-1541529086526-db283c563270?w=200
16,932,2026-05-03T15:29:41,10.8491522,106.6365739,https://images.unsplash.com/photo-1546069901-ba9599a7e63c?q=80&w=600
16,866,2026-05-03T15:58:41,10.8029924,106.6995844,https://images.unsplash.com/photo-1484723088339-32383369d5bb?q=80&w=600
26,16898,2026-05-03T16:12:16,10.7653911,106.6900919,https://images.unsplash.com/photo-1546069901-ba9599a7e63c?q=80&w=600
22,241,2026-05-03T16:12:16,10.7780081,106.7038501,https://images.unsplash.com/photo-1582878826629-29b7ad1cdc43?w=200
6,8158,2026-05-03T17:12:16,10.7946714,106.7526081,https://images.unsplash.com/photo-1484723088339-32383369d5bb?q=80&w=600
26,4840,2026-05-03T17:12:16,10.7732787,106.7038317,https://images.unsplash.com/photo-1555939594-58d7cb561ad1?q=80&w=600
17,4139,2026-05-03T18:12:16,10.7311335,106.7079336,https://images.unsplash.com/photo-1484723088339-32383369d5bb?q=80&w=600
14,6508,2026-05-03T18:12:16,10.7716774,106.6968134,https://images.unsplash.com/photo-1565299624946-b28f40a0ae38?q=80&w=600
14,89,2026-05-03T18:12:16,10.7743953,106.7040996,https://images.unsplash.com/photo-1582878826629-29b7ad1cdc43?w=200
20,377,2026-05-03T18:12:16,10.7674081,106.6930818,https://images.unsplash.com/photo-1582878826629-29b7ad1cdc43?w=200
18,29,2026-05-03T19:12:16,10.8062565,106.6949559,https://images.unsplash.com/photo-1582878826629-29b7ad1cdc43?w=200
31,8118,2026-05-03T19:12:16,10.7882694,106.6956305,https://images.unsplash.com/photo-1565299624946-b28f40a0ae38?q=80&w=600
23,8683,2026-05-03T19:12:16,10.7893608,106.7095502,https://images.unsplash.com/photo-1546069901-ba9599a7e63c?q=80&w=600
30,3071,2026-05-03T19:12:16,10.7553081,106.6736944,https://images.unsplash.com/photo-1484723088339-32383369d5bb?q=80&w=600
25,189,2026-05-03T21:12:16,10.7975447,106.7141842,https://images.unsplash.com/photo-1582878826629-29b7ad1cdc43?w=200
30,5493,2026-05-03T21:12:16,10.7734472,106.7063334,https://images.unsplash.com/photo-1482049016688-2d3e1b311543?q=80&w=600
32,4663,2026-05-03T21:12:16,10.7576984,106.678182,https://images.unsplash.com/photo-1482049016688-2d3e1b311543?q=80&w=600
23,13150,2026-05-03T21:12:16,10.7857954,106.6789657,https://images.unsplash.com/photo-1565299624946-b28f40a0ae38?q=80&w=600
6,88,2026-05-03T22:10:41,10.7754764,106.6956779,https://images.unsplash.com/photo-1571328003758-4a3921661709?w=200
30,17003,2026-05-03T22:12:16,10.8011151,106.6892773,https://images.unsplash.com/photo-1484723088339-32383369d5bb?q=80&w=600
12,797,2026-05-03T22:12:16,10.7869045,106.763111,https://images.unsplash.com/photo-1582878826629-29b7ad1cdc43?w=200
19,13447,2026-05-03T22:12:16,10.7355928,106.6931855,https://images.unsplash.com/photo-1555939594-58d7cb561ad1?q=80&w=600
6,962,2026-05-03T22:22:41,10.778168,106.7037041,https://images.unsplash.com/photo-1567620905732-2d1ec7bb7445?q=80&w=600
6,14,2026-05-03T22:41:41,10.7728736,106.7062835,https://images.unsplash.com/photo-1513104890138-7c749659a591?w=200
6,20,2026-05-03T22:49:41,10.7807008,106.7067111,https://images.unsplash.com/photo-1571328003758-4a3921661709?w=200
6,999,2026-05-03T22:50:41,10.7754972,106.7007063,https://images.unsplash.com/photo-1546069901-ba9599a7e63c?q=80&w=600
30,381,2026-05-03T23:12:16,10.7622509,106.6762166,https://images.unsplash.com/photo-1582878826629-29b7ad1cdc43?w=200
14,14310,2026-05-03T23:12:16,10.8038328,106.7359928,https://images.unsplash.com/photo-1555939594-58d7cb561ad1?q=80&w=600
31,4840,2026-05-03T23:12:16,10.7732787,106.7038317,https://images.unsplash.com/photo-1555939594-58d7cb561ad1?q=80&w=600
7,26,2026-05-03T23:15:41,10.8029924,106.6995844,https://images.unsplash.com/photo-1513104890138-7c749659a591?w=200
7,1030,2026-05-03T23:18:41,10.7662887,106.7077614,https://images.unsplash.com/photo-1567620905732-2d1ec7bb7445?q=80&w=600
7,1119,2026-05-03T23:35:41,10.7718553,106.6975823,https://images.unsplash.com/photo-1484723088339-32383369d5bb?q=80&w=600
7,902,2026-05-03T23:49:41,10.7684684,106.6938884,https://images.unsplash.com/photo-1567620905732-2d1ec7bb7445?q=80&w=600
13,812,2026-05-04T00:00:41,10.772698,106.7048299,https://images.unsplash.com/photo-1546069901-ba9599a7e63c?q=80&w=600
18,6321,2026-05-04T00:12:16,10.7697154,106.6925751,https://images.unsplash.com/photo-1484723088339-32383369d5bb?q=80&w=600
13,855,2026-05-04T00:16:41,10.7732882,106.7040253,https://images.unsplash.com/photo-1546069901-ba9599a7e63c?q=80&w=600
25,1173,2026-05-04T00:29:41,10.8005534,106.7246028,https://images.unsplash.com/photo-1567620905732-2d1ec7bb7445?q=80&w=600
25,1133,2026-05-04T00:41:41,10.7748184,106.6992492,https://images.unsplash.com/photo-1482049016688-2d3e1b311543?q=80&w=600
13,48,2026-05-04T00:41:41,10.7917311,106.6915979,https://images.unsplash.com/photo-1571328003758-4a3921661709?w=200
25,850,2026-05-04T00:49:41,10.7732882,106.7040253,https://images.unsplash.com/photo-1546069901-ba9599a7e63c?q=80&w=600
7,815,2026-05-04T01:08:41,10.772698,106.7048299,https://images.unsplash.com/photo-1546069901-ba9599a7e63c?q=80&w=600
29,9949,2026-05-04T01:12:16,10.774512,106.704844,https://images.unsplash.com/photo-1484723088339-32383369d5bb?q=80&w=600
23,11113,2026-05-04T01:12:16,10.7653742,106.7049428,https://images.unsplash.com/photo-1546069901-ba9599a7e63c?q=80&w=600
18,341,2026-05-04T01:12:16,10.7302921,106.7095995,https://images.unsplash.com/photo-1582878826629-29b7ad1cdc43?w=200
7,44,2026-05-04T01:15:41,10.7684684,106.6938884,https://images.unsplash.com/photo-1571328003758-4a3921661709?w=200
7,1201,2026-05-04T01:16:41,10.755919,106.676499,https://images.unsplash.com/photo-1567620905732-2d1ec7bb7445?q=80&w=600
7,950,2026-05-04T01:36:41,10.8184378,106.6990062,https://images.unsplash.com/photo-1482049016688-2d3e1b311543?q=80&w=600
6,1008,2026-05-04T01:45:41,10.7754764,106.6956779,https://images.unsplash.com/photo-1540189549336-e6e99c3679fe?q=80&w=600
6,1173,2026-05-04T01:53:41,10.8005534,106.7246028,https://images.unsplash.com/photo-1567620905732-2d1ec7bb7445?q=80&w=600
1,517,2026-05-04T01:54:02,10.7882189,106.6916737,https://images.unsplash.com/photo-1582878826629-29b7ad1cdc43?w=200
28,16807,2026-05-04T02:12:16,10.7666113,106.690904,https://images.unsplash.com/photo-1567620905732-2d1ec7bb7445?q=80&w=600
26,7366,2026-05-04T02:12:16,10.76482,106.6949607,https://images.unsplash.com/photo-1565299624946-b28f40a0ae38?q=80&w=600
33,13878,2026-05-04T02:12:16,10.7963499,106.6653543,https://images.unsplash.com/photo-1484723088339-32383369d5bb?q=80&w=600
22,7225,2026-05-04T02:12:16,10.8063819,106.6810097,https://images.unsplash.com/photo-1567620905732-2d1ec7bb7445?q=80&w=600
10,8253,2026-05-04T03:12:16,10.7741495,106.7042153,https://images.unsplash.com/photo-1565299624946-b28f40a0ae38?q=80&w=600
18,5857,2026-05-04T03:12:16,10.7254777,106.7092096,https://images.unsplash.com/photo-1565299624946-b28f40a0ae38?q=80&w=600
33,13159,2026-05-04T03:12:16,10.7730075,106.6648255,https://images.unsplash.com/photo-1540189549336-e6e99c3679fe?q=80&w=600
32,197,2026-05-04T03:12:16,10.797692,106.715692,https://images.unsplash.com/photo-1582878826629-29b7ad1cdc43?w=200
31,309,2026-05-04T03:12:16,10.7275634,106.7196653,https://images.unsplash.com/photo-1582878826629-29b7ad1cdc43?w=200
6,4059,2026-05-04T03:12:16,10.7383128,106.6220743,https://images.unsplash.com/photo-1512621776951-a57141f2eefd?q=80&w=600
18,4567,2026-05-04T03:12:16,10.7582104,106.6769392,https://images.unsplash.com/photo-1567620905732-2d1ec7bb7445?q=80&w=600
2,6851,2026-05-04T03:12:16,10.7724078,106.6794545,https://images.unsplash.com/photo-1484723088339-32383369d5bb?q=80&w=600
22,3328,2026-05-04T04:12:16,10.7712618,106.6301381,https://images.unsplash.com/photo-1540189549336-e6e99c3679fe?q=80&w=600
6,12886,2026-05-04T04:12:16,10.7852678,106.7011105,https://images.unsplash.com/photo-1482049016688-2d3e1b311543?q=80&w=600
8,12199,2026-05-04T04:12:16,10.7856744,106.7648427,https://images.unsplash.com/photo-1567620905732-2d1ec7bb7445?q=80&w=600
19,25,2026-05-04T04:12:16,10.8029924,106.6995844,https://images.unsplash.com/photo-1582878826629-29b7ad1cdc43?w=200
23,15362,2026-05-04T04:12:16,10.7714741,106.69207,https://images.unsplash.com/photo-1567620905732-2d1ec7bb7445?q=80&w=600
31,16798,2026-05-04T05:12:16,10.7683685,106.6933655,https://images.unsplash.com/photo-1482049016688-2d3e1b311543?q=80&w=600
24,1,2026-05-04T06:09:41,10.768208,106.6841501,https://images.unsplash.com/photo-1582878826629-29b7ad1cdc43?w=200
14,14366,2026-05-04T06:12:16,10.776982,106.7038982,https://images.unsplash.com/photo-1482049016688-2d3e1b311543?q=80&w=600
24,942,2026-05-04T06:26:41,10.7666137,106.6922676,https://images.unsplash.com/photo-1540189549336-e6e99c3679fe?q=80&w=600
24,908,2026-05-04T06:44:41,10.7684684,106.6938884,https://images.unsplash.com/photo-1512621776951-a57141f2eefd?q=80&w=600
24,9,2026-05-04T06:46:41,10.789502,106.711158,https://images.unsplash.com/photo-1582878826629-29b7ad1cdc43?w=200
23,7432,2026-05-04T07:12:16,10.8056356,106.7321369,https://images.unsplash.com/photo-1565299624946-b28f40a0ae38?q=80&w=600
24,6465,2026-05-04T07:12:16,10.7891129,106.6989388,https://images.unsplash.com/photo-1484723088339-32383369d5bb?q=80&w=600
6,15814,2026-05-04T07:12:16,10.790891,106.6870771,https://images.unsplash.com/photo-1565299624946-b28f40a0ae38?q=80&w=600
23,15600,2026-05-04T07:12:16,10.7863125,106.6716875,https://images.unsplash.com/photo-1512621776951-a57141f2eefd?q=80&w=600
19,947,2026-05-04T07:44:41,10.8184378,106.6990062,https://images.unsplash.com/photo-1484723088339-32383369d5bb?q=80&w=600
19,880,2026-05-04T07:55:41,10.767375,106.6941425,https://images.unsplash.com/photo-1512621776951-a57141f2eefd?q=80&w=600
8,5,2026-05-04T08:00:41,10.772698,106.7048299,https://images.unsplash.com/photo-1582878826629-29b7ad1cdc43?w=200
11,9217,2026-05-04T08:12:16,10.7668787,106.6946896,https://images.unsplash.com/photo-1567620905732-2d1ec7bb7445?q=80&w=600
6,8048,2026-05-04T08:12:16,10.7574411,106.7002611,https://images.unsplash.com/photo-1555939594-58d7cb561ad1?q=80&w=600
8,6520,2026-05-04T08:12:16,10.7641797,106.6873551,https://images.unsplash.com/photo-1565299624946-b28f40a0ae38?q=80&w=600
20,870,2026-05-04T08:21:41,10.8062565,106.6949559,https://images.unsplash.com/photo-1565299624946-b28f40a0ae38?q=80&w=600
20,817,2026-05-04T08:27:41,10.772698,106.7048299,https://images.unsplash.com/photo-1512621776951-a57141f2eefd?q=80&w=600
10,938,2026-05-04T08:47:41,10.7666137,106.6922676,https://images.unsplash.com/photo-1512621776951-a57141f2eefd?q=80&w=600
10,827,2026-05-04T08:51:41,10.789502,106.711158,https://images.unsplash.com/photo-1484723088339-32383369d5bb?q=80&w=600
20,41,2026-05-04T08:54:41,10.7684684,106.6938884,https://images.unsplash.com/photo-1582878826629-29b7ad1cdc43?w=200
8,912,2026-05-04T08:54:41,10.7917311,106.6915979,https://images.unsplash.com/photo-1484723088339-32383369d5bb?q=80&w=600
8,941,2026-05-04T08:56:41,10.7666137,106.6922676,https://images.unsplash.com/photo-1540189549336-e6e99c3679fe?q=80&w=600
8,912,2026-05-04T08:57:41,10.7917311,106.6915979,https://images.unsplash.com/photo-1484723088339-32383369d5bb?q=80&w=600
9,5544,2026-05-04T09:12:16,10.7863243,106.6845743,https://images.unsplash.com/photo-1565299624946-b28f40a0ae38?q=80&w=600
26,11186,2026-05-04T09:12:16,10.7924146,106.6945777,https://images.unsplash.com/photo-1482049016688-2d3e1b311543?q=80&w=600
18,16429,2026-05-04T09:12:16,10.7497784,106.6752706,https://images.unsplash.com/photo-1540189549336-e6e99c3679fe?q=80&w=600
11,11666,2026-05-04T10:12:16,10.7468708,106.7928574,https://images.unsplash.com/photo-1540189549336-e6e99c3679fe?q=80&w=600
12,15619,2026-05-04T10:12:16,10.7849714,106.6998924,https://images.unsplash.com/photo-1540189549336-e6e99c3679fe?q=80&w=600
10,8928,2026-05-04T10:12:16,10.749873,106.6440891,https://images.unsplash.com/photo-1540189549336-e6e99c3679fe?q=80&w=600
12,4623,2026-05-04T10:12:16,10.803816,106.7230505,https://images.unsplash.com/photo-1540189549336-e6e99c3679fe?q=80&w=600
11,51,2026-05-04T11:05:41,10.8184173,106.7047992,https://images.unsplash.com/photo-1541529086526-db283c563270?w=200
11,1015,2026-05-04T11:10:41,10.7754764,106.6956779,https://images.unsplash.com/photo-1484723088339-32383369d5bb?q=80&w=600
21,11,2026-05-04T11:11:41,10.789502,106.711158,https://images.unsplash.com/photo-1541529086526-db283c563270?w=200
10,13792,2026-05-04T11:12:16,10.7966415,106.6675088,https://images.unsplash.com/photo-1565299624946-b28f40a0ae38?q=80&w=600
21,965,2026-05-04T11:14:41,10.778168,106.7037041,https://images.unsplash.com/photo-1512621776951-a57141f2eefd?q=80&w=600
11,63,2026-05-04T11:24:41,10.8184378,106.6990062,https://images.unsplash.com/photo-1541529086526-db283c563270?w=200
21,95,2026-05-04T11:43:41,10.7662887,106.7077614,https://images.unsplash.com/photo-1541529086526-db283c563270?w=200
11,890,2026-05-04T11:47:41,10.7680337,106.6938158,https://images.unsplash.com/photo-1512621776951-a57141f2eefd?q=80&w=600
22,939,2026-05-04T12:01:41,10.7666137,106.6922676,https://images.unsplash.com/photo-1567620905732-2d1ec7bb7445?q=80&w=600
22,890,2026-05-04T12:01:41,10.7680337,106.6938158,https://images.unsplash.com/photo-1512621776951-a57141f2eefd?q=80&w=600
22,1022,2026-05-04T12:07:41,10.7743953,106.7040996,https://images.unsplash.com/photo-1555939594-58d7cb561ad1?q=80&w=600
9,965,2026-05-04T12:11:41,10.778168,106.7037041,https://images.unsplash.com/photo-1512621776951-a57141f2eefd?q=80&w=600
17,4803,2026-05-04T12:12:16,10.8970649,106.7630135,https://images.unsplash.com/photo-1565299624946-b28f40a0ae38?q=80&w=600
30,5230,2026-05-04T12:12:16,10.7704885,106.6698605,https://images.unsplash.com/photo-1555939594-58d7cb561ad1?q=80&w=600
22,43,2026-05-04T12:42:41,10.7684684,106.6938884,https://images.unsplash.com/photo-1541529086526-db283c563270?w=200
9,95,2026-05-04T12:53:41,10.7662887,106.7077614,https://images.unsplash.com/photo-1541529086526-db283c563270?w=200
12,3746,2026-05-04T13:12:16,10.7315659,106.715633,https://images.unsplash.com/photo-1567620905732-2d1ec7bb7445?q=80&w=600
9,4048,2026-05-04T13:12:16,10.8749461,106.7988693,https://images.unsplash.com/photo-1482049016688-2d3e1b311543?q=80&w=600
17,7572,2026-05-04T13:12:16,10.7878849,106.6962102,https://images.unsplash.com/photo-1484723088339-32383369d5bb?q=80&w=600
14,469,2026-05-04T14:12:16,10.7978158,106.689146,https://images.unsplash.com/photo-1582878826629-29b7ad1cdc43?w=200
18,10333,2026-05-04T14:12:16,10.7736329,106.6974832,https://images.unsplash.com/photo-1482049016688-2d3e1b311543?q=80&w=600
6,641,2026-05-04T14:12:16,10.8217469,106.6937108,https://images.unsplash.com/photo-1582878826629-29b7ad1cdc43?w=200
22,16383,2026-05-04T14:12:16,10.7679322,106.6716847,https://images.unsplash.com/photo-1482049016688-2d3e1b311543?q=80&w=600
18,15,2026-05-04T14:15:41,10.7728736,106.7062835,https://images.unsplash.com/photo-1541529086526-db283c563270?w=200
18,87,2026-05-04T14:17:41,10.7754764,106.6956779,https://images.unsplash.com/photo-1541529086526-db283c563270?w=200
18,975,2026-05-04T14:41:41,10.7826304,106.6972822,https://images.unsplash.com/photo-1512621776951-a57141f2eefd?q=80&w=600
9,5840,2026-05-04T15:12:16,10.7566626,106.6781801,https://images.unsplash.com/photo-1484723088339-32383369d5bb?q=80&w=600
15,41,2026-05-04T16:10:41,10.7684684,106.6938884,https://images.unsplash.com/photo-1582878826629-29b7ad1cdc43?w=200
2,13705,2026-05-04T16:12:16,10.754109,106.6864973,https://images.unsplash.com/photo-1482049016688-2d3e1b311543?q=80&w=600
10,3520,2026-05-04T16:12:16,10.7923047,106.7015974,https://images.unsplash.com/photo-1546069901-ba9599a7e63c?q=80&w=600
15,838,2026-05-04T16:23:41,10.7728736,106.7062835,https://images.unsplash.com/photo-1546069901-ba9599a7e63c?q=80&w=600
15,890,2026-05-04T16:26:41,10.7680337,106.6938158,https://images.unsplash.com/photo-1512621776951-a57141f2eefd?q=80&w=600
15,55,2026-05-04T16:31:41,10.8491522,106.6365739,https://images.unsplash.com/photo-1541529086526-db283c563270?w=200
23,1023,2026-05-04T16:34:41,10.7743953,106.7040996,https://images.unsplash.com/photo-1484723088339-32383369d5bb?q=80&w=600
23,942,2026-05-04T16:51:41,10.7666137,106.6922676,https://images.unsplash.com/photo-1540189549336-e6e99c3679fe?q=80&w=600
15,838,2026-05-04T16:56:41,10.7728736,106.7062835,https://images.unsplash.com/photo-1546069901-ba9599a7e63c?q=80&w=600
26,13055,2026-05-04T17:12:16,10.7648395,106.6949177,https://images.unsplash.com/photo-1565299624946-b28f40a0ae38?q=80&w=600
11,7378,2026-05-04T17:12:16,10.8018336,106.7478741,https://images.unsplash.com/photo-1484723088339-32383369d5bb?q=80&w=600
24,201,2026-05-04T17:12:16,10.7979426,106.7158367,https://images.unsplash.com/photo-1582878826629-29b7ad1cdc43?w=200
14,4727,2026-05-04T17:12:16,10.7566907,106.6761001,https://images.unsplash.com/photo-1484723088339-32383369d5bb?q=80&w=600
16,55,2026-05-04T17:26:41,10.8491522,106.6365739,https://images.unsplash.com/photo-1541529086526-db283c563270?w=200
16,51,2026-05-04T17:40:41,10.8184173,106.7047992,https://images.unsplash.com/photo-1541529086526-db283c563270?w=200
16,901,2026-05-04T17:59:41,10.7684684,106.6938884,https://images.unsplash.com/photo-1540189549336-e6e99c3679fe?q=80&w=600
14,829,2026-05-04T18:00:41,10.7728736,106.7062835,https://images.unsplash.com/photo-1565299624946-b28f40a0ae38?q=80&w=600
17,910,2026-05-04T18:07:41,10.7917311,106.6915979,https://images.unsplash.com/photo-1540189549336-e6e99c3679fe?q=80&w=600
14,901,2026-05-04T18:10:41,10.7684684,106.6938884,https://images.unsplash.com/photo-1540189549336-e6e99c3679fe?q=80&w=600
17,43,2026-05-04T18:11:41,10.7684684,106.6938884,https://images.unsplash.com/photo-1541529086526-db283c563270?w=200
6,13705,2026-05-04T18:12:16,10.754109,106.6864973,https://images.unsplash.com/photo-1482049016688-2d3e1b311543?q=80&w=600
30,5721,2026-05-04T18:12:16,10.7736096,106.671824,https://images.unsplash.com/photo-1546069901-ba9599a7e63c?q=80&w=600
12,945,2026-05-04T18:22:41,10.7666137,106.6922676,https://images.unsplash.com/photo-1540189549336-e6e99c3679fe?q=80&w=600
12,67,2026-05-04T18:34:41,10.778168,106.7037041,https://images.unsplash.com/photo-1541529086526-db283c563270?w=200
12,9,2026-05-04T18:42:41,10.789502,106.711158,https://images.unsplash.com/photo-1582878826629-29b7ad1cdc43?w=200
12,905,2026-05-04T18:46:41,10.7684684,106.6938884,https://images.unsplash.com/photo-1567620905732-2d1ec7bb7445?q=80&w=600
12,989,2026-05-04T18:57:41,10.7760297,106.7047293,https://images.unsplash.com/photo-1484723088339-32383369d5bb?q=80&w=600
17,817,2026-05-04T18:59:41,10.772698,106.7048299,https://images.unsplash.com/photo-1512621776951-a57141f2eefd?q=80&w=600
31,16730,2026-05-04T20:12:16,10.7852577,106.6422916,https://images.unsplash.com/photo-1482049016688-2d3e1b311543?q=80&w=600
9,11626,2026-05-04T21:12:16,10.7755867,106.7505868,https://images.unsplash.com/photo-1567620905732-2d1ec7bb7445?q=80&w=600
23,12735,2026-05-04T21:12:16,10.7774006,106.6884244,https://images.unsplash.com/photo-1565299624946-b28f40a0ae38?q=80&w=600
10,15219,2026-05-04T22:12:16,10.769371,106.6827934,https://images.unsplash.com/photo-1567620905732-2d1ec7bb7445?q=80&w=600
11,653,2026-05-04T22:12:16,10.7916099,106.693465,https://images.unsplash.com/photo-1582878826629-29b7ad1cdc43?w=200
23,3802,2026-05-04T22:12:16,10.7929997,106.6889296,https://images.unsplash.com/photo-1565299624946-b28f40a0ae38?q=80&w=600
11,15640,2026-05-04T23:12:16,10.7667991,106.6907291,https://images.unsplash.com/photo-1484723088339-32383369d5bb?q=80&w=600
28,13378,2026-05-05T00:12:16,10.7302924,106.7068667,https://images.unsplash.com/photo-1567620905732-2d1ec7bb7445?q=80&w=600
10,13744,2026-05-05T00:12:16,10.780396,106.676164,https://images.unsplash.com/photo-1482049016688-2d3e1b311543?q=80&w=600
30,13331,2026-05-05T00:12:16,10.7981376,106.689783,https://images.unsplash.com/photo-1546069901-ba9599a7e63c?q=80&w=600
9,11895,2026-05-05T00:12:16,10.791537,106.665755,https://images.unsplash.com/photo-1565299624946-b28f40a0ae38?q=80&w=600
9,741,2026-05-05T00:12:16,10.7633997,106.6679121,https://images.unsplash.com/photo-1582878826629-29b7ad1cdc43?w=200
13,1012,2026-05-05T01:07:41,10.7754764,106.6956779,https://images.unsplash.com/photo-1484723088339-32383369d5bb?q=80&w=600
19,16565,2026-05-05T01:12:16,10.767565,106.6847937,https://images.unsplash.com/photo-1484723088339-32383369d5bb?q=80&w=600
20,5994,2026-05-05T01:12:16,10.7718307,106.6858164,https://images.unsplash.com/photo-1546069901-ba9599a7e63c?q=80&w=600
13,902,2026-05-05T01:29:41,10.7684684,106.6938884,https://images.unsplash.com/photo-1567620905732-2d1ec7bb7445?q=80&w=600
13,36,2026-05-05T01:47:41,10.767375,106.6941425,https://images.unsplash.com/photo-1571328003758-4a3921661709?w=200
13,100,2026-05-05T01:49:41,10.7602951,106.6991702,https://images.unsplash.com/photo-1571328003758-4a3921661709?w=200
10,7332,2026-05-05T02:12:16,10.7494016,106.7048936,https://images.unsplash.com/photo-1546069901-ba9599a7e63c?q=80&w=600
24,6733,2026-05-05T02:12:16,10.7548497,106.6919486,https://images.unsplash.com/photo-1512621776951-a57141f2eefd?q=80&w=600
9,12449,2026-05-05T02:12:16,10.7991235,106.6883822,https://images.unsplash.com/photo-1567620905732-2d1ec7bb7445?q=80&w=600
20,9227,2026-05-05T03:12:16,10.7718195,106.6956418,https://images.unsplash.com/photo-1540189549336-e6e99c3679fe?q=80&w=600
20,3896,2026-05-05T03:12:16,10.7776498,106.661955,https://images.unsplash.com/photo-1484723088339-32383369d5bb?q=80&w=600
23,10613,2026-05-05T03:12:16,10.7686414,106.69044,https://images.unsplash.com/photo-1512621776951-a57141f2eefd?q=80&w=600
20,9887,2026-05-05T04:12:16,10.8266977,106.7302676,https://images.unsplash.com/photo-1512621776951-a57141f2eefd?q=80&w=600
22,7541,2026-05-05T04:12:16,10.7721763,106.6919054,https://images.unsplash.com/photo-1482049016688-2d3e1b311543?q=80&w=600
9,4090,2026-05-05T04:12:16,10.7293411,106.7089901,https://images.unsplash.com/photo-1482049016688-2d3e1b311543?q=80&w=600
20,9792,2026-05-05T04:12:16,10.7318839,106.7191567,https://images.unsplash.com/photo-1555939594-58d7cb561ad1?q=80&w=600
23,5089,2026-05-05T05:12:16,10.7705228,106.6694743,https://images.unsplash.com/photo-1512621776951-a57141f2eefd?q=80&w=600
22,3939,2026-05-05T05:12:16,10.8132471,106.6677124,https://images.unsplash.com/photo-1555939594-58d7cb561ad1?q=80&w=600
30,13985,2026-05-05T05:12:16,10.7969848,106.6627307,https://images.unsplash.com/photo-1546069901-ba9599a7e63c?q=80&w=600
19,69,2026-05-05T06:01:41,10.7826304,106.6972822,https://images.unsplash.com/photo-1582878826629-29b7ad1cdc43?w=200
24,894,2026-05-05T06:04:41,10.7680337,106.6938158,https://images.unsplash.com/photo-1512621776951-a57141f2eefd?q=80&w=600
19,884,2026-05-05T06:08:41,10.767375,106.6941425,https://images.unsplash.com/photo-1565299624946-b28f40a0ae38?q=80&w=600
20,905,2026-05-05T06:17:41,10.7684684,106.6938884,https://images.unsplash.com/photo-1567620905732-2d1ec7bb7445?q=80&w=600
8,972,2026-05-05T06:20:41,10.7826304,106.6972822,https://images.unsplash.com/photo-1555939594-58d7cb561ad1?q=80&w=600
24,894,2026-05-05T06:22:41,10.7680337,106.6938158,https://images.unsplash.com/photo-1512621776951-a57141f2eefd?q=80&w=600
8,970,2026-05-05T06:25:41,10.7826304,106.6972822,https://images.unsplash.com/photo-1567620905732-2d1ec7bb7445?q=80&w=600
19,894,2026-05-05T06:26:41,10.7680337,106.6938158,https://images.unsplash.com/photo-1512621776951-a57141f2eefd?q=80&w=600
24,896,2026-05-05T06:29:41,10.7680337,106.6938158,https://images.unsplash.com/photo-1565299624946-b28f40a0ae38?q=80&w=600
20,61,2026-05-05T06:36:41,10.8184378,106.6990062,https://images.unsplash.com/photo-1582878826629-29b7ad1cdc43?w=200
8,69,2026-05-05T06:38:41,10.7826304,106.6972822,https://images.unsplash.com/photo-1582878826629-29b7ad1cdc43?w=200
19,1,2026-05-05T06:42:41,10.768208,106.6841501,https://images.unsplash.com/photo-1582878826629-29b7ad1cdc43?w=200
24,829,2026-05-05T06:45:41,10.7728736,106.7062835,https://images.unsplash.com/photo-1565299624946-b28f40a0ae38?q=80&w=600
19,45,2026-05-05T06:53:41,10.7917311,106.6915979,https://images.unsplash.com/photo-1582878826629-29b7ad1cdc43?w=200
24,905,2026-05-05T06:54:41,10.7684684,106.6938884,https://images.unsplash.com/photo-1567620905732-2d1ec7bb7445?q=80&w=600
20,829,2026-05-05T06:56:41,10.7728736,106.7062835,https://images.unsplash.com/photo-1565299624946-b28f40a0ae38?q=80&w=600
20,960,2026-05-05T06:58:41,10.778168,106.7037041,https://images.unsplash.com/photo-1567620905732-2d1ec7bb7445?q=80&w=600
9,473,2026-05-05T07:12:16,10.7976159,106.6895901,https://images.unsplash.com/photo-1582878826629-29b7ad1cdc43?w=200
6,8764,2026-05-05T07:12:16,10.7405616,106.6990024,https://images.unsplash.com/photo-1540189549336-e6e99c3679fe?q=80&w=600
18,4811,2026-05-05T07:12:16,10.7606445,106.6441647,https://images.unsplash.com/photo-1482049016688-2d3e1b311543?q=80&w=600
16,79,2026-05-05T08:06:41,10.7760297,106.7047293,https://images.unsplash.com/photo-1541529086526-db283c563270?w=200
23,7398,2026-05-05T08:12:16,10.7776667,106.6787439,https://images.unsplash.com/photo-1540189549336-e6e99c3679fe?q=80&w=600
22,10902,2026-05-05T08:12:16,10.7796159,106.7052237,https://images.unsplash.com/photo-1512621776951-a57141f2eefd?q=80&w=600
14,938,2026-05-05T08:12:41,10.7666137,106.6922676,https://images.unsplash.com/photo-1512621776951-a57141f2eefd?q=80&w=600
14,846,2026-05-05T08:16:41,10.7807008,106.7067111,https://images.unsplash.com/photo-1567620905732-2d1ec7bb7445?q=80&w=600
16,876,2026-05-05T08:21:41,10.8062565,106.6949559,https://images.unsplash.com/photo-1482049016688-2d3e1b311543?q=80&w=600
14,49,2026-05-05T08:29:41,10.8184173,106.7047992,https://images.unsplash.com/photo-1582878826629-29b7ad1cdc43?w=200
16,95,2026-05-05T08:42:41,10.7662887,106.7077614,https://images.unsplash.com/photo-1541529086526-db283c563270?w=200
16,835,2026-05-05T08:44:41,10.7728736,106.7062835,https://images.unsplash.com/photo-1484723088339-32383369d5bb?q=80&w=600
14,831,2026-05-05T08:54:41,10.7728736,106.7062835,https://images.unsplash.com/photo-1484723088339-32383369d5bb?q=80&w=600
14,972,2026-05-05T08:56:41,10.7826304,106.6972822,https://images.unsplash.com/photo-1555939594-58d7cb561ad1?q=80&w=600
10,6436,2026-05-05T09:12:16,10.7772881,106.7000639,https://images.unsplash.com/photo-1484723088339-32383369d5bb?q=80&w=600
20,10707,2026-05-05T09:12:16,10.7326811,106.6347277,https://images.unsplash.com/photo-1546069901-ba9599a7e63c?q=80&w=600
22,8640,2026-05-05T10:12:16,10.7819618,106.6926726,https://images.unsplash.com/photo-1484723088339-32383369d5bb?q=80&w=600
17,7593,2026-05-05T10:12:16,10.7687998,106.6836803,https://images.unsplash.com/photo-1484723088339-32383369d5bb?q=80&w=600
31,793,2026-05-05T10:12:16,10.7740352,106.6970177,https://images.unsplash.com/photo-1582878826629-29b7ad1cdc43?w=200
17,14093,2026-05-05T10:12:16,10.7520052,106.6279475,https://images.unsplash.com/photo-1565299624946-b28f40a0ae38?q=80&w=600
6,10112,2026-05-05T11:12:16,10.7764313,106.6854351,https://images.unsplash.com/photo-1540189549336-e6e99c3679fe?q=80&w=600
19,457,2026-05-05T11:12:16,10.8475454,106.7686038,https://images.unsplash.com/photo-1582878826629-29b7ad1cdc43?w=200
26,14102,2026-05-05T11:12:16,10.7473048,106.6122073,https://images.unsplash.com/photo-1567620905732-2d1ec7bb7445?q=80&w=600
22,964,2026-05-05T11:25:41,10.778168,106.7037041,https://images.unsplash.com/photo-1484723088339-32383369d5bb?q=80&w=600
22,917,2026-05-05T11:27:41,10.7917311,106.6915979,https://images.unsplash.com/photo-1482049016688-2d3e1b311543?q=80&w=600
11,853,2026-05-05T11:31:41,10.7732882,106.7040253,https://images.unsplash.com/photo-1567620905732-2d1ec7bb7445?q=80&w=600
11,938,2026-05-05T11:42:41,10.7666137,106.6922676,https://images.unsplash.com/photo-1512621776951-a57141f2eefd?q=80&w=600
11,15,2026-05-05T11:44:41,10.7728736,106.7062835,https://images.unsplash.com/photo-1541529086526-db283c563270?w=200
11,945,2026-05-05T11:45:41,10.7666137,106.6922676,https://images.unsplash.com/photo-1540189549336-e6e99c3679fe?q=80&w=600
11,839,2026-05-05T11:46:41,10.7807008,106.7067111,https://images.unsplash.com/photo-1555939594-58d7cb561ad1?q=80&w=600
22,87,2026-05-05T11:49:41,10.7754764,106.6956779,https://images.unsplash.com/photo-1541529086526-db283c563270?w=200
9,55,2026-05-05T12:03:41,10.8491522,106.6365739,https://images.unsplash.com/photo-1541529086526-db283c563270?w=200
21,989,2026-05-05T12:04:41,10.7760297,106.7047293,https://images.unsplash.com/photo-1484723088339-32383369d5bb?q=80&w=600
21,953,2026-05-05T12:09:41,10.8184378,106.6990062,https://images.unsplash.com/photo-1540189549336-e6e99c3679fe?q=80&w=600
9,3,2026-05-05T12:12:41,10.768208,106.6841501,https://images.unsplash.com/photo-1541529086526-db283c563270?w=200
9,51,2026-05-05T12:18:41,10.8184173,106.7047992,https://images.unsplash.com/photo-1541529086526-db283c563270?w=200
9,964,2026-05-05T12:21:41,10.778168,106.7037041,https://images.unsplash.com/photo-1484723088339-32383369d5bb?q=80&w=600
12,927,2026-05-05T12:29:41,10.8491522,106.6365739,https://images.unsplash.com/photo-1565299624946-b28f40a0ae38?q=80&w=600
9,51,2026-05-05T12:42:41,10.8184173,106.7047992,https://images.unsplash.com/photo-1541529086526-db283c563270?w=200
12,1006,2026-05-05T12:45:41,10.7754972,106.7007063,https://images.unsplash.com/photo-1540189549336-e6e99c3679fe?q=80&w=600
11,14559,2026-05-05T13:12:16,10.782228,106.6881372,https://images.unsplash.com/photo-1484723088339-32383369d5bb?q=80&w=600
12,11883,2026-05-05T13:12:16,10.7730079,106.755549,https://images.unsplash.com/photo-1540189549336-e6e99c3679fe?q=80&w=600
12,3639,2026-05-05T14:12:16,10.7715838,106.6965092,https://images.unsplash.com/photo-1540189549336-e6e99c3679fe?q=80&w=600
10,11818,2026-05-05T14:12:16,10.7753287,106.7504144,https://images.unsplash.com/photo-1565299624946-b28f40a0ae38?q=80&w=600
17,8756,2026-05-05T14:12:16,10.8006097,106.7007502,https://images.unsplash.com/photo-1482049016688-2d3e1b311543?q=80&w=600
20,12700,2026-05-05T14:12:16,10.7685456,106.6938887,https://images.unsplash.com/photo-1546069901-ba9599a7e63c?q=80&w=600
22,13781,2026-05-05T16:12:16,10.8024447,106.7406922,https://images.unsplash.com/photo-1567620905732-2d1ec7bb7445?q=80&w=600
23,917,2026-05-05T17:02:41,10.7917311,106.6915979,https://images.unsplash.com/photo-1482049016688-2d3e1b311543?q=80&w=600
18,1020,2026-05-05T17:05:41,10.7743953,106.7040996,https://images.unsplash.com/photo-1567620905732-2d1ec7bb7445?q=80&w=600
28,16441,2026-05-05T17:12:16,10.7826015,106.6615827,https://images.unsplash.com/photo-1484723088339-32383369d5bb?q=80&w=600
30,13921,2026-05-05T17:12:16,10.7919959,106.6552029,https://images.unsplash.com/photo-1484723088339-32383369d5bb?q=80&w=600
22,16741,2026-05-05T17:12:16,10.7588579,106.6717884,https://images.unsplash.com/photo-1546069901-ba9599a7e63c?q=80&w=600
23,806,2026-05-05T17:18:41,10.768208,106.6841501,https://images.unsplash.com/photo-1512621776951-a57141f2eefd?q=80&w=600
23,39,2026-05-05T17:20:41,10.7680337,106.6938158,https://images.unsplash.com/photo-1541529086526-db283c563270?w=200
17,27,2026-05-05T17:20:41,10.8029924,106.6995844,https://images.unsplash.com/photo-1541529086526-db283c563270?w=200
18,43,2026-05-05T17:24:41,10.7684684,106.6938884,https://images.unsplash.com/photo-1541529086526-db283c563270?w=200
23,927,2026-05-05T17:26:41,10.8491522,106.6365739,https://images.unsplash.com/photo-1565299624946-b28f40a0ae38?q=80&w=600
23,49,2026-05-05T17:26:41,10.8184173,106.7047992,https://images.unsplash.com/photo-1582878826629-29b7ad1cdc43?w=200
17,941,2026-05-05T17:27:41,10.7666137,106.6922676,https://images.unsplash.com/photo-1540189549336-e6e99c3679fe?q=80&w=600
17,47,2026-05-05T17:32:41,10.7917311,106.6915979,https://images.unsplash.com/photo-1541529086526-db283c563270?w=200
17,29,2026-05-05T17:36:41,10.8062565,106.6949559,https://images.unsplash.com/photo-1582878826629-29b7ad1cdc43?w=200
18,970,2026-05-05T17:49:41,10.7826304,106.6972822,https://images.unsplash.com/photo-1567620905732-2d1ec7bb7445?q=80&w=600
3,773,2026-05-05T17:54:02,10.7724714,106.6958298,https://images.unsplash.com/photo-1582878826629-29b7ad1cdc43?w=200
17,53,2026-05-05T17:57:41,10.8491522,106.6365739,https://images.unsplash.com/photo-1582878826629-29b7ad1cdc43?w=200
18,45,2026-05-05T17:59:41,10.7917311,106.6915979,https://images.unsplash.com/photo-1582878826629-29b7ad1cdc43?w=200
24,8404,2026-05-05T18:12:16,10.7467142,106.642449,https://images.unsplash.com/photo-1484723088339-32383369d5bb?q=80&w=600
6,8238,2026-05-05T18:12:16,10.7661639,106.6912985,https://images.unsplash.com/photo-1546069901-ba9599a7e63c?q=80&w=600
11,5179,2026-05-05T18:12:16,10.770528,106.6698042,https://images.unsplash.com/photo-1555939594-58d7cb561ad1?q=80&w=600
17,1,2026-05-05T18:12:16,10.768208,106.6841501,https://images.unsplash.com/photo-1582878826629-29b7ad1cdc43?w=200
24,5934,2026-05-05T19:12:16,10.772251,106.7004683,https://images.unsplash.com/photo-1484723088339-32383369d5bb?q=80&w=600
22,8806,2026-05-05T19:12:16,10.8233291,106.7194157,https://images.unsplash.com/photo-1512621776951-a57141f2eefd?q=80&w=600
6,13878,2026-05-05T19:12:16,10.7963499,106.6653543,https://images.unsplash.com/photo-1484723088339-32383369d5bb?q=80&w=600
10,9146,2026-05-05T19:12:16,10.7754415,106.6873936,https://images.unsplash.com/photo-1567620905732-2d1ec7bb7445?q=80&w=600
15,938,2026-05-05T20:02:41,10.7666137,106.6922676,https://images.unsplash.com/photo-1512621776951-a57141f2eefd?q=80&w=600
9,14784,2026-05-05T20:12:16,10.8319009,106.7676759,https://images.unsplash.com/photo-1567620905732-2d1ec7bb7445?q=80&w=600
10,932,2026-05-05T20:25:41,10.8491522,106.6365739,https://images.unsplash.com/photo-1546069901-ba9599a7e63c?q=80&w=600
10,21,2026-05-05T20:28:41,10.7732882,106.7040253,https://images.unsplash.com/photo-1582878826629-29b7ad1cdc43?w=200
15,912,2026-05-05T20:30:41,10.7917311,106.6915979,https://images.unsplash.com/photo-1484723088339-32383369d5bb?q=80&w=600
10,846,2026-05-05T20:41:41,10.7807008,106.7067111,https://images.unsplash.com/photo-1567620905732-2d1ec7bb7445?q=80&w=600
10,1023,2026-05-05T20:55:41,10.7743953,106.7040996,https://images.unsplash.com/photo-1484723088339-32383369d5bb?q=80&w=600
15,819,2026-05-05T20:57:41,10.772698,106.7048299,https://images.unsplash.com/photo-1546069901-ba9599a7e63c?q=80&w=600
15,1023,2026-05-05T20:57:41,10.7743953,106.7040996,https://images.unsplash.com/photo-1484723088339-32383369d5bb?q=80&w=600
10,33,2026-05-05T20:58:41,10.767375,106.6941425,https://images.unsplash.com/photo-1582878826629-29b7ad1cdc43?w=200
11,9165,2026-05-05T21:12:16,10.7611764,106.7026939,https://images.unsplash.com/photo-1546069901-ba9599a7e63c?q=80&w=600
11,2835,2026-05-05T22:12:16,10.7915811,106.7042222,https://images.unsplash.com/photo-1567620905732-2d1ec7bb7445?q=80&w=600
20,3046,2026-05-05T22:12:16,10.7977766,106.6892286,https://images.unsplash.com/photo-1567620905732-2d1ec7bb7445?q=80&w=600
26,3451,2026-05-05T22:12:16,10.7675973,106.694792,https://images.unsplash.com/photo-1546069901-ba9599a7e63c?q=80&w=600
6,832,2026-05-05T22:15:41,10.7728736,106.7062835,https://images.unsplash.com/photo-1567620905732-2d1ec7bb7445?q=80&w=600
6,903,2026-05-05T22:23:41,10.7684684,106.6938884,https://images.unsplash.com/photo-1484723088339-32383369d5bb?q=80&w=600
6,70,2026-05-05T22:24:41,10.7826304,106.6972822,https://images.unsplash.com/photo-1513104890138-7c749659a591?w=200
6,824,2026-05-05T22:31:41,10.789502,106.711158,https://images.unsplash.com/photo-1484723088339-32383369d5bb?q=80&w=600
7,1112,2026-05-05T23:05:41,10.7736789,106.6992615,https://images.unsplash.com/photo-1555939594-58d7cb561ad1?q=80&w=600
23,12711,2026-05-05T23:12:16,10.7683986,106.6939643,https://images.unsplash.com/photo-1567620905732-2d1ec7bb7445?q=80&w=600
31,701,2026-05-05T23:12:16,10.7807736,106.6982429,https://images.unsplash.com/photo-1582878826629-29b7ad1cdc43?w=200
7,1214,2026-05-05T23:27:41,10.78415,106.6975046,https://images.unsplash.com/photo-1512621776951-a57141f2eefd?q=80&w=600
25,997,2026-05-05T23:28:41,10.7754972,106.7007063,https://images.unsplash.com/photo-1512621776951-a57141f2eefd?q=80&w=600
25,982,2026-05-05T23:31:41,10.7762829,106.7042247,https://images.unsplash.com/photo-1484723088339-32383369d5bb?q=80&w=600
25,937,2026-05-05T23:35:41,10.7666137,106.6922676,https://images.unsplash.com/photo-1482049016688-2d3e1b311543?q=80&w=600
25,84,2026-05-05T23:43:41,10.7754972,106.7007063,https://images.unsplash.com/photo-1571328003758-4a3921661709?w=200
7,1001,2026-05-05T23:45:41,10.7754972,106.7007063,https://images.unsplash.com/photo-1565299624946-b28f40a0ae38?q=80&w=600
25,1193,2026-05-05T23:48:41,10.767809,106.688677,https://images.unsplash.com/photo-1546069901-ba9599a7e63c?q=80&w=600
13,1001,2026-05-06T00:00:41,10.7754972,106.7007063,https://images.unsplash.com/photo-1565299624946-b28f40a0ae38?q=80&w=600
17,6733,2026-05-06T00:12:16,10.7548497,106.6919486,https://images.unsplash.com/photo-1512621776951-a57141f2eefd?q=80&w=600
24,14436,2026-05-06T00:12:16,10.7907465,106.696988,https://images.unsplash.com/photo-1512621776951-a57141f2eefd?q=80&w=600
13,1191,2026-05-06T00:19:41,10.767809,106.688677,https://images.unsplash.com/photo-1555939594-58d7cb561ad1?q=80&w=600
25,996,2026-05-06T00:25:41,10.7754972,106.7007063,https://images.unsplash.com/photo-1512621776951-a57141f2eefd?q=80&w=600
25,991,2026-05-06T00:39:41,10.7760297,106.7047293,https://images.unsplash.com/photo-1482049016688-2d3e1b311543?q=80&w=600
25,998,2026-05-06T00:40:41,10.7754972,106.7007063,https://images.unsplash.com/photo-1565299624946-b28f40a0ae38?q=80&w=600
13,804,2026-05-06T00:46:41,10.768208,106.6841501,https://images.unsplash.com/photo-1565299624946-b28f40a0ae38?q=80&w=600
13,836,2026-05-06T00:54:41,10.7728736,106.7062835,https://images.unsplash.com/photo-1565299624946-b28f40a0ae38?q=80&w=600
24,665,2026-05-06T01:12:16,10.7978087,106.687348,https://images.unsplash.com/photo-1582878826629-29b7ad1cdc43?w=200
19,413,2026-05-06T02:12:16,10.7297012,106.7218723,https://images.unsplash.com/photo-1582878826629-29b7ad1cdc43?w=200
30,16969,2026-05-06T03:12:16,10.7670591,106.6908884,https://images.unsplash.com/photo-1484723088339-32383369d5bb?q=80&w=600
20,217,2026-05-06T04:12:16,10.7780733,106.7039174,https://images.unsplash.com/photo-1582878826629-29b7ad1cdc43?w=200
12,2835,2026-05-06T04:12:16,10.7915811,106.7042222,https://images.unsplash.com/photo-1567620905732-2d1ec7bb7445?q=80&w=600
24,12290,2026-05-06T04:12:16,10.7835349,106.7010172,https://images.unsplash.com/photo-1555939594-58d7cb561ad1?q=80&w=600
23,12537,2026-05-06T04:12:16,10.8025169,106.7408288,https://images.unsplash.com/photo-1565299624946-b28f40a0ae38?q=80&w=600
17,7070,2026-05-06T05:12:16,10.8648466,106.6182764,https://images.unsplash.com/photo-1540189549336-e6e99c3679fe?q=80&w=600
9,8842,2026-05-06T05:12:16,10.7461511,106.6828013,https://images.unsplash.com/photo-1567620905732-2d1ec7bb7445?q=80&w=600
10,4634,2026-05-06T05:12:16,10.8097948,106.6659688,https://images.unsplash.com/photo-1555939594-58d7cb561ad1?q=80&w=600
19,905,2026-05-06T07:03:41,10.7684684,106.6938884,https://images.unsplash.com/photo-1567620905732-2d1ec7bb7445?q=80&w=600
19,29,2026-05-06T07:07:41,10.8062565,106.6949559,https://images.unsplash.com/photo-1582878826629-29b7ad1cdc43?w=200
24,972,2026-05-06T07:29:41,10.7826304,106.6972822,https://images.unsplash.com/photo-1555939594-58d7cb561ad1?q=80&w=600
24,49,2026-05-06T07:36:41,10.8184173,106.7047992,https://images.unsplash.com/photo-1582878826629-29b7ad1cdc43?w=200
24,908,2026-05-06T07:37:41,10.7684684,106.6938884,https://images.unsplash.com/photo-1512621776951-a57141f2eefd?q=80&w=600
24,927,2026-05-06T07:43:41,10.8491522,106.6365739,https://images.unsplash.com/photo-1565299624946-b28f40a0ae38?q=80&w=600
19,53,2026-05-06T07:44:41,10.8491522,106.6365739,https://images.unsplash.com/photo-1582878826629-29b7ad1cdc43?w=200
19,827,2026-05-06T07:55:41,10.789502,106.711158,https://images.unsplash.com/photo-1484723088339-32383369d5bb?q=80&w=600
19,21,2026-05-06T07:59:41,10.7732882,106.7040253,https://images.unsplash.com/photo-1582878826629-29b7ad1cdc43?w=200
12,831,2026-05-06T08:01:41,10.7728736,106.7062835,https://images.unsplash.com/photo-1484723088339-32383369d5bb?q=80&w=600
8,1,2026-05-06T08:04:41,10.768208,106.6841501,https://images.unsplash.com/photo-1582878826629-29b7ad1cdc43?w=200
20,901,2026-05-06T08:07:41,10.7684684,106.6938884,https://images.unsplash.com/photo-1540189549336-e6e99c3679fe?q=80&w=600
17,3377,2026-05-06T08:12:16,10.7786518,106.6920846,https://images.unsplash.com/photo-1555939594-58d7cb561ad1?q=80&w=600
10,14170,2026-05-06T08:12:16,10.7329123,106.7066181,https://images.unsplash.com/photo-1555939594-58d7cb561ad1?q=80&w=600
30,8192,2026-05-06T08:12:16,10.790824,106.6915329,https://images.unsplash.com/photo-1567620905732-2d1ec7bb7445?q=80&w=600
20,37,2026-05-06T08:12:41,10.7680337,106.6938158,https://images.unsplash.com/photo-1582878826629-29b7ad1cdc43?w=200
12,880,2026-05-06T08:19:41,10.767375,106.6941425,https://images.unsplash.com/photo-1512621776951-a57141f2eefd?q=80&w=600
8,69,2026-05-06T08:40:41,10.7826304,106.6972822,https://images.unsplash.com/photo-1582878826629-29b7ad1cdc43?w=200
8,942,2026-05-06T08:50:41,10.7666137,106.6922676,https://images.unsplash.com/photo-1540189549336-e6e99c3679fe?q=80&w=600
8,980,2026-05-06T08:51:41,10.7762829,106.7042247,https://images.unsplash.com/photo-1540189549336-e6e99c3679fe?q=80&w=600
20,908,2026-05-06T08:52:41,10.7684684,106.6938884,https://images.unsplash.com/photo-1512621776951-a57141f2eefd?q=80&w=600
8,69,2026-05-06T08:59:41,10.7826304,106.6972822,https://images.unsplash.com/photo-1582878826629-29b7ad1cdc43?w=200
17,47,2026-05-06T09:11:41,10.7917311,106.6915979,https://images.unsplash.com/photo-1541529086526-db283c563270?w=200
20,16459,2026-05-06T09:12:16,10.7530131,106.6571361,https://images.unsplash.com/photo-1540189549336-e6e99c3679fe?q=80&w=600
10,10870,2026-05-06T09:12:16,10.7797429,106.7049066,https://images.unsplash.com/photo-1512621776951-a57141f2eefd?q=80&w=600
17,964,2026-05-06T09:17:41,10.778168,106.7037041,https://images.unsplash.com/photo-1484723088339-32383369d5bb?q=80&w=600
18,25,2026-05-06T09:21:41,10.8029924,106.6995844,https://images.unsplash.com/photo-1582878826629-29b7ad1cdc43?w=200
17,9,2026-05-06T09:29:41,10.789502,106.711158,https://images.unsplash.com/photo-1582878826629-29b7ad1cdc43?w=200
18,945,2026-05-06T09:31:41,10.7666137,106.6922676,https://images.unsplash.com/photo-1540189549336-e6e99c3679fe?q=80&w=600
18,989,2026-05-06T09:32:41,10.7760297,106.7047293,https://images.unsplash.com/photo-1484723088339-32383369d5bb?q=80&w=600
18,905,2026-05-06T09:37:41,10.7684684,106.6938884,https://images.unsplash.com/photo-1567620905732-2d1ec7bb7445?q=80&w=600
17,927,2026-05-06T09:53:41,10.8491522,106.6365739,https://images.unsplash.com/photo-1565299624946-b28f40a0ae38?q=80&w=600
18,829,2026-05-06T09:56:41,10.7728736,106.7062835,https://images.unsplash.com/photo-1565299624946-b28f40a0ae38?q=80&w=600
10,31,2026-05-06T10:04:41,10.8062565,106.6949559,https://images.unsplash.com/photo-1541529086526-db283c563270?w=200
30,5610,2026-05-06T10:12:16,10.7549721,106.6839695,https://images.unsplash.com/photo-1484723088339-32383369d5bb?q=80&w=600
10,33,2026-05-06T10:16:41,10.767375,106.6941425,https://images.unsplash.com/photo-1582878826629-29b7ad1cdc43?w=200
10,972,2026-05-06T10:41:41,10.7826304,106.6972822,https://images.unsplash.com/photo-1555939594-58d7cb561ad1?q=80&w=600
9,15873,2026-05-06T11:12:16,10.8264152,106.6890048,https://images.unsplash.com/photo-1482049016688-2d3e1b311543?q=80&w=600
12,3103,2026-05-06T11:12:16,10.7692725,106.6904171,https://images.unsplash.com/photo-1565299624946-b28f40a0ae38?q=80&w=600
11,932,2026-05-06T12:00:41,10.8491522,106.6365739,https://images.unsplash.com/photo-1546069901-ba9599a7e63c?q=80&w=600
24,11564,2026-05-06T12:12:16,10.7849464,106.7560323,https://images.unsplash.com/photo-1540189549336-e6e99c3679fe?q=80&w=600
22,2911,2026-05-06T12:12:16,10.7794971,106.7005803,https://images.unsplash.com/photo-1540189549336-e6e99c3679fe?q=80&w=600
10,9736,2026-05-06T12:12:16,10.7732946,106.7029288,https://images.unsplash.com/photo-1484723088339-32383369d5bb?q=80&w=600
20,11818,2026-05-06T12:12:16,10.7753287,106.7504144,https://images.unsplash.com/photo-1565299624946-b28f40a0ae38?q=80&w=600
22,3,2026-05-06T12:14:41,10.768208,106.6841501,https://images.unsplash.com/photo-1541529086526-db283c563270?w=200
21,953,2026-05-06T12:23:41,10.8184378,106.6990062,https://images.unsplash.com/photo-1540189549336-e6e99c3679fe?q=80&w=600
9,1022,2026-05-06T12:27:41,10.7743953,106.7040996,https://images.unsplash.com/photo-1555939594-58d7cb561ad1?q=80&w=600
9,83,2026-05-06T12:27:41,10.7754972,106.7007063,https://images.unsplash.com/photo-1541529086526-db283c563270?w=200
11,965,2026-05-06T12:28:41,10.778168,106.7037041,https://images.unsplash.com/photo-1512621776951-a57141f2eefd?q=80&w=600
22,846,2026-05-06T12:33:41,10.7807008,106.7067111,https://images.unsplash.com/photo-1567620905732-2d1ec7bb7445?q=80&w=600
21,15,2026-05-06T12:33:41,10.7728736,106.7062835,https://images.unsplash.com/photo-1541529086526-db283c563270?w=200
22,853,2026-05-06T12:41:41,10.7732882,106.7040253,https://images.unsplash.com/photo-1567620905732-2d1ec7bb7445?q=80&w=600
9,3,2026-05-06T12:47:41,10.768208,106.6841501,https://images.unsplash.com/photo-1541529086526-db283c563270?w=200
11,71,2026-05-06T12:50:41,10.7826304,106.6972822,https://images.unsplash.com/photo-1541529086526-db283c563270?w=200
9,890,2026-05-06T12:57:41,10.7680337,106.6938158,https://images.unsplash.com/photo-1512621776951-a57141f2eefd?q=80&w=600
23,53,2026-05-06T13:00:41,10.8491522,106.6365739,https://images.unsplash.com/photo-1582878826629-29b7ad1cdc43?w=200
16,835,2026-05-06T13:06:41,10.7728736,106.7062835,https://images.unsplash.com/photo-1484723088339-32383369d5bb?q=80&w=600
16,25,2026-05-06T13:06:41,10.8029924,106.6995844,https://images.unsplash.com/photo-1582878826629-29b7ad1cdc43?w=200
23,91,2026-05-06T13:10:41,10.7743953,106.7040996,https://images.unsplash.com/photo-1541529086526-db283c563270?w=200
22,15219,2026-05-06T13:12:16,10.769371,106.6827934,https://images.unsplash.com/photo-1567620905732-2d1ec7bb7445?q=80&w=600
22,4031,2026-05-06T13:12:16,10.8800307,106.7867928,https://images.unsplash.com/photo-1540189549336-e6e99c3679fe?q=80&w=600
12,14566,2026-05-06T13:12:16,10.804531,106.6641851,https://images.unsplash.com/photo-1567620905732-2d1ec7bb7445?q=80&w=600
16,942,2026-05-06T13:30:41,10.7666137,106.6922676,https://images.unsplash.com/photo-1540189549336-e6e99c3679fe?q=80&w=600
16,894,2026-05-06T13:45:41,10.7680337,106.6938158,https://images.unsplash.com/photo-1512621776951-a57141f2eefd?q=80&w=600
16,55,2026-05-06T13:49:41,10.8491522,106.6365739,https://images.unsplash.com/photo-1541529086526-db283c563270?w=200
23,918,2026-05-06T13:53:41,10.8184173,106.7047992,https://images.unsplash.com/photo-1555939594-58d7cb561ad1?q=80&w=600
23,941,2026-05-06T13:56:41,10.7666137,106.6922676,https://images.unsplash.com/photo-1540189549336-e6e99c3679fe?q=80&w=600
14,7923,2026-05-06T14:12:16,10.7980321,106.6894961,https://images.unsplash.com/photo-1567620905732-2d1ec7bb7445?q=80&w=600
17,633,2026-05-06T15:12:16,10.7577795,106.6845222,https://images.unsplash.com/photo-1582878826629-29b7ad1cdc43?w=200
20,7165,2026-05-06T15:12:16,10.8573839,106.6196333,https://images.unsplash.com/photo-1567620905732-2d1ec7bb7445?q=80&w=600
17,6042,2026-05-06T15:12:16,10.8407683,106.7655908,https://images.unsplash.com/photo-1484723088339-32383369d5bb?q=80&w=600
17,16140,2026-05-06T15:12:16,10.7718079,106.6654569,https://images.unsplash.com/photo-1555939594-58d7cb561ad1?q=80&w=600
12,1,2026-05-06T15:12:16,10.768208,106.6841501,https://images.unsplash.com/photo-1582878826629-29b7ad1cdc43?w=200
24,10959,2026-05-06T15:12:16,10.7524125,106.6737282,https://images.unsplash.com/photo-1546069901-ba9599a7e63c?q=80&w=600
9,605,2026-05-06T16:12:16,10.7732808,106.7017957,https://images.unsplash.com/photo-1582878826629-29b7ad1cdc43?w=200
12,241,2026-05-06T16:12:16,10.7780081,106.7038501,https://images.unsplash.com/photo-1582878826629-29b7ad1cdc43?w=200
30,10416,2026-05-06T16:12:16,10.7858018,106.7009098,https://images.unsplash.com/photo-1482049016688-2d3e1b311543?q=80&w=600
15,33,2026-05-06T16:12:41,10.767375,106.6941425,https://images.unsplash.com/photo-1582878826629-29b7ad1cdc43?w=200
15,31,2026-05-06T16:14:41,10.8062565,106.6949559,https://images.unsplash.com/photo-1541529086526-db283c563270?w=200
15,55,2026-05-06T16:19:41,10.8491522,106.6365739,https://images.unsplash.com/photo-1541529086526-db283c563270?w=200
15,980,2026-05-06T16:38:41,10.7762829,106.7042247,https://images.unsplash.com/photo-1540189549336-e6e99c3679fe?q=80&w=600
20,9245,2026-05-06T17:12:16,10.7589186,106.6987722,https://images.unsplash.com/photo-1565299624946-b28f40a0ae38?q=80&w=600
10,537,2026-05-06T17:12:16,10.7769624,106.7044959,https://images.unsplash.com/photo-1582878826629-29b7ad1cdc43?w=200
20,11500,2026-05-06T18:12:16,10.795313,106.7441514,https://images.unsplash.com/photo-1482049016688-2d3e1b311543?q=80&w=600
22,12096,2026-05-06T19:12:16,10.8844346,106.7832242,https://images.unsplash.com/photo-1540189549336-e6e99c3679fe?q=80&w=600
24,6763,2026-05-06T19:12:16,10.7859602,106.6991774,https://images.unsplash.com/photo-1546069901-ba9599a7e63c?q=80&w=600
14,67,2026-05-06T20:09:41,10.778168,106.7037041,https://images.unsplash.com/photo-1541529086526-db283c563270?w=200
17,549,2026-05-06T20:12:16,10.7745474,106.7046273,https://images.unsplash.com/photo-1582878826629-29b7ad1cdc43?w=200
30,6321,2026-05-06T20:12:16,10.7697154,106.6925751,https://images.unsplash.com/photo-1484723088339-32383369d5bb?q=80&w=600
14,7,2026-05-06T20:24:41,10.772698,106.7048299,https://images.unsplash.com/photo-1541529086526-db283c563270?w=200
14,57,2026-05-06T20:29:41,10.7666137,106.6922676,https://images.unsplash.com/photo-1582878826629-29b7ad1cdc43?w=200
14,15,2026-05-06T20:30:41,10.7728736,106.7062835,https://images.unsplash.com/photo-1541529086526-db283c563270?w=200
9,12259,2026-05-06T21:12:16,10.7815505,106.7007624,https://images.unsplash.com/photo-1484723088339-32383369d5bb?q=80&w=600
30,5602,2026-05-06T22:12:16,10.7644192,106.6952576,https://images.unsplash.com/photo-1567620905732-2d1ec7bb7445?q=80&w=600
7,96,2026-05-06T23:07:41,10.7662887,106.7077614,https://images.unsplash.com/photo-1571328003758-4a3921661709?w=200
7,1030,2026-05-06T23:28:41,10.7662887,106.7077614,https://images.unsplash.com/photo-1567620905732-2d1ec7bb7445?q=80&w=600
6,812,2026-05-06T23:41:41,10.772698,106.7048299,https://images.unsplash.com/photo-1546069901-ba9599a7e63c?q=80&w=600
6,830,2026-05-06T23:45:41,10.7728736,106.7062835,https://images.unsplash.com/photo-1555939594-58d7cb561ad1?q=80&w=600
7,58,2026-05-06T23:49:41,10.7666137,106.6922676,https://images.unsplash.com/photo-1513104890138-7c749659a591?w=200
7,1034,2026-05-06T23:49:41,10.7662887,106.7077614,https://images.unsplash.com/photo-1567620905732-2d1ec7bb7445?q=80&w=600
6,52,2026-05-06T23:52:41,10.8184173,106.7047992,https://images.unsplash.com/photo-1571328003758-4a3921661709?w=200
7,986,2026-05-06T23:55:41,10.7762829,106.7042247,https://images.unsplash.com/photo-1540189549336-e6e99c3679fe?q=80&w=600
12,725,2026-05-07T00:12:16,10.7297073,106.7198694,https://images.unsplash.com/photo-1582878826629-29b7ad1cdc43?w=200
24,12836,2026-05-07T00:12:16,10.8143773,106.6702289,https://images.unsplash.com/photo-1567620905732-2d1ec7bb7445?q=80&w=600
30,15556,2026-05-07T00:12:16,10.8029885,106.7274172,https://images.unsplash.com/photo-1565299624946-b28f40a0ae38?q=80&w=600
20,3377,2026-05-07T00:12:16,10.7786518,106.6920846,https://images.unsplash.com/photo-1555939594-58d7cb561ad1?q=80&w=600
12,45,2026-05-07T01:12:16,10.7917311,106.6915979,https://images.unsplash.com/photo-1582878826629-29b7ad1cdc43?w=200
24,5230,2026-05-07T01:12:16,10.7704885,106.6698605,https://images.unsplash.com/photo-1555939594-58d7cb561ad1?q=80&w=600
22,15589,2026-05-07T01:12:16,10.7637659,106.6759719,https://images.unsplash.com/photo-1482049016688-2d3e1b311543?q=80&w=600
25,1214,2026-05-07T01:22:41,10.78415,106.6975046,https://images.unsplash.com/photo-1512621776951-a57141f2eefd?q=80&w=600
6,931,2026-05-07T01:27:41,10.8491522,106.6365739,https://images.unsplash.com/photo-1565299624946-b28f40a0ae38?q=80&w=600
6,88,2026-05-07T01:32:41,10.7754764,106.6956779,https://images.unsplash.com/photo-1571328003758-4a3921661709?w=200
25,850,2026-05-07T01:37:41,10.7732882,106.7040253,https://images.unsplash.com/photo-1546069901-ba9599a7e63c?q=80&w=600
25,993,2026-05-07T01:38:41,10.7760297,106.7047293,https://images.unsplash.com/photo-1555939594-58d7cb561ad1?q=80&w=600
25,1133,2026-05-07T01:46:41,10.7748184,106.6992492,https://images.unsplash.com/photo-1482049016688-2d3e1b311543?q=80&w=600
2,569,2026-05-07T02:54:02,10.8065193,106.734364,https://images.unsplash.com/photo-1582878826629-29b7ad1cdc43?w=200
23,3918,2026-05-07T03:12:16,10.7658354,106.6898055,https://images.unsplash.com/photo-1565299624946-b28f40a0ae38?q=80&w=600
11,257,2026-05-07T04:12:16,10.7762605,106.7049669,https://images.unsplash.com/photo-1582878826629-29b7ad1cdc43?w=200
2,645,2026-05-07T04:54:02,10.794319,106.6779976,https://images.unsplash.com/photo-1582878826629-29b7ad1cdc43?w=200
22,16525,2026-05-07T05:12:16,10.7686953,106.6937927,https://images.unsplash.com/photo-1565299624946-b28f40a0ae38?q=80&w=600
11,5544,2026-05-07T05:12:16,10.7863243,106.6845743,https://images.unsplash.com/photo-1565299624946-b28f40a0ae38?q=80&w=600
20,13,2026-05-07T06:06:41,10.7728736,106.7062835,https://images.unsplash.com/photo-1582878826629-29b7ad1cdc43?w=200
20,12449,2026-05-07T06:12:16,10.7991235,106.6883822,https://images.unsplash.com/photo-1567620905732-2d1ec7bb7445?q=80&w=600
20,910,2026-05-07T06:28:41,10.7917311,106.6915979,https://images.unsplash.com/photo-1540189549336-e6e99c3679fe?q=80&w=600
19,884,2026-05-07T07:08:41,10.767375,106.6941425,https://images.unsplash.com/photo-1565299624946-b28f40a0ae38?q=80&w=600
26,401,2026-05-07T07:12:16,10.776477,106.689956,https://images.unsplash.com/photo-1582878826629-29b7ad1cdc43?w=200
12,5957,2026-05-07T07:12:16,10.8702011,106.6186599,https://images.unsplash.com/photo-1567620905732-2d1ec7bb7445?q=80&w=600
20,11056,2026-05-07T07:12:16,10.7366265,106.7088936,https://images.unsplash.com/photo-1555939594-58d7cb561ad1?q=80&w=600
19,806,2026-05-07T07:21:41,10.768208,106.6841501,https://images.unsplash.com/photo-1512621776951-a57141f2eefd?q=80&w=600
19,980,2026-05-07T07:21:41,10.7762829,106.7042247,https://images.unsplash.com/photo-1540189549336-e6e99c3679fe?q=80&w=600
24,901,2026-05-07T08:03:41,10.7684684,106.6938884,https://images.unsplash.com/photo-1540189549336-e6e99c3679fe?q=80&w=600
6,10580,2026-05-07T08:12:16,10.7459375,106.62891,https://images.unsplash.com/photo-1565299624946-b28f40a0ae38?q=80&w=600
23,417,2026-05-07T08:12:16,10.8289701,106.6273887,https://images.unsplash.com/photo-1582878826629-29b7ad1cdc43?w=200
22,8479,2026-05-07T08:12:16,10.7699602,106.7014537,https://images.unsplash.com/photo-1482049016688-2d3e1b311543?q=80&w=600
23,887,2026-05-07T08:27:41,10.767375,106.6941425,https://images.unsplash.com/photo-1482049016688-2d3e1b311543?q=80&w=600
8,980,2026-05-07T08:33:41,10.7762829,106.7042247,https://images.unsplash.com/photo-1540189549336-e6e99c3679fe?q=80&w=600
24,980,2026-05-07T08:44:41,10.7762829,106.7042247,https://images.unsplash.com/photo-1540189549336-e6e99c3679fe?q=80&w=600
8,17,2026-05-07T08:44:41,10.7807008,106.7067111,https://images.unsplash.com/photo-1582878826629-29b7ad1cdc43?w=200
23,965,2026-05-07T08:46:41,10.778168,106.7037041,https://images.unsplash.com/photo-1512621776951-a57141f2eefd?q=80&w=600
23,59,2026-05-07T08:47:41,10.7666137,106.6922676,https://images.unsplash.com/photo-1541529086526-db283c563270?w=200
24,806,2026-05-07T08:49:41,10.768208,106.6841501,https://images.unsplash.com/photo-1512621776951-a57141f2eefd?q=80&w=600
24,901,2026-05-07T08:52:41,10.7684684,106.6938884,https://images.unsplash.com/photo-1540189549336-e6e99c3679fe?q=80&w=600
24,835,2026-05-07T08:59:41,10.7728736,106.7062835,https://images.unsplash.com/photo-1484723088339-32383369d5bb?q=80&w=600
10,33,2026-05-07T09:28:41,10.767375,106.6941425,https://images.unsplash.com/photo-1582878826629-29b7ad1cdc43?w=200
10,13,2026-05-07T09:40:41,10.7728736,106.7062835,https://images.unsplash.com/photo-1582878826629-29b7ad1cdc43?w=200
10,942,2026-05-07T09:41:41,10.7666137,106.6922676,https://images.unsplash.com/photo-1540189549336-e6e99c3679fe?q=80&w=600
10,45,2026-05-07T09:53:41,10.7917311,106.6915979,https://images.unsplash.com/photo-1582878826629-29b7ad1cdc43?w=200
10,975,2026-05-07T09:53:41,10.7826304,106.6972822,https://images.unsplash.com/photo-1512621776951-a57141f2eefd?q=80&w=600
17,9165,2026-05-07T10:12:16,10.7611764,106.7026939,https://images.unsplash.com/photo-1546069901-ba9599a7e63c?q=80&w=600
12,976,2026-05-07T11:09:41,10.7826304,106.6972822,https://images.unsplash.com/photo-1540189549336-e6e99c3679fe?q=80&w=600
18,1023,2026-05-07T11:11:41,10.7743953,106.7040996,https://images.unsplash.com/photo-1484723088339-32383369d5bb?q=80&w=600
12,47,2026-05-07T11:12:41,10.7917311,106.6915979,https://images.unsplash.com/photo-1541529086526-db283c563270?w=200
12,953,2026-05-07T11:15:41,10.8184378,106.6990062,https://images.unsplash.com/photo-1540189549336-e6e99c3679fe?q=80&w=600
22,917,2026-05-07T11:16:41,10.7917311,106.6915979,https://images.unsplash.com/photo-1482049016688-2d3e1b311543?q=80&w=600
21,853,2026-05-07T11:17:41,10.7732882,106.7040253,https://images.unsplash.com/photo-1567620905732-2d1ec7bb7445?q=80&w=600
22,1022,2026-05-07T11:20:41,10.7743953,106.7040996,https://images.unsplash.com/photo-1555939594-58d7cb561ad1?q=80&w=600
22,890,2026-05-07T11:22:41,10.7680337,106.6938158,https://images.unsplash.com/photo-1512621776951-a57141f2eefd?q=80&w=600
18,65,2026-05-07T11:23:41,10.778168,106.7037041,https://images.unsplash.com/photo-1582878826629-29b7ad1cdc43?w=200
22,11,2026-05-07T11:31:41,10.789502,106.711158,https://images.unsplash.com/photo-1541529086526-db283c563270?w=200
21,953,2026-05-07T11:32:41,10.8184378,106.6990062,https://images.unsplash.com/photo-1540189549336-e6e99c3679fe?q=80&w=600
21,23,2026-05-07T11:42:41,10.7732882,106.7040253,https://images.unsplash.com/photo-1541529086526-db283c563270?w=200
9,819,2026-05-07T11:43:41,10.772698,106.7048299,https://images.unsplash.com/photo-1546069901-ba9599a7e63c?q=80&w=600
9,819,2026-05-07T11:45:41,10.772698,106.7048299,https://images.unsplash.com/photo-1546069901-ba9599a7e63c?q=80&w=600
22,43,2026-05-07T11:47:41,10.7684684,106.6938884,https://images.unsplash.com/photo-1541529086526-db283c563270?w=200
21,1023,2026-05-07T11:50:41,10.7743953,106.7040996,https://images.unsplash.com/photo-1484723088339-32383369d5bb?q=80&w=600
18,978,2026-05-07T11:52:41,10.7762829,106.7042247,https://images.unsplash.com/photo-1482049016688-2d3e1b311543?q=80&w=600
12,71,2026-05-07T11:54:41,10.7826304,106.6972822,https://images.unsplash.com/photo-1541529086526-db283c563270?w=200
9,71,2026-05-07T11:55:41,10.7826304,106.6972822,https://images.unsplash.com/photo-1541529086526-db283c563270?w=200
18,91,2026-05-07T11:58:41,10.7743953,106.7040996,https://images.unsplash.com/photo-1541529086526-db283c563270?w=200
17,15,2026-05-07T12:06:41,10.7728736,106.7062835,https://images.unsplash.com/photo-1541529086526-db283c563270?w=200
16,87,2026-05-07T12:16:41,10.7754764,106.6956779,https://images.unsplash.com/photo-1541529086526-db283c563270?w=200
11,953,2026-05-07T12:19:41,10.8184378,106.6990062,https://images.unsplash.com/photo-1540189549336-e6e99c3679fe?q=80&w=600
11,47,2026-05-07T12:20:41,10.7917311,106.6915979,https://images.unsplash.com/photo-1541529086526-db283c563270?w=200
17,887,2026-05-07T12:22:41,10.767375,106.6941425,https://images.unsplash.com/photo-1482049016688-2d3e1b311543?q=80&w=600
16,43,2026-05-07T12:27:41,10.7684684,106.6938884,https://images.unsplash.com/photo-1541529086526-db283c563270?w=200
11,23,2026-05-07T12:29:41,10.7732882,106.7040253,https://images.unsplash.com/photo-1541529086526-db283c563270?w=200
11,953,2026-05-07T12:31:41,10.8184378,106.6990062,https://images.unsplash.com/photo-1540189549336-e6e99c3679fe?q=80&w=600
16,894,2026-05-07T12:49:41,10.7680337,106.6938158,https://images.unsplash.com/photo-1512621776951-a57141f2eefd?q=80&w=600
16,846,2026-05-07T12:53:41,10.7807008,106.7067111,https://images.unsplash.com/photo-1567620905732-2d1ec7bb7445?q=80&w=600
12,425,2026-05-07T13:12:16,10.7744186,106.6716617,https://images.unsplash.com/photo-1582878826629-29b7ad1cdc43?w=200
9,5592,2026-05-07T13:12:16,10.8329001,106.6283304,https://images.unsplash.com/photo-1540189549336-e6e99c3679fe?q=80&w=600
15,901,2026-05-07T15:09:41,10.7684684,106.6938884,https://images.unsplash.com/photo-1540189549336-e6e99c3679fe?q=80&w=600
12,4268,2026-05-07T15:12:16,10.739051,106.690432,https://images.unsplash.com/photo-1482049016688-2d3e1b311543?q=80&w=600
15,947,2026-05-07T15:23:41,10.8184378,106.6990062,https://images.unsplash.com/photo-1484723088339-32383369d5bb?q=80&w=600
15,51,2026-05-07T15:37:41,10.8184173,106.7047992,https://images.unsplash.com/photo-1541529086526-db283c563270?w=200
15,45,2026-05-07T15:43:41,10.7917311,106.6915979,https://images.unsplash.com/photo-1582878826629-29b7ad1cdc43?w=200
15,47,2026-05-07T15:51:41,10.7917311,106.6915979,https://images.unsplash.com/photo-1541529086526-db283c563270?w=200
11,7051,2026-05-07T16:12:16,10.8177969,106.6952017,https://images.unsplash.com/photo-1484723088339-32383369d5bb?q=80&w=600
17,6612,2026-05-07T16:12:16,10.7653975,106.6820352,https://images.unsplash.com/photo-1484723088339-32383369d5bb?q=80&w=600
6,11113,2026-05-07T16:12:16,10.7653742,106.7049428,https://images.unsplash.com/photo-1546069901-ba9599a7e63c?q=80&w=600
17,12770,2026-05-07T17:12:16,10.790554,106.6844072,https://images.unsplash.com/photo-1546069901-ba9599a7e63c?q=80&w=600
10,16698,2026-05-07T18:12:16,10.7935352,106.6897081,https://images.unsplash.com/photo-1565299624946-b28f40a0ae38?q=80&w=600
9,12167,2026-05-07T19:12:16,10.7811599,106.7407608,https://images.unsplash.com/photo-1540189549336-e6e99c3679fe?q=80&w=600
14,831,2026-05-07T20:11:41,10.7728736,106.7062835,https://images.unsplash.com/photo-1484723088339-32383369d5bb?q=80&w=600
12,15168,2026-05-07T20:12:16,10.7633733,106.7076661,https://images.unsplash.com/photo-1567620905732-2d1ec7bb7445?q=80&w=600
17,237,2026-05-07T20:12:16,10.7985189,106.6874636,https://images.unsplash.com/photo-1582878826629-29b7ad1cdc43?w=200
14,890,2026-05-07T20:58:41,10.7680337,106.6938158,https://images.unsplash.com/photo-1512621776951-a57141f2eefd?q=80&w=600
10,5376,2026-05-07T21:12:16,10.8297485,106.7330006,https://images.unsplash.com/photo-1567620905732-2d1ec7bb7445?q=80&w=600
13,56,2026-05-07T22:03:41,10.8491522,106.6365739,https://images.unsplash.com/photo-1571328003758-4a3921661709?w=200
30,16198,2026-05-07T22:12:16,10.7661348,106.6879562,https://images.unsplash.com/photo-1555939594-58d7cb561ad1?q=80&w=600
20,13931,2026-05-07T22:12:16,10.7719542,106.6723403,https://images.unsplash.com/photo-1567620905732-2d1ec7bb7445?q=80&w=600
7,38,2026-05-07T22:12:41,10.7680337,106.6938158,https://images.unsplash.com/photo-1513104890138-7c749659a591?w=200
13,1004,2026-05-07T22:20:41,10.7754972,106.7007063,https://images.unsplash.com/photo-1567620905732-2d1ec7bb7445?q=80&w=600
7,997,2026-05-07T22:27:41,10.7754972,106.7007063,https://images.unsplash.com/photo-1512621776951-a57141f2eefd?q=80&w=600
7,36,2026-05-07T22:53:41,10.767375,106.6941425,https://images.unsplash.com/photo-1571328003758-4a3921661709?w=200
7,1129,2026-05-07T22:54:41,10.7748184,106.6992492,https://images.unsplash.com/photo-1482049016688-2d3e1b311543?q=80&w=600
6,3649,2026-05-07T23:12:16,10.7745642,106.6868565,https://images.unsplash.com/photo-1565299624946-b28f40a0ae38?q=80&w=600
20,6060,2026-05-08T00:12:16,10.7359988,106.670776,https://images.unsplash.com/photo-1565299624946-b28f40a0ae38?q=80&w=600
7,1173,2026-05-08T01:10:41,10.8005534,106.7246028,https://images.unsplash.com/photo-1567620905732-2d1ec7bb7445?q=80&w=600
9,10761,2026-05-08T01:12:16,10.7922051,106.6426767,https://images.unsplash.com/photo-1484723088339-32383369d5bb?q=80&w=600
6,996,2026-05-08T01:15:41,10.7754972,106.7007063,https://images.unsplash.com/photo-1512621776951-a57141f2eefd?q=80&w=600
7,830,2026-05-08T01:24:41,10.7728736,106.7062835,https://images.unsplash.com/photo-1555939594-58d7cb561ad1?q=80&w=600
6,1129,2026-05-08T01:32:41,10.7748184,106.6992492,https://images.unsplash.com/photo-1482049016688-2d3e1b311543?q=80&w=600
6,1120,2026-05-08T01:36:41,10.7718553,106.6975823,https://images.unsplash.com/photo-1482049016688-2d3e1b311543?q=80&w=600
7,898,2026-05-08T01:38:41,10.7680337,106.6938158,https://images.unsplash.com/photo-1555939594-58d7cb561ad1?q=80&w=600
6,962,2026-05-08T01:39:41,10.778168,106.7037041,https://images.unsplash.com/photo-1567620905732-2d1ec7bb7445?q=80&w=600
25,996,2026-05-08T01:43:41,10.7754972,106.7007063,https://images.unsplash.com/photo-1512621776951-a57141f2eefd?q=80&w=600
25,902,2026-05-08T01:56:41,10.7684684,106.6938884,https://images.unsplash.com/photo-1567620905732-2d1ec7bb7445?q=80&w=600
7,1013,2026-05-08T01:57:41,10.7754764,106.6956779,https://images.unsplash.com/photo-1555939594-58d7cb561ad1?q=80&w=600
6,66,2026-05-08T01:58:41,10.778168,106.7037041,https://images.unsplash.com/photo-1513104890138-7c749659a591?w=200
24,16289,2026-05-08T02:12:16,10.7624821,106.655196,https://images.unsplash.com/photo-1555939594-58d7cb561ad1?q=80&w=600
20,16240,2026-05-08T04:12:16,10.7814124,106.6908524,https://images.unsplash.com/photo-1555939594-58d7cb561ad1?q=80&w=600
6,609,2026-05-08T04:12:16,10.77734,106.700248,https://images.unsplash.com/photo-1582878826629-29b7ad1cdc43?w=200
6,281,2026-05-08T04:12:16,10.7768577,106.7024065,https://images.unsplash.com/photo-1582878826629-29b7ad1cdc43?w=200
19,25,2026-05-08T06:00:41,10.8029924,106.6995844,https://images.unsplash.com/photo-1582878826629-29b7ad1cdc43?w=200
20,947,2026-05-08T06:17:41,10.8184378,106.6990062,https://images.unsplash.com/photo-1484723088339-32383369d5bb?q=80&w=600
19,49,2026-05-08T06:24:41,10.8184173,106.7047992,https://images.unsplash.com/photo-1582878826629-29b7ad1cdc43?w=200
20,866,2026-05-08T06:26:41,10.8029924,106.6995844,https://images.unsplash.com/photo-1484723088339-32383369d5bb?q=80&w=600
19,941,2026-05-08T06:34:41,10.7666137,106.6922676,https://images.unsplash.com/photo-1540189549336-e6e99c3679fe?q=80&w=600
19,926,2026-05-08T06:39:41,10.8491522,106.6365739,https://images.unsplash.com/photo-1567620905732-2d1ec7bb7445?q=80&w=600
19,25,2026-05-08T06:41:41,10.8029924,106.6995844,https://images.unsplash.com/photo-1582878826629-29b7ad1cdc43?w=200
20,41,2026-05-08T06:49:41,10.7684684,106.6938884,https://images.unsplash.com/photo-1582878826629-29b7ad1cdc43?w=200
6,4121,2026-05-08T07:12:16,10.7327247,106.7086924,https://images.unsplash.com/photo-1546069901-ba9599a7e63c?q=80&w=600
8,894,2026-05-08T07:18:41,10.7680337,106.6938158,https://images.unsplash.com/photo-1512621776951-a57141f2eefd?q=80&w=600
8,33,2026-05-08T07:51:41,10.767375,106.6941425,https://images.unsplash.com/photo-1582878826629-29b7ad1cdc43?w=200
8,45,2026-05-08T07:56:41,10.7917311,106.6915979,https://images.unsplash.com/photo-1582878826629-29b7ad1cdc43?w=200
23,11760,2026-05-08T08:12:16,10.7828693,106.7515473,https://images.unsplash.com/photo-1484723088339-32383369d5bb?q=80&w=600
12,11991,2026-05-08T08:12:16,10.7246737,106.7093819,https://images.unsplash.com/photo-1555939594-58d7cb561ad1?q=80&w=600
24,866,2026-05-08T08:17:41,10.8029924,106.6995844,https://images.unsplash.com/photo-1484723088339-32383369d5bb?q=80&w=600
24,53,2026-05-08T08:25:41,10.8491522,106.6365739,https://images.unsplash.com/photo-1582878826629-29b7ad1cdc43?w=200
23,829,2026-05-08T08:30:41,10.7728736,106.7062835,https://images.unsplash.com/photo-1565299624946-b28f40a0ae38?q=80&w=600
23,55,2026-05-08T08:33:41,10.8491522,106.6365739,https://images.unsplash.com/photo-1541529086526-db283c563270?w=200
23,83,2026-05-08T08:44:41,10.7754972,106.7007063,https://images.unsplash.com/photo-1541529086526-db283c563270?w=200
23,835,2026-05-08T08:59:41,10.7728736,106.7062835,https://images.unsplash.com/photo-1484723088339-32383369d5bb?q=80&w=600
30,5922,2026-05-08T09:12:16,10.8492914,106.7999672,https://images.unsplash.com/photo-1565299624946-b28f40a0ae38?q=80&w=600
9,13014,2026-05-08T09:12:16,10.7689793,106.6994925,https://images.unsplash.com/photo-1512621776951-a57141f2eefd?q=80&w=600
23,10444,2026-05-08T09:12:16,10.7728199,106.7252577,https://images.unsplash.com/photo-1484723088339-32383369d5bb?q=80&w=600
6,3399,2026-05-08T10:12:16,10.7807511,106.6938626,https://images.unsplash.com/photo-1567620905732-2d1ec7bb7445?q=80&w=600
30,4485,2026-05-08T10:12:16,10.7903239,106.7100816,https://images.unsplash.com/photo-1546069901-ba9599a7e63c?q=80&w=600
17,9,2026-05-08T10:39:41,10.789502,106.711158,https://images.unsplash.com/photo-1582878826629-29b7ad1cdc43?w=200
17,912,2026-05-08T10:39:41,10.7917311,106.6915979,https://images.unsplash.com/photo-1484723088339-32383369d5bb?q=80&w=600
22,95,2026-05-08T11:10:41,10.7662887,106.7077614,https://images.unsplash.com/photo-1541529086526-db283c563270?w=200
22,39,2026-05-08T11:18:41,10.7680337,106.6938158,https://images.unsplash.com/photo-1541529086526-db283c563270?w=200
21,964,2026-05-08T11:23:41,10.778168,106.7037041,https://images.unsplash.com/photo-1484723088339-32383369d5bb?q=80&w=600
22,846,2026-05-08T11:39:41,10.7807008,106.7067111,https://images.unsplash.com/photo-1567620905732-2d1ec7bb7445?q=80&w=600
22,917,2026-05-08T11:39:41,10.7917311,106.6915979,https://images.unsplash.com/photo-1482049016688-2d3e1b311543?q=80&w=600
21,27,2026-05-08T11:43:41,10.8029924,106.6995844,https://images.unsplash.com/photo-1541529086526-db283c563270?w=200
21,43,2026-05-08T11:49:41,10.7684684,106.6938884,https://images.unsplash.com/photo-1541529086526-db283c563270?w=200
21,59,2026-05-08T11:57:41,10.7666137,106.6922676,https://images.unsplash.com/photo-1541529086526-db283c563270?w=200
10,876,2026-05-08T12:01:41,10.8062565,106.6949559,https://images.unsplash.com/photo-1482049016688-2d3e1b311543?q=80&w=600
11,95,2026-05-08T12:25:41,10.7662887,106.7077614,https://images.unsplash.com/photo-1541529086526-db283c563270?w=200
9,1006,2026-05-08T12:30:41,10.7754972,106.7007063,https://images.unsplash.com/photo-1540189549336-e6e99c3679fe?q=80&w=600
9,31,2026-05-08T12:39:41,10.8062565,106.6949559,https://images.unsplash.com/photo-1541529086526-db283c563270?w=200
10,9,2026-05-08T12:42:41,10.789502,106.711158,https://images.unsplash.com/photo-1582878826629-29b7ad1cdc43?w=200
9,91,2026-05-08T12:44:41,10.7743953,106.7040996,https://images.unsplash.com/photo-1541529086526-db283c563270?w=200
10,3,2026-05-08T12:46:41,10.768208,106.6841501,https://images.unsplash.com/photo-1541529086526-db283c563270?w=200
10,926,2026-05-08T12:53:41,10.8491522,106.6365739,https://images.unsplash.com/photo-1567620905732-2d1ec7bb7445?q=80&w=600
9,921,2026-05-08T12:54:41,10.8184173,106.7047992,https://images.unsplash.com/photo-1567620905732-2d1ec7bb7445?q=80&w=600
11,39,2026-05-08T12:57:41,10.7680337,106.6938158,https://images.unsplash.com/photo-1541529086526-db283c563270?w=200
14,926,2026-05-08T13:06:41,10.8491522,106.6365739,https://images.unsplash.com/photo-1567620905732-2d1ec7bb7445?q=80&w=600
14,61,2026-05-08T13:48:41,10.8184378,106.6990062,https://images.unsplash.com/photo-1582878826629-29b7ad1cdc43?w=200
14,894,2026-05-08T13:59:41,10.7680337,106.6938158,https://images.unsplash.com/photo-1512621776951-a57141f2eefd?q=80&w=600
23,10129,2026-05-08T14:12:16,10.7714689,106.692371,https://images.unsplash.com/photo-1546069901-ba9599a7e63c?q=80&w=600
20,7991,2026-05-08T14:12:16,10.7624433,106.6684,https://images.unsplash.com/photo-1540189549336-e6e99c3679fe?q=80&w=600
10,12199,2026-05-08T15:12:16,10.7856744,106.7648427,https://images.unsplash.com/photo-1567620905732-2d1ec7bb7445?q=80&w=600
15,73,2026-05-08T15:13:41,10.7762829,106.7042247,https://images.unsplash.com/photo-1582878826629-29b7ad1cdc43?w=200
15,71,2026-05-08T15:55:41,10.7826304,106.6972822,https://images.unsplash.com/photo-1541529086526-db283c563270?w=200
24,4250,2026-05-08T16:12:16,10.7873014,106.6637587,https://images.unsplash.com/photo-1546069901-ba9599a7e63c?q=80&w=600
9,285,2026-05-08T16:12:16,10.744303,106.690393,https://images.unsplash.com/photo-1582878826629-29b7ad1cdc43?w=200
20,725,2026-05-08T17:12:16,10.7297073,106.7198694,https://images.unsplash.com/photo-1582878826629-29b7ad1cdc43?w=200
24,4090,2026-05-08T18:12:16,10.7293411,106.7089901,https://images.unsplash.com/photo-1482049016688-2d3e1b311543?q=80&w=600
16,13,2026-05-08T18:21:41,10.7728736,106.7062835,https://images.unsplash.com/photo-1582878826629-29b7ad1cdc43?w=200
16,806,2026-05-08T18:22:41,10.768208,106.6841501,https://images.unsplash.com/photo-1512621776951-a57141f2eefd?q=80&w=600
12,7999,2026-05-08T19:12:16,10.7923214,106.7089215,https://images.unsplash.com/photo-1512621776951-a57141f2eefd?q=80&w=600
22,8158,2026-05-08T19:12:16,10.7946714,106.7526081,https://images.unsplash.com/photo-1484723088339-32383369d5bb?q=80&w=600
12,10729,2026-05-08T19:12:16,10.8092321,106.7339752,https://images.unsplash.com/photo-1565299624946-b28f40a0ae38?q=80&w=600
12,63,2026-05-08T20:03:41,10.8184378,106.6990062,https://images.unsplash.com/photo-1541529086526-db283c563270?w=200
20,261,2026-05-08T20:12:16,10.7956297,106.6949528,https://images.unsplash.com/photo-1582878826629-29b7ad1cdc43?w=200
12,5070,2026-05-08T20:12:16,10.7706888,106.6696459,https://images.unsplash.com/photo-1567620905732-2d1ec7bb7445?q=80&w=600
12,958,2026-05-08T20:14:41,10.778168,106.7037041,https://images.unsplash.com/photo-1482049016688-2d3e1b311543?q=80&w=600
18,83,2026-05-08T20:18:41,10.7754972,106.7007063,https://images.unsplash.com/photo-1541529086526-db283c563270?w=200
12,91,2026-05-08T20:21:41,10.7743953,106.7040996,https://images.unsplash.com/photo-1541529086526-db283c563270?w=200
18,35,2026-05-08T20:26:41,10.767375,106.6941425,https://images.unsplash.com/photo-1541529086526-db283c563270?w=200
18,806,2026-05-08T20:30:41,10.768208,106.6841501,https://images.unsplash.com/photo-1512621776951-a57141f2eefd?q=80&w=600
18,39,2026-05-08T20:37:41,10.7680337,106.6938158,https://images.unsplash.com/photo-1541529086526-db283c563270?w=200
12,83,2026-05-08T20:51:41,10.7754972,106.7007063,https://images.unsplash.com/photo-1541529086526-db283c563270?w=200
18,25,2026-05-08T20:57:41,10.8029924,106.6995844,https://images.unsplash.com/photo-1582878826629-29b7ad1cdc43?w=200
23,14279,2026-05-08T21:12:16,10.8139864,106.7335904,https://images.unsplash.com/photo-1555939594-58d7cb561ad1?q=80&w=600
17,105,2026-05-08T21:12:16,10.7797991,106.6949139,https://images.unsplash.com/photo-1582878826629-29b7ad1cdc43?w=200
22,7816,2026-05-08T21:12:16,10.7428039,106.6126558,https://images.unsplash.com/photo-1482049016688-2d3e1b311543?q=80&w=600
13,833,2026-05-08T23:26:41,10.7728736,106.7062835,https://images.unsplash.com/photo-1565299624946-b28f40a0ae38?q=80&w=600
13,1179,2026-05-08T23:39:41,10.7838752,106.6992161,https://images.unsplash.com/photo-1565299624946-b28f40a0ae38?q=80&w=600
13,66,2026-05-08T23:46:41,10.778168,106.7037041,https://images.unsplash.com/photo-1513104890138-7c749659a591?w=200
13,84,2026-05-08T23:51:41,10.7754972,106.7007063,https://images.unsplash.com/photo-1571328003758-4a3921661709?w=200
7,1193,2026-05-09T00:39:41,10.767809,106.688677,https://images.unsplash.com/photo-1546069901-ba9599a7e63c?q=80&w=600
7,12,2026-05-09T00:42:41,10.789502,106.711158,https://images.unsplash.com/photo-1571328003758-4a3921661709?w=200
13,1119,2026-05-09T01:04:41,10.7718553,106.6975823,https://images.unsplash.com/photo-1484723088339-32383369d5bb?q=80&w=600
13,22,2026-05-09T01:06:41,10.7732882,106.7040253,https://images.unsplash.com/photo-1513104890138-7c749659a591?w=200
25,1120,2026-05-09T01:07:41,10.7718553,106.6975823,https://images.unsplash.com/photo-1482049016688-2d3e1b311543?q=80&w=600
17,13665,2026-05-09T01:12:16,10.7916305,106.6861746,https://images.unsplash.com/photo-1540189549336-e6e99c3679fe?q=80&w=600
6,855,2026-05-09T01:15:41,10.7732882,106.7040253,https://images.unsplash.com/photo-1546069901-ba9599a7e63c?q=80&w=600
25,1120,2026-05-09T01:37:41,10.7718553,106.6975823,https://images.unsplash.com/photo-1482049016688-2d3e1b311543?q=80&w=600
6,46,2026-05-09T01:37:41,10.7917311,106.6915979,https://images.unsplash.com/photo-1513104890138-7c749659a591?w=200
13,2,2026-05-09T01:41:41,10.768208,106.6841501,https://images.unsplash.com/photo-1513104890138-7c749659a591?w=200
13,909,2026-05-09T01:43:41,10.7917311,106.6915979,https://images.unsplash.com/photo-1540189549336-e6e99c3679fe?q=80&w=600
25,2,2026-05-09T01:47:41,10.768208,106.6841501,https://images.unsplash.com/photo-1513104890138-7c749659a591?w=200
12,13142,2026-05-09T03:12:16,10.7793231,106.6675294,https://images.unsplash.com/photo-1482049016688-2d3e1b311543?q=80&w=600
23,16259,2026-05-09T04:12:16,10.7517208,106.6627352,https://images.unsplash.com/photo-1565299624946-b28f40a0ae38?q=80&w=600
23,8423,2026-05-09T05:12:16,10.7771167,106.6996747,https://images.unsplash.com/photo-1555939594-58d7cb561ad1?q=80&w=600
24,829,2026-05-09T06:02:41,10.7728736,106.7062835,https://images.unsplash.com/photo-1565299624946-b28f40a0ae38?q=80&w=600
24,829,2026-05-09T06:13:41,10.7728736,106.7062835,https://images.unsplash.com/photo-1565299624946-b28f40a0ae38?q=80&w=600
24,884,2026-05-09T06:19:41,10.767375,106.6941425,https://images.unsplash.com/photo-1565299624946-b28f40a0ae38?q=80&w=600
20,65,2026-05-09T07:03:41,10.778168,106.7037041,https://images.unsplash.com/photo-1582878826629-29b7ad1cdc43?w=200
20,12188,2026-05-09T07:12:16,10.7861825,106.7645933,https://images.unsplash.com/photo-1482049016688-2d3e1b311543?q=80&w=600
17,14319,2026-05-09T07:12:16,10.8031882,106.7320594,https://images.unsplash.com/photo-1482049016688-2d3e1b311543?q=80&w=600
20,827,2026-05-09T07:17:41,10.789502,106.711158,https://images.unsplash.com/photo-1484723088339-32383369d5bb?q=80&w=600
20,884,2026-05-09T07:23:41,10.767375,106.6941425,https://images.unsplash.com/photo-1565299624946-b28f40a0ae38?q=80&w=600
20,29,2026-05-09T07:25:41,10.8062565,106.6949559,https://images.unsplash.com/photo-1582878826629-29b7ad1cdc43?w=200
20,910,2026-05-09T07:28:41,10.7917311,106.6915979,https://images.unsplash.com/photo-1540189549336-e6e99c3679fe?q=80&w=600
19,926,2026-05-09T08:05:41,10.8491522,106.6365739,https://images.unsplash.com/photo-1567620905732-2d1ec7bb7445?q=80&w=600
19,33,2026-05-09T08:06:41,10.767375,106.6941425,https://images.unsplash.com/photo-1582878826629-29b7ad1cdc43?w=200
19,827,2026-05-09T08:16:41,10.789502,106.711158,https://images.unsplash.com/photo-1484723088339-32383369d5bb?q=80&w=600
8,980,2026-05-09T08:18:41,10.7762829,106.7042247,https://images.unsplash.com/photo-1540189549336-e6e99c3679fe?q=80&w=600
8,25,2026-05-09T08:36:41,10.8029924,106.6995844,https://images.unsplash.com/photo-1582878826629-29b7ad1cdc43?w=200
8,802,2026-05-09T08:46:41,10.768208,106.6841501,https://images.unsplash.com/photo-1546069901-ba9599a7e63c?q=80&w=600
19,912,2026-05-09T08:54:41,10.7917311,106.6915979,https://images.unsplash.com/photo-1484723088339-32383369d5bb?q=80&w=600
19,942,2026-05-09T08:59:41,10.7666137,106.6922676,https://images.unsplash.com/photo-1540189549336-e6e99c3679fe?q=80&w=600
9,6889,2026-05-09T09:12:16,10.7779146,106.6896614,https://images.unsplash.com/photo-1482049016688-2d3e1b311543?q=80&w=600
9,9501,2026-05-09T09:12:16,10.7764843,106.704855,https://images.unsplash.com/photo-1540189549336-e6e99c3679fe?q=80&w=600
12,835,2026-05-09T11:02:41,10.7728736,106.7062835,https://images.unsplash.com/photo-1484723088339-32383369d5bb?q=80&w=600
11,67,2026-05-09T11:06:41,10.778168,106.7037041,https://images.unsplash.com/photo-1541529086526-db283c563270?w=200
12,964,2026-05-09T11:07:41,10.778168,106.7037041,https://images.unsplash.com/photo-1484723088339-32383369d5bb?q=80&w=600
23,5730,2026-05-09T11:12:16,10.773632,106.668777,https://images.unsplash.com/photo-1555939594-58d7cb561ad1?q=80&w=600
11,23,2026-05-09T11:15:41,10.7732882,106.7040253,https://images.unsplash.com/photo-1541529086526-db283c563270?w=200
14,960,2026-05-09T11:16:41,10.778168,106.7037041,https://images.unsplash.com/photo-1567620905732-2d1ec7bb7445?q=80&w=600
11,71,2026-05-09T11:17:41,10.7826304,106.6972822,https://images.unsplash.com/photo-1541529086526-db283c563270?w=200
23,970,2026-05-09T11:24:41,10.7826304,106.6972822,https://images.unsplash.com/photo-1567620905732-2d1ec7bb7445?q=80&w=600
12,31,2026-05-09T11:29:41,10.8062565,106.6949559,https://images.unsplash.com/photo-1541529086526-db283c563270?w=200
12,61,2026-05-09T11:32:41,10.8184378,106.6990062,https://images.unsplash.com/photo-1582878826629-29b7ad1cdc43?w=200
21,67,2026-05-09T11:34:41,10.778168,106.7037041,https://images.unsplash.com/photo-1541529086526-db283c563270?w=200
12,33,2026-05-09T11:35:41,10.767375,106.6941425,https://images.unsplash.com/photo-1582878826629-29b7ad1cdc43?w=200
23,47,2026-05-09T11:41:41,10.7917311,106.6915979,https://images.unsplash.com/photo-1541529086526-db283c563270?w=200
21,846,2026-05-09T11:45:41,10.7807008,106.7067111,https://images.unsplash.com/photo-1567620905732-2d1ec7bb7445?q=80&w=600
23,61,2026-05-09T11:50:41,10.8184378,106.6990062,https://images.unsplash.com/photo-1582878826629-29b7ad1cdc43?w=200
11,831,2026-05-09T11:51:41,10.7728736,106.7062835,https://images.unsplash.com/photo-1484723088339-32383369d5bb?q=80&w=600
14,953,2026-05-09T11:52:41,10.8184378,106.6990062,https://images.unsplash.com/photo-1540189549336-e6e99c3679fe?q=80&w=600
23,856,2026-05-09T11:56:41,10.7732882,106.7040253,https://images.unsplash.com/photo-1484723088339-32383369d5bb?q=80&w=600
17,5230,2026-05-09T12:12:16,10.7704885,106.6698605,https://images.unsplash.com/photo-1555939594-58d7cb561ad1?q=80&w=600
22,8832,2026-05-09T12:12:16,10.7479219,106.6820224,https://images.unsplash.com/photo-1512621776951-a57141f2eefd?q=80&w=600
22,932,2026-05-09T12:18:41,10.8491522,106.6365739,https://images.unsplash.com/photo-1546069901-ba9599a7e63c?q=80&w=600
22,938,2026-05-09T12:35:41,10.7666137,106.6922676,https://images.unsplash.com/photo-1512621776951-a57141f2eefd?q=80&w=600
9,876,2026-05-09T12:35:41,10.8062565,106.6949559,https://images.unsplash.com/photo-1482049016688-2d3e1b311543?q=80&w=600
9,1006,2026-05-09T12:37:41,10.7754972,106.7007063,https://images.unsplash.com/photo-1540189549336-e6e99c3679fe?q=80&w=600
22,51,2026-05-09T12:40:41,10.8184173,106.7047992,https://images.unsplash.com/photo-1541529086526-db283c563270?w=200
22,31,2026-05-09T12:58:41,10.8062565,106.6949559,https://images.unsplash.com/photo-1541529086526-db283c563270?w=200
12,4442,2026-05-09T13:12:16,10.7868014,106.689046,https://images.unsplash.com/photo-1555939594-58d7cb561ad1?q=80&w=600
17,41,2026-05-09T14:08:41,10.7684684,106.6938884,https://images.unsplash.com/photo-1582878826629-29b7ad1cdc43?w=200
17,970,2026-05-09T14:21:41,10.7826304,106.6972822,https://images.unsplash.com/photo-1567620905732-2d1ec7bb7445?q=80&w=600
17,41,2026-05-09T14:24:41,10.7684684,106.6938884,https://images.unsplash.com/photo-1582878826629-29b7ad1cdc43?w=200
17,87,2026-05-09T14:50:41,10.7754764,106.6956779,https://images.unsplash.com/photo-1541529086526-db283c563270?w=200
17,63,2026-05-09T14:52:41,10.8184378,106.6990062,https://images.unsplash.com/photo-1541529086526-db283c563270?w=200
9,8764,2026-05-09T16:12:16,10.7405616,106.6990024,https://images.unsplash.com/photo-1540189549336-e6e99c3679fe?q=80&w=600
16,839,2026-05-09T16:32:41,10.7807008,106.7067111,https://images.unsplash.com/photo-1555939594-58d7cb561ad1?q=80&w=600
16,35,2026-05-09T16:35:41,10.767375,106.6941425,https://images.unsplash.com/photo-1541529086526-db283c563270?w=200
16,889,2026-05-09T16:59:41,10.7680337,106.6938158,https://images.unsplash.com/photo-1482049016688-2d3e1b311543?q=80&w=600
6,7485,2026-05-09T17:12:16,10.8038845,106.7371802,https://images.unsplash.com/photo-1565299624946-b28f40a0ae38?q=80&w=600
18,87,2026-05-09T17:27:41,10.7754764,106.6956779,https://images.unsplash.com/photo-1541529086526-db283c563270?w=200
18,912,2026-05-09T17:31:41,10.7917311,106.6915979,https://images.unsplash.com/photo-1484723088339-32383369d5bb?q=80&w=600
18,831,2026-05-09T17:32:41,10.7728736,106.7062835,https://images.unsplash.com/photo-1484723088339-32383369d5bb?q=80&w=600
18,1015,2026-05-09T17:42:41,10.7754764,106.6956779,https://images.unsplash.com/photo-1484723088339-32383369d5bb?q=80&w=600
18,61,2026-05-09T17:52:41,10.8184378,106.6990062,https://images.unsplash.com/photo-1582878826629-29b7ad1cdc43?w=200
22,693,2026-05-09T18:12:16,10.7278506,106.7185037,https://images.unsplash.com/photo-1582878826629-29b7ad1cdc43?w=200
23,15754,2026-05-09T19:12:16,10.8066811,106.7309352,https://images.unsplash.com/photo-1555939594-58d7cb561ad1?q=80&w=600
10,947,2026-05-09T20:03:41,10.8184378,106.6990062,https://images.unsplash.com/photo-1484723088339-32383369d5bb?q=80&w=600
10,876,2026-05-09T20:10:41,10.8062565,106.6949559,https://images.unsplash.com/photo-1482049016688-2d3e1b311543?q=80&w=600
15,35,2026-05-09T20:22:41,10.767375,106.6941425,https://images.unsplash.com/photo-1541529086526-db283c563270?w=200
10,1020,2026-05-09T20:38:41,10.7743953,106.7040996,https://images.unsplash.com/photo-1567620905732-2d1ec7bb7445?q=80&w=600
15,1015,2026-05-09T20:58:41,10.7754764,106.6956779,https://images.unsplash.com/photo-1484723088339-32383369d5bb?q=80&w=600
10,29,2026-05-09T20:59:41,10.8062565,106.6949559,https://images.unsplash.com/photo-1582878826629-29b7ad1cdc43?w=200
17,15775,2026-05-09T21:12:16,10.7677912,106.6926312,https://images.unsplash.com/photo-1512621776951-a57141f2eefd?q=80&w=600
6,5157,2026-05-09T21:12:16,10.7708679,106.6696808,https://images.unsplash.com/photo-1546069901-ba9599a7e63c?q=80&w=600
7,1200,2026-05-10T00:07:41,10.755919,106.676499,https://images.unsplash.com/photo-1512621776951-a57141f2eefd?q=80&w=600
17,12036,2026-05-10T00:12:16,10.7780862,106.753731,https://images.unsplash.com/photo-1482049016688-2d3e1b311543?q=80&w=600
13,946,2026-05-10T00:19:41,10.8184378,106.6990062,https://images.unsplash.com/photo-1482049016688-2d3e1b311543?q=80&w=600
13,82,2026-05-10T00:32:41,10.7754972,106.7007063,https://images.unsplash.com/photo-1513104890138-7c749659a591?w=200
7,812,2026-05-10T00:37:41,10.772698,106.7048299,https://images.unsplash.com/photo-1546069901-ba9599a7e63c?q=80&w=600
6,34,2026-05-10T01:14:41,10.767375,106.6941425,https://images.unsplash.com/photo-1513104890138-7c749659a591?w=200
25,72,2026-05-10T01:17:41,10.7826304,106.6972822,https://images.unsplash.com/photo-1571328003758-4a3921661709?w=200
25,1075,2026-05-10T01:34:41,10.7788067,106.7020073,https://images.unsplash.com/photo-1565299624946-b28f40a0ae38?q=80&w=600
25,874,2026-05-10T01:43:41,10.8062565,106.6949559,https://images.unsplash.com/photo-1540189549336-e6e99c3679fe?q=80&w=600
6,68,2026-05-10T01:50:41,10.778168,106.7037041,https://images.unsplash.com/photo-1571328003758-4a3921661709?w=200
25,992,2026-05-10T01:57:41,10.7760297,106.7047293,https://images.unsplash.com/photo-1546069901-ba9599a7e63c?q=80&w=600
6,1191,2026-05-10T01:58:41,10.767809,106.688677,https://images.unsplash.com/photo-1555939594-58d7cb561ad1?q=80&w=600
20,16240,2026-05-10T03:12:16,10.7814124,106.6908524,https://images.unsplash.com/photo-1555939594-58d7cb561ad1?q=80&w=600
24,15814,2026-05-10T03:12:16,10.790891,106.6870771,https://images.unsplash.com/photo-1565299624946-b28f40a0ae38?q=80&w=600
20,927,2026-05-10T06:00:41,10.8491522,106.6365739,https://images.unsplash.com/photo-1565299624946-b28f40a0ae38?q=80&w=600
20,817,2026-05-10T06:07:41,10.772698,106.7048299,https://images.unsplash.com/photo-1512621776951-a57141f2eefd?q=80&w=600
20,73,2026-05-10T06:20:41,10.7762829,106.7042247,https://images.unsplash.com/photo-1582878826629-29b7ad1cdc43?w=200
20,25,2026-05-10T06:50:41,10.8029924,106.6995844,https://images.unsplash.com/photo-1582878826629-29b7ad1cdc43?w=200
24,856,2026-05-10T07:12:41,10.7732882,106.7040253,https://images.unsplash.com/photo-1484723088339-32383369d5bb?q=80&w=600
24,45,2026-05-10T07:24:41,10.7917311,106.6915979,https://images.unsplash.com/photo-1582878826629-29b7ad1cdc43?w=200
8,884,2026-05-10T08:01:41,10.767375,106.6941425,https://images.unsplash.com/photo-1565299624946-b28f40a0ae38?q=80&w=600
8,17,2026-05-10T08:05:41,10.7807008,106.7067111,https://images.unsplash.com/photo-1582878826629-29b7ad1cdc43?w=200
19,884,2026-05-10T08:05:41,10.767375,106.6941425,https://images.unsplash.com/photo-1565299624946-b28f40a0ae38?q=80&w=600
19,65,2026-05-10T08:45:41,10.778168,106.7037041,https://images.unsplash.com/photo-1582878826629-29b7ad1cdc43?w=200
8,856,2026-05-10T08:54:41,10.7732882,106.7040253,https://images.unsplash.com/photo-1484723088339-32383369d5bb?q=80&w=600
19,980,2026-05-10T08:54:41,10.7762829,106.7042247,https://images.unsplash.com/photo-1540189549336-e6e99c3679fe?q=80&w=600
14,887,2026-05-10T09:03:41,10.767375,106.6941425,https://images.unsplash.com/photo-1482049016688-2d3e1b311543?q=80&w=600
14,19,2026-05-10T09:34:41,10.7807008,106.7067111,https://images.unsplash.com/photo-1541529086526-db283c563270?w=200
14,976,2026-05-10T09:37:41,10.7826304,106.6972822,https://images.unsplash.com/photo-1540189549336-e6e99c3679fe?q=80&w=600
14,975,2026-05-10T09:47:41,10.7826304,106.6972822,https://images.unsplash.com/photo-1512621776951-a57141f2eefd?q=80&w=600
6,3460,2026-05-10T10:12:16,10.7392767,106.7085733,https://images.unsplash.com/photo-1482049016688-2d3e1b311543?q=80&w=600
12,73,2026-05-10T10:24:41,10.7762829,106.7042247,https://images.unsplash.com/photo-1582878826629-29b7ad1cdc43?w=200
12,65,2026-05-10T10:29:41,10.778168,106.7037041,https://images.unsplash.com/photo-1582878826629-29b7ad1cdc43?w=200
12,53,2026-05-10T10:34:41,10.8491522,106.6365739,https://images.unsplash.com/photo-1582878826629-29b7ad1cdc43?w=200
11,965,2026-05-10T11:09:41,10.778168,106.7037041,https://images.unsplash.com/photo-1512621776951-a57141f2eefd?q=80&w=600
23,15328,2026-05-10T11:12:16,10.7958977,106.6673605,https://images.unsplash.com/photo-1546069901-ba9599a7e63c?q=80&w=600
22,11113,2026-05-10T11:12:16,10.7653742,106.7049428,https://images.unsplash.com/photo-1546069901-ba9599a7e63c?q=80&w=600
11,887,2026-05-10T11:21:41,10.767375,106.6941425,https://images.unsplash.com/photo-1482049016688-2d3e1b311543?q=80&w=600
11,889,2026-05-10T11:22:41,10.7680337,106.6938158,https://images.unsplash.com/photo-1482049016688-2d3e1b311543?q=80&w=600
21,876,2026-05-10T11:26:41,10.8062565,106.6949559,https://images.unsplash.com/photo-1482049016688-2d3e1b311543?q=80&w=600
11,67,2026-05-10T11:30:41,10.778168,106.7037041,https://images.unsplash.com/photo-1541529086526-db283c563270?w=200
21,83,2026-05-10T11:51:41,10.7754972,106.7007063,https://images.unsplash.com/photo-1541529086526-db283c563270?w=200
22,1022,2026-05-10T12:08:41,10.7743953,106.7040996,https://images.unsplash.com/photo-1555939594-58d7cb561ad1?q=80&w=600
12,5857,2026-05-10T12:12:16,10.7254777,106.7092096,https://images.unsplash.com/photo-1565299624946-b28f40a0ae38?q=80&w=600
9,51,2026-05-10T12:22:41,10.8184173,106.7047992,https://images.unsplash.com/photo-1541529086526-db283c563270?w=200
15,3,2026-05-10T12:22:41,10.768208,106.6841501,https://images.unsplash.com/photo-1541529086526-db283c563270?w=200
15,23,2026-05-10T12:29:41,10.7732882,106.7040253,https://images.unsplash.com/photo-1541529086526-db283c563270?w=200
22,11,2026-05-10T12:29:41,10.789502,106.711158,https://images.unsplash.com/photo-1541529086526-db283c563270?w=200
9,989,2026-05-10T12:39:41,10.7760297,106.7047293,https://images.unsplash.com/photo-1484723088339-32383369d5bb?q=80&w=600
15,908,2026-05-10T12:40:41,10.7684684,106.6938884,https://images.unsplash.com/photo-1512621776951-a57141f2eefd?q=80&w=600
15,947,2026-05-10T12:59:41,10.8184378,106.6990062,https://images.unsplash.com/photo-1484723088339-32383369d5bb?q=80&w=600
18,19,2026-05-10T13:50:41,10.7807008,106.7067111,https://images.unsplash.com/photo-1541529086526-db283c563270?w=200
18,61,2026-05-10T13:52:41,10.8184378,106.6990062,https://images.unsplash.com/photo-1582878826629-29b7ad1cdc43?w=200
23,65,2026-05-10T15:04:41,10.778168,106.7037041,https://images.unsplash.com/photo-1582878826629-29b7ad1cdc43?w=200
17,884,2026-05-10T15:08:41,10.767375,106.6941425,https://images.unsplash.com/photo-1565299624946-b28f40a0ae38?q=80&w=600
23,29,2026-05-10T15:11:41,10.8062565,106.6949559,https://images.unsplash.com/photo-1582878826629-29b7ad1cdc43?w=200
17,905,2026-05-10T15:16:41,10.7684684,106.6938884,https://images.unsplash.com/photo-1567620905732-2d1ec7bb7445?q=80&w=600
23,37,2026-05-10T15:18:41,10.7680337,106.6938158,https://images.unsplash.com/photo-1582878826629-29b7ad1cdc43?w=200
17,73,2026-05-10T15:38:41,10.7762829,106.7042247,https://images.unsplash.com/photo-1582878826629-29b7ad1cdc43?w=200
23,19,2026-05-10T15:39:41,10.7807008,106.7067111,https://images.unsplash.com/photo-1541529086526-db283c563270?w=200
17,55,2026-05-10T15:45:41,10.8491522,106.6365739,https://images.unsplash.com/photo-1541529086526-db283c563270?w=200
10,31,2026-05-10T16:09:41,10.8062565,106.6949559,https://images.unsplash.com/photo-1541529086526-db283c563270?w=200
10,5,2026-05-10T16:36:41,10.772698,106.7048299,https://images.unsplash.com/photo-1582878826629-29b7ad1cdc43?w=200
10,884,2026-05-10T16:47:41,10.767375,106.6941425,https://images.unsplash.com/photo-1565299624946-b28f40a0ae38?q=80&w=600
10,73,2026-05-10T16:51:41,10.7762829,106.7042247,https://images.unsplash.com/photo-1582878826629-29b7ad1cdc43?w=200
10,7,2026-05-10T16:55:41,10.772698,106.7048299,https://images.unsplash.com/photo-1541529086526-db283c563270?w=200
16,19,2026-05-10T20:07:41,10.7807008,106.7067111,https://images.unsplash.com/photo-1541529086526-db283c563270?w=200
23,16798,2026-05-10T20:12:16,10.7683685,106.6933655,https://images.unsplash.com/photo-1482049016688-2d3e1b311543?q=80&w=600
16,73,2026-05-10T20:54:41,10.7762829,106.7042247,https://images.unsplash.com/photo-1582878826629-29b7ad1cdc43?w=200
16,63,2026-05-10T20:56:41,10.8184378,106.6990062,https://images.unsplash.com/photo-1541529086526-db283c563270?w=200
9,5544,2026-05-10T21:12:16,10.7863243,106.6845743,https://images.unsplash.com/photo-1565299624946-b28f40a0ae38?q=80&w=600
22,10072,2026-05-10T22:12:16,10.8036114,106.7329637,https://images.unsplash.com/photo-1567620905732-2d1ec7bb7445?q=80&w=600
20,6733,2026-05-10T22:12:16,10.7548497,106.6919486,https://images.unsplash.com/photo-1512621776951-a57141f2eefd?q=80&w=600
23,497,2026-05-10T22:12:16,10.7896434,106.7041204,https://images.unsplash.com/photo-1582878826629-29b7ad1cdc43?w=200
20,8938,2026-05-10T23:12:16,10.7994944,106.6143641,https://images.unsplash.com/photo-1546069901-ba9599a7e63c?q=80&w=600
9,12116,2026-05-10T23:12:16,10.7930548,106.6768767,https://images.unsplash.com/photo-1482049016688-2d3e1b311543?q=80&w=600
13,1055,2026-05-11T00:06:41,10.7675882,106.6863944,https://images.unsplash.com/photo-1565299624946-b28f40a0ae38?q=80&w=600
22,8928,2026-05-11T00:12:16,10.749873,106.6440891,https://images.unsplash.com/photo-1540189549336-e6e99c3679fe?q=80&w=600
6,1008,2026-05-11T00:16:41,10.7754764,106.6956779,https://images.unsplash.com/photo-1540189549336-e6e99c3679fe?q=80&w=600
6,898,2026-05-11T00:17:41,10.7680337,106.6938158,https://images.unsplash.com/photo-1555939594-58d7cb561ad1?q=80&w=600
13,1030,2026-05-11T00:21:41,10.7662887,106.7077614,https://images.unsplash.com/photo-1567620905732-2d1ec7bb7445?q=80&w=600
6,58,2026-05-11T00:39:41,10.7666137,106.6922676,https://images.unsplash.com/photo-1513104890138-7c749659a591?w=200
6,16,2026-05-11T00:44:41,10.7728736,106.7062835,https://images.unsplash.com/photo-1571328003758-4a3921661709?w=200
13,1033,2026-05-11T00:47:41,10.7662887,106.7077614,https://images.unsplash.com/photo-1484723088339-32383369d5bb?q=80&w=600
6,80,2026-05-11T00:48:41,10.7760297,106.7047293,https://images.unsplash.com/photo-1571328003758-4a3921661709?w=200
13,946,2026-05-11T00:53:41,10.8184378,106.6990062,https://images.unsplash.com/photo-1482049016688-2d3e1b311543?q=80&w=600
25,920,2026-05-11T01:01:41,10.8184173,106.7047992,https://images.unsplash.com/photo-1512621776951-a57141f2eefd?q=80&w=600
25,54,2026-05-11T01:21:41,10.8491522,106.6365739,https://images.unsplash.com/photo-1513104890138-7c749659a591?w=200
25,897,2026-05-11T01:31:41,10.7680337,106.6938158,https://images.unsplash.com/photo-1555939594-58d7cb561ad1?q=80&w=600
25,1119,2026-05-11T01:46:41,10.7718553,106.6975823,https://images.unsplash.com/photo-1484723088339-32383369d5bb?q=80&w=600
20,15328,2026-05-11T02:12:16,10.7958977,106.6673605,https://images.unsplash.com/photo-1546069901-ba9599a7e63c?q=80&w=600
9,15651,2026-05-11T04:12:16,10.7941947,106.7039132,https://images.unsplash.com/photo-1546069901-ba9599a7e63c?q=80&w=600
17,11741,2026-05-11T04:12:16,10.7832474,106.751971,https://images.unsplash.com/photo-1567620905732-2d1ec7bb7445?q=80&w=600
23,10699,2026-05-11T05:12:16,10.7823261,106.6796323,https://images.unsplash.com/photo-1565299624946-b28f40a0ae38?q=80&w=600
20,856,2026-05-11T06:03:41,10.7732882,106.7040253,https://images.unsplash.com/photo-1484723088339-32383369d5bb?q=80&w=600
20,927,2026-05-11T06:11:41,10.8491522,106.6365739,https://images.unsplash.com/photo-1565299624946-b28f40a0ae38?q=80&w=600
19,9,2026-05-11T06:14:41,10.789502,106.711158,https://images.unsplash.com/photo-1582878826629-29b7ad1cdc43?w=200
20,856,2026-05-11T06:21:41,10.7732882,106.7040253,https://images.unsplash.com/photo-1484723088339-32383369d5bb?q=80&w=600
19,829,2026-05-11T06:23:41,10.7728736,106.7062835,https://images.unsplash.com/photo-1565299624946-b28f40a0ae38?q=80&w=600
8,13,2026-05-11T06:29:41,10.7728736,106.7062835,https://images.unsplash.com/photo-1582878826629-29b7ad1cdc43?w=200
19,970,2026-05-11T06:31:41,10.7826304,106.6972822,https://images.unsplash.com/photo-1567620905732-2d1ec7bb7445?q=80&w=600
20,870,2026-05-11T06:36:41,10.8062565,106.6949559,https://images.unsplash.com/photo-1565299624946-b28f40a0ae38?q=80&w=600
19,866,2026-05-11T06:40:41,10.8029924,106.6995844,https://images.unsplash.com/photo-1484723088339-32383369d5bb?q=80&w=600
8,45,2026-05-11T06:51:41,10.7917311,106.6915979,https://images.unsplash.com/photo-1582878826629-29b7ad1cdc43?w=200
8,37,2026-05-11T06:56:41,10.7680337,106.6938158,https://images.unsplash.com/photo-1582878826629-29b7ad1cdc43?w=200
20,21,2026-05-11T06:59:41,10.7732882,106.7040253,https://images.unsplash.com/photo-1582878826629-29b7ad1cdc43?w=200
24,41,2026-05-11T07:01:41,10.7684684,106.6938884,https://images.unsplash.com/photo-1582878826629-29b7ad1cdc43?w=200
24,960,2026-05-11T07:07:41,10.778168,106.7037041,https://images.unsplash.com/photo-1567620905732-2d1ec7bb7445?q=80&w=600
24,25,2026-05-11T07:09:41,10.8029924,106.6995844,https://images.unsplash.com/photo-1582878826629-29b7ad1cdc43?w=200
17,83,2026-05-11T08:00:41,10.7754972,106.7007063,https://images.unsplash.com/photo-1541529086526-db283c563270?w=200
17,27,2026-05-11T08:11:41,10.8029924,106.6995844,https://images.unsplash.com/photo-1541529086526-db283c563270?w=200
23,10197,2026-05-11T08:12:16,10.889065,106.7756992,https://images.unsplash.com/photo-1484723088339-32383369d5bb?q=80&w=600
17,49,2026-05-11T08:27:41,10.8184173,106.7047992,https://images.unsplash.com/photo-1582878826629-29b7ad1cdc43?w=200
17,57,2026-05-11T08:29:41,10.7666137,106.6922676,https://images.unsplash.com/photo-1582878826629-29b7ad1cdc43?w=200
17,926,2026-05-11T08:43:41,10.8491522,106.6365739,https://images.unsplash.com/photo-1567620905732-2d1ec7bb7445?q=80&w=600
23,9603,2026-05-11T09:12:16,10.7324066,106.7065335,https://images.unsplash.com/photo-1540189549336-e6e99c3679fe?q=80&w=600
12,910,2026-05-11T09:13:41,10.7917311,106.6915979,https://images.unsplash.com/photo-1540189549336-e6e99c3679fe?q=80&w=600
12,894,2026-05-11T09:14:41,10.7680337,106.6938158,https://images.unsplash.com/photo-1512621776951-a57141f2eefd?q=80&w=600
12,918,2026-05-11T09:29:41,10.8184173,106.7047992,https://images.unsplash.com/photo-1555939594-58d7cb561ad1?q=80&w=600
12,71,2026-05-11T09:37:41,10.7826304,106.6972822,https://images.unsplash.com/photo-1541529086526-db283c563270?w=200
12,23,2026-05-11T09:58:41,10.7732882,106.7040253,https://images.unsplash.com/photo-1541529086526-db283c563270?w=200
15,5,2026-05-11T10:48:41,10.772698,106.7048299,https://images.unsplash.com/photo-1582878826629-29b7ad1cdc43?w=200
15,896,2026-05-11T10:51:41,10.7680337,106.6938158,https://images.unsplash.com/photo-1565299624946-b28f40a0ae38?q=80&w=600
9,932,2026-05-11T11:24:41,10.8491522,106.6365739,https://images.unsplash.com/photo-1546069901-ba9599a7e63c?q=80&w=600
11,7,2026-05-11T11:31:41,10.772698,106.7048299,https://images.unsplash.com/photo-1541529086526-db283c563270?w=200
11,819,2026-05-11T11:31:41,10.772698,106.7048299,https://images.unsplash.com/photo-1546069901-ba9599a7e63c?q=80&w=600
9,79,2026-05-11T11:34:41,10.7760297,106.7047293,https://images.unsplash.com/photo-1541529086526-db283c563270?w=200
11,819,2026-05-11T11:37:41,10.772698,106.7048299,https://images.unsplash.com/photo-1546069901-ba9599a7e63c?q=80&w=600
9,71,2026-05-11T11:50:41,10.7826304,106.6972822,https://images.unsplash.com/photo-1541529086526-db283c563270?w=200
9,921,2026-05-11T11:51:41,10.8184173,106.7047992,https://images.unsplash.com/photo-1567620905732-2d1ec7bb7445?q=80&w=600
11,932,2026-05-11T11:52:41,10.8491522,106.6365739,https://images.unsplash.com/photo-1546069901-ba9599a7e63c?q=80&w=600
11,889,2026-05-11T11:53:41,10.7680337,106.6938158,https://images.unsplash.com/photo-1482049016688-2d3e1b311543?q=80&w=600
22,1023,2026-05-11T12:10:41,10.7743953,106.7040996,https://images.unsplash.com/photo-1484723088339-32383369d5bb?q=80&w=600
22,51,2026-05-11T12:11:41,10.8184173,106.7047992,https://images.unsplash.com/photo-1541529086526-db283c563270?w=200
22,79,2026-05-11T12:22:41,10.7760297,106.7047293,https://images.unsplash.com/photo-1541529086526-db283c563270?w=200
21,819,2026-05-11T12:26:41,10.772698,106.7048299,https://images.unsplash.com/photo-1546069901-ba9599a7e63c?q=80&w=600
21,3,2026-05-11T12:33:41,10.768208,106.6841501,https://images.unsplash.com/photo-1541529086526-db283c563270?w=200
21,964,2026-05-11T12:43:41,10.778168,106.7037041,https://images.unsplash.com/photo-1484723088339-32383369d5bb?q=80&w=600
21,846,2026-05-11T12:45:41,10.7807008,106.7067111,https://images.unsplash.com/photo-1567620905732-2d1ec7bb7445?q=80&w=600
22,35,2026-05-11T12:51:41,10.767375,106.6941425,https://images.unsplash.com/photo-1541529086526-db283c563270?w=200
22,1023,2026-05-11T12:52:41,10.7743953,106.7040996,https://images.unsplash.com/photo-1484723088339-32383369d5bb?q=80&w=600
18,802,2026-05-11T13:04:41,10.768208,106.6841501,https://images.unsplash.com/photo-1546069901-ba9599a7e63c?q=80&w=600
18,853,2026-05-11T13:08:41,10.7732882,106.7040253,https://images.unsplash.com/photo-1567620905732-2d1ec7bb7445?q=80&w=600
14,1020,2026-05-11T13:09:41,10.7743953,106.7040996,https://images.unsplash.com/photo-1567620905732-2d1ec7bb7445?q=80&w=600
18,73,2026-05-11T13:17:41,10.7762829,106.7042247,https://images.unsplash.com/photo-1582878826629-29b7ad1cdc43?w=200
14,884,2026-05-11T13:28:41,10.767375,106.6941425,https://images.unsplash.com/photo-1565299624946-b28f40a0ae38?q=80&w=600
14,79,2026-05-11T13:31:41,10.7760297,106.7047293,https://images.unsplash.com/photo-1541529086526-db283c563270?w=200
14,972,2026-05-11T13:39:41,10.7826304,106.6972822,https://images.unsplash.com/photo-1555939594-58d7cb561ad1?q=80&w=600
18,802,2026-05-11T13:52:41,10.768208,106.6841501,https://images.unsplash.com/photo-1546069901-ba9599a7e63c?q=80&w=600
18,976,2026-05-11T13:52:41,10.7826304,106.6972822,https://images.unsplash.com/photo-1540189549336-e6e99c3679fe?q=80&w=600
14,941,2026-05-11T13:59:41,10.7666137,106.6922676,https://images.unsplash.com/photo-1540189549336-e6e99c3679fe?q=80&w=600
23,29,2026-05-11T14:26:41,10.8062565,106.6949559,https://images.unsplash.com/photo-1582878826629-29b7ad1cdc43?w=200
23,9,2026-05-11T14:44:41,10.789502,106.711158,https://images.unsplash.com/photo-1582878826629-29b7ad1cdc43?w=200
16,13,2026-05-11T17:06:41,10.7728736,106.7062835,https://images.unsplash.com/photo-1582878826629-29b7ad1cdc43?w=200
16,942,2026-05-11T17:11:41,10.7666137,106.6922676,https://images.unsplash.com/photo-1540189549336-e6e99c3679fe?q=80&w=600
10,932,2026-05-11T17:20:41,10.8491522,106.6365739,https://images.unsplash.com/photo-1546069901-ba9599a7e63c?q=80&w=600
10,827,2026-05-11T17:30:41,10.789502,106.711158,https://images.unsplash.com/photo-1484723088339-32383369d5bb?q=80&w=600
10,941,2026-05-11T17:45:41,10.7666137,106.6922676,https://images.unsplash.com/photo-1540189549336-e6e99c3679fe?q=80&w=600
10,945,2026-05-11T17:45:41,10.7666137,106.6922676,https://images.unsplash.com/photo-1540189549336-e6e99c3679fe?q=80&w=600
9,15458,2026-05-11T23:12:16,10.7559957,106.6694462,https://images.unsplash.com/photo-1482049016688-2d3e1b311543?q=80&w=600
9,5302,2026-05-11T23:12:16,10.7706334,106.6698981,https://images.unsplash.com/photo-1512621776951-a57141f2eefd?q=80&w=600
7,36,2026-05-11T23:13:41,10.767375,106.6941425,https://images.unsplash.com/photo-1571328003758-4a3921661709?w=200
7,915,2026-05-11T23:13:41,10.7917311,106.6915979,https://images.unsplash.com/photo-1565299624946-b28f40a0ae38?q=80&w=600
7,1008,2026-05-11T23:37:41,10.7754764,106.6956779,https://images.unsplash.com/photo-1540189549336-e6e99c3679fe?q=80&w=600
7,850,2026-05-11T23:50:41,10.7732882,106.7040253,https://images.unsplash.com/photo-1546069901-ba9599a7e63c?q=80&w=600
20,13264,2026-05-12T00:12:16,10.7712827,106.65041,https://images.unsplash.com/photo-1567620905732-2d1ec7bb7445?q=80&w=600
6,1034,2026-05-12T00:18:41,10.7662887,106.7077614,https://images.unsplash.com/photo-1567620905732-2d1ec7bb7445?q=80&w=600
6,48,2026-05-12T00:26:41,10.7917311,106.6915979,https://images.unsplash.com/photo-1571328003758-4a3921661709?w=200
6,971,2026-05-12T00:37:41,10.7826304,106.6972822,https://images.unsplash.com/photo-1484723088339-32383369d5bb?q=80&w=600
6,861,2026-05-12T00:50:41,10.8029924,106.6995844,https://images.unsplash.com/photo-1546069901-ba9599a7e63c?q=80&w=600
7,898,2026-05-12T01:22:41,10.7680337,106.6938158,https://images.unsplash.com/photo-1555939594-58d7cb561ad1?q=80&w=600
7,804,2026-05-12T01:32:41,10.768208,106.6841501,https://images.unsplash.com/photo-1565299624946-b28f40a0ae38?q=80&w=600
9,8865,2026-05-12T04:12:16,10.8542827,106.6560582,https://images.unsplash.com/photo-1540189549336-e6e99c3679fe?q=80&w=600
24,45,2026-05-12T06:05:41,10.7917311,106.6915979,https://images.unsplash.com/photo-1582878826629-29b7ad1cdc43?w=200
24,829,2026-05-12T06:11:41,10.7728736,106.7062835,https://images.unsplash.com/photo-1565299624946-b28f40a0ae38?q=80&w=600
24,806,2026-05-12T06:46:41,10.768208,106.6841501,https://images.unsplash.com/photo-1512621776951-a57141f2eefd?q=80&w=600
20,806,2026-05-12T07:00:41,10.768208,106.6841501,https://images.unsplash.com/photo-1512621776951-a57141f2eefd?q=80&w=600
20,49,2026-05-12T07:13:41,10.8184173,106.7047992,https://images.unsplash.com/photo-1582878826629-29b7ad1cdc43?w=200
8,901,2026-05-12T07:21:41,10.7684684,106.6938884,https://images.unsplash.com/photo-1540189549336-e6e99c3679fe?q=80&w=600
8,1,2026-05-12T07:35:41,10.768208,106.6841501,https://images.unsplash.com/photo-1582878826629-29b7ad1cdc43?w=200
8,57,2026-05-12T07:42:41,10.7666137,106.6922676,https://images.unsplash.com/photo-1582878826629-29b7ad1cdc43?w=200
8,972,2026-05-12T07:45:41,10.7826304,106.6972822,https://images.unsplash.com/photo-1555939594-58d7cb561ad1?q=80&w=600
8,45,2026-05-12T07:48:41,10.7917311,106.6915979,https://images.unsplash.com/photo-1582878826629-29b7ad1cdc43?w=200
19,908,2026-05-12T08:01:41,10.7684684,106.6938884,https://images.unsplash.com/photo-1512621776951-a57141f2eefd?q=80&w=600
19,49,2026-05-12T08:08:41,10.8184173,106.7047992,https://images.unsplash.com/photo-1582878826629-29b7ad1cdc43?w=200
19,5,2026-05-12T08:25:41,10.772698,106.7048299,https://images.unsplash.com/photo-1582878826629-29b7ad1cdc43?w=200
19,829,2026-05-12T08:46:41,10.7728736,106.7062835,https://images.unsplash.com/photo-1565299624946-b28f40a0ae38?q=80&w=600
19,927,2026-05-12T08:56:41,10.8491522,106.6365739,https://images.unsplash.com/photo-1565299624946-b28f40a0ae38?q=80&w=600
10,43,2026-05-12T09:04:41,10.7684684,106.6938884,https://images.unsplash.com/photo-1541529086526-db283c563270?w=200
10,960,2026-05-12T09:09:41,10.778168,106.7037041,https://images.unsplash.com/photo-1567620905732-2d1ec7bb7445?q=80&w=600
10,95,2026-05-12T09:45:41,10.7662887,106.7077614,https://images.unsplash.com/photo-1541529086526-db283c563270?w=200
10,870,2026-05-12T09:54:41,10.8062565,106.6949559,https://images.unsplash.com/photo-1565299624946-b28f40a0ae38?q=80&w=600
11,91,2026-05-12T11:02:41,10.7743953,106.7040996,https://images.unsplash.com/photo-1541529086526-db283c563270?w=200
11,31,2026-05-12T11:12:41,10.8062565,106.6949559,https://images.unsplash.com/photo-1541529086526-db283c563270?w=200
9,819,2026-05-12T11:24:41,10.772698,106.7048299,https://images.unsplash.com/photo-1546069901-ba9599a7e63c?q=80&w=600
9,59,2026-05-12T11:31:41,10.7666137,106.6922676,https://images.unsplash.com/photo-1541529086526-db283c563270?w=200
12,73,2026-05-12T11:32:41,10.7762829,106.7042247,https://images.unsplash.com/photo-1582878826629-29b7ad1cdc43?w=200
12,884,2026-05-12T11:47:41,10.767375,106.6941425,https://images.unsplash.com/photo-1565299624946-b28f40a0ae38?q=80&w=600
12,83,2026-05-12T11:48:41,10.7754972,106.7007063,https://images.unsplash.com/photo-1541529086526-db283c563270?w=200
9,27,2026-05-12T11:54:41,10.8029924,106.6995844,https://images.unsplash.com/photo-1541529086526-db283c563270?w=200
12,27,2026-05-12T11:57:41,10.8029924,106.6995844,https://images.unsplash.com/photo-1541529086526-db283c563270?w=200
12,901,2026-05-12T11:57:41,10.7684684,106.6938884,https://images.unsplash.com/photo-1540189549336-e6e99c3679fe?q=80&w=600
22,23,2026-05-12T12:00:41,10.7732882,106.7040253,https://images.unsplash.com/photo-1541529086526-db283c563270?w=200
21,889,2026-05-12T12:05:41,10.7680337,106.6938158,https://images.unsplash.com/photo-1482049016688-2d3e1b311543?q=80&w=600
22,938,2026-05-12T12:05:41,10.7666137,106.6922676,https://images.unsplash.com/photo-1512621776951-a57141f2eefd?q=80&w=600
22,938,2026-05-12T12:22:41,10.7666137,106.6922676,https://images.unsplash.com/photo-1512621776951-a57141f2eefd?q=80&w=600
22,890,2026-05-12T12:22:41,10.7680337,106.6938158,https://images.unsplash.com/photo-1512621776951-a57141f2eefd?q=80&w=600
21,876,2026-05-12T12:32:41,10.8062565,106.6949559,https://images.unsplash.com/photo-1482049016688-2d3e1b311543?q=80&w=600
21,43,2026-05-12T12:33:41,10.7684684,106.6938884,https://images.unsplash.com/photo-1541529086526-db283c563270?w=200
21,87,2026-05-12T12:53:41,10.7754764,106.6956779,https://images.unsplash.com/photo-1541529086526-db283c563270?w=200
22,3,2026-05-12T12:54:41,10.768208,106.6841501,https://images.unsplash.com/photo-1541529086526-db283c563270?w=200
21,11,2026-05-12T12:59:41,10.789502,106.711158,https://images.unsplash.com/photo-1541529086526-db283c563270?w=200
17,853,2026-05-12T13:00:41,10.7732882,106.7040253,https://images.unsplash.com/photo-1567620905732-2d1ec7bb7445?q=80&w=600
17,45,2026-05-12T13:45:41,10.7917311,106.6915979,https://images.unsplash.com/photo-1582878826629-29b7ad1cdc43?w=200
15,65,2026-05-12T16:31:41,10.778168,106.7037041,https://images.unsplash.com/photo-1582878826629-29b7ad1cdc43?w=200
15,39,2026-05-12T16:39:41,10.7680337,106.6938158,https://images.unsplash.com/photo-1541529086526-db283c563270?w=200
15,23,2026-05-12T16:40:41,10.7732882,106.7040253,https://images.unsplash.com/photo-1541529086526-db283c563270?w=200
15,921,2026-05-12T16:52:41,10.8184173,106.7047992,https://images.unsplash.com/photo-1567620905732-2d1ec7bb7445?q=80&w=600
16,912,2026-05-12T17:01:41,10.7917311,106.6915979,https://images.unsplash.com/photo-1484723088339-32383369d5bb?q=80&w=600
23,39,2026-05-12T17:12:41,10.7680337,106.6938158,https://images.unsplash.com/photo-1541529086526-db283c563270?w=200
16,25,2026-05-12T17:20:41,10.8029924,106.6995844,https://images.unsplash.com/photo-1582878826629-29b7ad1cdc43?w=200
23,978,2026-05-12T17:21:41,10.7762829,106.7042247,https://images.unsplash.com/photo-1482049016688-2d3e1b311543?q=80&w=600
23,965,2026-05-12T17:38:41,10.778168,106.7037041,https://images.unsplash.com/photo-1512621776951-a57141f2eefd?q=80&w=600
16,33,2026-05-12T17:41:41,10.767375,106.6941425,https://images.unsplash.com/photo-1582878826629-29b7ad1cdc43?w=200
16,932,2026-05-12T17:51:41,10.8491522,106.6365739,https://images.unsplash.com/photo-1546069901-ba9599a7e63c?q=80&w=600
16,17,2026-05-12T17:57:41,10.7807008,106.7067111,https://images.unsplash.com/photo-1582878826629-29b7ad1cdc43?w=200
23,835,2026-05-12T17:58:41,10.7728736,106.7062835,https://images.unsplash.com/photo-1484723088339-32383369d5bb?q=80&w=600
14,972,2026-05-12T18:16:41,10.7826304,106.6972822,https://images.unsplash.com/photo-1555939594-58d7cb561ad1?q=80&w=600
14,21,2026-05-12T18:32:41,10.7732882,106.7040253,https://images.unsplash.com/photo-1582878826629-29b7ad1cdc43?w=200
14,65,2026-05-12T18:57:41,10.778168,106.7037041,https://images.unsplash.com/photo-1582878826629-29b7ad1cdc43?w=200
18,31,2026-05-12T19:23:41,10.8062565,106.6949559,https://images.unsplash.com/photo-1541529086526-db283c563270?w=200
18,980,2026-05-12T19:38:41,10.7762829,106.7042247,https://images.unsplash.com/photo-1540189549336-e6e99c3679fe?q=80&w=600
25,824,2026-05-12T22:36:41,10.789502,106.711158,https://images.unsplash.com/photo-1484723088339-32383369d5bb?q=80&w=600
25,84,2026-05-12T22:46:41,10.7754972,106.7007063,https://images.unsplash.com/photo-1571328003758-4a3921661709?w=200
13,1200,2026-05-12T23:11:41,10.755919,106.676499,https://images.unsplash.com/photo-1512621776951-a57141f2eefd?q=80&w=600
13,32,2026-05-12T23:31:41,10.8062565,106.6949559,https://images.unsplash.com/photo-1571328003758-4a3921661709?w=200
13,971,2026-05-12T23:34:41,10.7826304,106.6972822,https://images.unsplash.com/photo-1484723088339-32383369d5bb?q=80&w=600
13,834,2026-05-12T23:38:41,10.7728736,106.7062835,https://images.unsplash.com/photo-1482049016688-2d3e1b311543?q=80&w=600
13,920,2026-05-12T23:46:41,10.8184173,106.7047992,https://images.unsplash.com/photo-1512621776951-a57141f2eefd?q=80&w=600
13,1129,2026-05-13T00:07:41,10.7748184,106.6992492,https://images.unsplash.com/photo-1482049016688-2d3e1b311543?q=80&w=600
13,812,2026-05-13T00:08:41,10.772698,106.7048299,https://images.unsplash.com/photo-1546069901-ba9599a7e63c?q=80&w=600
6,34,2026-05-13T00:17:41,10.767375,106.6941425,https://images.unsplash.com/photo-1513104890138-7c749659a591?w=200
7,934,2026-05-13T00:24:41,10.7666137,106.6922676,https://images.unsplash.com/photo-1484723088339-32383369d5bb?q=80&w=600
13,1129,2026-05-13T00:27:41,10.7748184,106.6992492,https://images.unsplash.com/photo-1482049016688-2d3e1b311543?q=80&w=600
13,834,2026-05-13T00:37:41,10.7728736,106.7062835,https://images.unsplash.com/photo-1482049016688-2d3e1b311543?q=80&w=600
6,1200,2026-05-13T00:43:41,10.755919,106.676499,https://images.unsplash.com/photo-1512621776951-a57141f2eefd?q=80&w=600
6,84,2026-05-13T00:47:41,10.7754972,106.7007063,https://images.unsplash.com/photo-1571328003758-4a3921661709?w=200
13,992,2026-05-13T00:50:41,10.7760297,106.7047293,https://images.unsplash.com/photo-1546069901-ba9599a7e63c?q=80&w=600
7,832,2026-05-13T00:53:41,10.7728736,106.7062835,https://images.unsplash.com/photo-1567620905732-2d1ec7bb7445?q=80&w=600
6,2,2026-05-13T00:54:41,10.768208,106.6841501,https://images.unsplash.com/photo-1513104890138-7c749659a591?w=200
25,62,2026-05-13T01:13:41,10.8184378,106.6990062,https://images.unsplash.com/photo-1513104890138-7c749659a591?w=200
25,2,2026-05-13T01:14:41,10.768208,106.6841501,https://images.unsplash.com/photo-1513104890138-7c749659a591?w=200
9,12096,2026-05-13T03:12:16,10.8844346,106.7832242,https://images.unsplash.com/photo-1540189549336-e6e99c3679fe?q=80&w=600
24,65,2026-05-13T06:03:41,10.778168,106.7037041,https://images.unsplash.com/photo-1582878826629-29b7ad1cdc43?w=200
24,980,2026-05-13T06:13:41,10.7762829,106.7042247,https://images.unsplash.com/photo-1540189549336-e6e99c3679fe?q=80&w=600
8,896,2026-05-13T06:23:41,10.7680337,106.6938158,https://images.unsplash.com/photo-1565299624946-b28f40a0ae38?q=80&w=600
8,13,2026-05-13T06:32:41,10.7728736,106.7062835,https://images.unsplash.com/photo-1582878826629-29b7ad1cdc43?w=200
24,896,2026-05-13T06:50:41,10.7680337,106.6938158,https://images.unsplash.com/photo-1565299624946-b28f40a0ae38?q=80&w=600
20,57,2026-05-13T07:06:41,10.7666137,106.6922676,https://images.unsplash.com/photo-1582878826629-29b7ad1cdc43?w=200
19,817,2026-05-13T07:42:41,10.772698,106.7048299,https://images.unsplash.com/photo-1512621776951-a57141f2eefd?q=80&w=600
19,947,2026-05-13T07:44:41,10.8184378,106.6990062,https://images.unsplash.com/photo-1484723088339-32383369d5bb?q=80&w=600
19,29,2026-05-13T07:47:41,10.8062565,106.6949559,https://images.unsplash.com/photo-1582878826629-29b7ad1cdc43?w=200
20,13,2026-05-13T07:47:41,10.7728736,106.7062835,https://images.unsplash.com/photo-1582878826629-29b7ad1cdc43?w=200
19,894,2026-05-13T07:49:41,10.7680337,106.6938158,https://images.unsplash.com/photo-1512621776951-a57141f2eefd?q=80&w=600
18,1006,2026-05-13T08:07:41,10.7754972,106.7007063,https://images.unsplash.com/photo-1540189549336-e6e99c3679fe?q=80&w=600
18,989,2026-05-13T08:08:41,10.7760297,106.7047293,https://images.unsplash.com/photo-1484723088339-32383369d5bb?q=80&w=600
18,975,2026-05-13T08:20:41,10.7826304,106.6972822,https://images.unsplash.com/photo-1512621776951-a57141f2eefd?q=80&w=600
18,43,2026-05-13T08:28:41,10.7684684,106.6938884,https://images.unsplash.com/photo-1541529086526-db283c563270?w=200
18,3,2026-05-13T08:37:41,10.768208,106.6841501,https://images.unsplash.com/photo-1541529086526-db283c563270?w=200
12,73,2026-05-13T09:04:41,10.7762829,106.7042247,https://images.unsplash.com/photo-1582878826629-29b7ad1cdc43?w=200
12,976,2026-05-13T09:08:41,10.7826304,106.6972822,https://images.unsplash.com/photo-1540189549336-e6e99c3679fe?q=80&w=600
12,67,2026-05-13T09:48:41,10.778168,106.7037041,https://images.unsplash.com/photo-1541529086526-db283c563270?w=200
12,59,2026-05-13T09:54:41,10.7666137,106.6922676,https://images.unsplash.com/photo-1541529086526-db283c563270?w=200
17,980,2026-05-13T10:05:41,10.7762829,106.7042247,https://images.unsplash.com/photo-1540189549336-e6e99c3679fe?q=80&w=600
17,827,2026-05-13T10:20:41,10.789502,106.711158,https://images.unsplash.com/photo-1484723088339-32383369d5bb?q=80&w=600
11,965,2026-05-13T11:02:41,10.778168,106.7037041,https://images.unsplash.com/photo-1512621776951-a57141f2eefd?q=80&w=600
11,1020,2026-05-13T11:08:41,10.7743953,106.7040996,https://images.unsplash.com/photo-1567620905732-2d1ec7bb7445?q=80&w=600
11,15,2026-05-13T11:15:41,10.7728736,106.7062835,https://images.unsplash.com/photo-1541529086526-db283c563270?w=200
11,67,2026-05-13T11:25:41,10.778168,106.7037041,https://images.unsplash.com/photo-1541529086526-db283c563270?w=200
11,11,2026-05-13T11:28:41,10.789502,106.711158,https://images.unsplash.com/photo-1541529086526-db283c563270?w=200
21,91,2026-05-13T12:00:41,10.7743953,106.7040996,https://images.unsplash.com/photo-1541529086526-db283c563270?w=200
14,806,2026-05-13T12:08:41,10.768208,106.6841501,https://images.unsplash.com/photo-1512621776951-a57141f2eefd?q=80&w=600
22,19,2026-05-13T12:10:41,10.7807008,106.7067111,https://images.unsplash.com/photo-1541529086526-db283c563270?w=200
9,889,2026-05-13T12:11:41,10.7680337,106.6938158,https://images.unsplash.com/photo-1482049016688-2d3e1b311543?q=80&w=600
21,3,2026-05-13T12:13:41,10.768208,106.6841501,https://images.unsplash.com/photo-1541529086526-db283c563270?w=200
10,83,2026-05-13T12:14:41,10.7754972,106.7007063,https://images.unsplash.com/photo-1541529086526-db283c563270?w=200
22,964,2026-05-13T12:16:41,10.778168,106.7037041,https://images.unsplash.com/photo-1484723088339-32383369d5bb?q=80&w=600
10,965,2026-05-13T12:18:41,10.778168,106.7037041,https://images.unsplash.com/photo-1512621776951-a57141f2eefd?q=80&w=600
22,59,2026-05-13T12:18:41,10.7666137,106.6922676,https://images.unsplash.com/photo-1541529086526-db283c563270?w=200
22,11,2026-05-13T12:20:41,10.789502,106.711158,https://images.unsplash.com/photo-1541529086526-db283c563270?w=200
14,846,2026-05-13T12:23:41,10.7807008,106.7067111,https://images.unsplash.com/photo-1567620905732-2d1ec7bb7445?q=80&w=600
9,1006,2026-05-13T12:33:41,10.7754972,106.7007063,https://images.unsplash.com/photo-1540189549336-e6e99c3679fe?q=80&w=600
14,61,2026-05-13T12:34:41,10.8184378,106.6990062,https://images.unsplash.com/photo-1582878826629-29b7ad1cdc43?w=200
9,23,2026-05-13T12:35:41,10.7732882,106.7040253,https://images.unsplash.com/photo-1541529086526-db283c563270?w=200
10,880,2026-05-13T12:48:41,10.767375,106.6941425,https://images.unsplash.com/photo-1512621776951-a57141f2eefd?q=80&w=600
14,63,2026-05-13T12:48:41,10.8184378,106.6990062,https://images.unsplash.com/photo-1541529086526-db283c563270?w=200
22,51,2026-05-13T12:51:41,10.8184173,106.7047992,https://images.unsplash.com/photo-1541529086526-db283c563270?w=200
21,95,2026-05-13T12:52:41,10.7662887,106.7077614,https://images.unsplash.com/photo-1541529086526-db283c563270?w=200
14,838,2026-05-13T12:56:41,10.7728736,106.7062835,https://images.unsplash.com/photo-1546069901-ba9599a7e63c?q=80&w=600
15,91,2026-05-13T14:12:41,10.7743953,106.7040996,https://images.unsplash.com/photo-1541529086526-db283c563270?w=200
16,947,2026-05-13T14:16:41,10.8184378,106.6990062,https://images.unsplash.com/photo-1484723088339-32383369d5bb?q=80&w=600
15,980,2026-05-13T14:21:41,10.7762829,106.7042247,https://images.unsplash.com/photo-1540189549336-e6e99c3679fe?q=80&w=600
15,9,2026-05-13T14:21:41,10.789502,106.711158,https://images.unsplash.com/photo-1582878826629-29b7ad1cdc43?w=200
15,921,2026-05-13T14:23:41,10.8184173,106.7047992,https://images.unsplash.com/photo-1567620905732-2d1ec7bb7445?q=80&w=600
15,953,2026-05-13T14:29:41,10.8184378,106.6990062,https://images.unsplash.com/photo-1540189549336-e6e99c3679fe?q=80&w=600
16,856,2026-05-13T14:32:41,10.7732882,106.7040253,https://images.unsplash.com/photo-1484723088339-32383369d5bb?q=80&w=600
23,953,2026-05-13T15:10:41,10.8184378,106.6990062,https://images.unsplash.com/photo-1540189549336-e6e99c3679fe?q=80&w=600
23,887,2026-05-13T15:33:41,10.767375,106.6941425,https://images.unsplash.com/photo-1482049016688-2d3e1b311543?q=80&w=600
23,1,2026-05-13T15:36:41,10.768208,106.6841501,https://images.unsplash.com/photo-1582878826629-29b7ad1cdc43?w=200
